"id","custom_date","master_development","sub_loc_1","sub_loc_2","sub_loc_3","sub_loc_4","total_sales_price_val","sales_price_sqft_unit","sales_price_sqm_unit","unit_size_sqft","unit_size_sqm","unit_type","no_beds","custom_view","maid","study","balcony","plot_size_sqft","plot_size_sqm","developer_type","floor_level","evdnc_name","comments","dev_name","unit_no","sale_sequence"
"12524205","2026-02-05","Palm Jumeirah","Shoreline Apartments","Al Masalli","","","3850000","2434","26183","1582","147.04","Apartment","2","","","","Y","0","0","","9","Title Deed","","Nakheel","","Resale"
"12517974","2026-02-04","Palm Jumeirah","The Crescent","Serenia Living","Serenia Living Tower 1","","10650000","5251","56526","2028","188.41","Apartment","2","","","","Y","0","0","Type 7","15","Oqood","","Palma Holding","","Resale"
"12517992","2026-02-04","Palm Jumeirah","The Crescent","Ellington Beach House","","","6000000","4249","45725","1412","131.22","Apartment","2","","","","Y","0","0","","2","Title Deed","","Ellington Properties","","Resale"
"12518010","2026-02-04","Palm Jumeirah","Palm Beach Towers","Palm Beach Tower 1","","","4900000","3215","34600","1524","141.62","Apartment","2","","","","Y","0","0","","5","Oqood","","Nakheel","","Resale"
"12518014","2026-02-04","Palm Jumeirah","Oceana","Oceana Baltic","","","4000000","2990","32175","1338","124.32","Apartment","1","","","","Y","0","0","","4","Title Deed","","Seven Tides","","Resale"
"12518023","2026-02-04","Palm Jumeirah","Oceana","Oceana Baltic","","","6000000","3511","37786","1709","158.79","Apartment","2","Partial Sea","","","Y","0","0","","4","Title Deed","","Seven Tides","","Resale"
"12517824","2026-02-04","Palm Jumeirah","Marina Residences","Marina Residences 2","","","12900000","3183","34256","4053","376.58","Apartment","3","","","","Y","0","0","","6","Title Deed","","Nakheel","","Resale"
"12523968","2026-02-04","Palm Jumeirah","Seven Palm","","","","1350000","4441","47653","304","28.33","Apartment","s","","","","N","0","0","","M","Title Deed","","Seven Tides","","Resale"
"12517855","2026-02-04","Palm Jumeirah","The Crescent","Azizi Mina","","","1000000","189","2035","5290","491.51","Hotel Apartment","3","","","","Y","0","0","","9","Title Deed","Hotel Apartment","Azizi","","Resale"
"12517861","2026-02-04","Palm Jumeirah","The Crescent","Azizi Mina","","","1000000","119","1285","8377","778.28","Hotel Apartment","3","","","","Y","0","0","","9","Title Deed","Hotel Apartment","Azizi","","Resale"
"12517671","2026-02-03","Palm Jumeirah","Seven Palm","","","","6700000","3468","37326","1932","179.5","Apartment","3","","","","Y","0","0","","14","Title Deed","","Seven Tides","","Resale"
"12512599","2026-02-03","Palm Jumeirah","Palm Beach Towers","Palm Beach Tower 2","","","5900000","3347","36004","1763","163.87","Apartment","2","","","","Y","0","0","","25","Oqood","","Nakheel","","Resale"
"12512634","2026-02-03","Palm Jumeirah","Palm Beach Towers","Palm Beach Tower 3","","","4200000","3596","38674","1168","108.6","Apartment","1","","","","Y","0","0","","37","Oqood","","Nakheel","","Resale"
"12512452","2026-02-03","Palm Jumeirah","The Palm Tower","","","","5650000","5067","54526","1115","103.62","Apartment","1","","","","N","0","0","","41","Title Deed","","Nakheel","","Resale"
"12510015","2026-02-02","Palm Jumeirah","Marina Residences","Marina Residences 3","","","7300000","2994","32220","2438","226.57","Apartment","3","","","","Y","0","0","","9","Title Deed","","Nakheel","","Resale"
"12510271","2026-02-02","Palm Jumeirah","The Crescent","The Alba Residences","The Alba Residences Building 2","","30000000","10424","112183","2878","267.42","Apartment","3","","","","Y","0","0","","7","Oqood","","Omniyat","","Initial Sale"
"12510044","2026-02-02","Palm Jumeirah","The Crescent","Serenia Residences","Serenia Residences West Wing","","10300000","2988","32161","3447","320.26","Apartment","3","","","","Y","0","0","","1","Title Deed","","Palma Holding","","Resale"
"12510055","2026-02-02","Palm Jumeirah","The Crescent","Anantara Residences","Anantara Residences North","","1500000","2732","29406","549","51.01","Apartment","s","","","","Y","0","0","","8","Title Deed","","Seven Tides","","Resale"
"12510126","2026-02-02","Palm Jumeirah","The Crescent","Passo","Passo Tower A- Avita","","13532000","7186","77335","1883","174.98","Apartment","3","","","","Y","0","0","","7","Oqood","","Beyond","","Initial Sale"
"12509675","2026-02-02","Palm Jumeirah","The Crescent","Serenia Living","Serenia Living Tower 2","","19700000","4415","47520","4462","414.56","Apartment","4","","","","Y","0","0","","15","Oqood","","Palma Holding","","Resale"
"12510201","2026-02-02","Palm Jumeirah","Seven Palm","","","","1300000","3037","32647","428","39.82","Apartment","s","","","","Y","0","0","","2","Title Deed","","Seven Tides","","Resale"
"12503086","2026-01-31","Palm Jumeirah","Shoreline Apartments","Jash Hamad","","","5400000","2498","26882","2162","200.88","Apartment","3","","","","Y","0","0","","4","Title Deed","","Nakheel","","Resale"
"12502546","2026-01-30","Palm Jumeirah","The Palm Tower","","","","4550000","4106","44170","1108","103.01","Apartment","1","","","","N","0","0","","21","Title Deed","","Nakheel","","Resale"
"12502554","2026-01-30","Palm Jumeirah","The Fronds","Frond C","","","65000000","13000","139929","5000","464.52","Villa","4","","","","","7374","685.03","","G+1","Title Deed","","Nakheel","","Resale"
"12502564","2026-01-30","Palm Jumeirah","The Crescent","Kempinski Palm Residence","","","7543475","2006","21584","3761","349.5","Apartment","2","","","","Y","0","0","","GF","Title Deed","","Emerald Properties","","Resale"
"12498252","2026-01-30","Palm Jumeirah","The Crescent","The 8","","","7350000","4236","45590","1735","161.22","Apartment","3","","","","Y","0","0","","2","Title Deed","","IFA","","Resale"
"12502610","2026-01-30","Palm Jumeirah","Olaia Residences","","","","3426422","3803","40903","901","83.77","Apartment","1","","","","Y","0","0","","1","Oqood","","Gulf House Development","","Initial Sale"
"12498031","2026-01-30","Palm Jumeirah","Canal Cove Villas","Canal Cove East","","","18500000","4513","48569","4099","380.9","Villa","4","","","","","5060","470.08","","G+1","Title Deed","","Nakheel","","Resale"
"12498037","2026-01-30","Palm Jumeirah","The Fronds","Frond O","","","49500000","9900","106562","5000","464.52","Villa","4","","","","","7336","681.52","","G+1","Title Deed","","Nakheel","","Resale"
"12498069","2026-01-30","Palm Jumeirah","The Fronds","Frond G","","","65000000","0","0","0","0","Villa","","","","","","7660","711.68","","G+1","Title Deed","","","","Resale"
"12497821","2026-01-30","Palm Jumeirah","The Crescent","Luce","","","11300000","3271","35195","3455","321.07","Apartment","3","","","","Y","0","0","","1","Oqood","","Taraf","","Initial Sale"
"12497840","2026-01-30","Palm Jumeirah","Shoreline Apartments","Al Masalli","","","7150000","3588","38603","1993","185.22","Apartment","2","","","","Y","0","0","","6","Title Deed","","Nakheel","","Resale"
"12502450","2026-01-30","Palm Jumeirah","Shoreline Apartments","Al Sarrood","","","6400000","2934","31582","2181","202.65","Apartment","3","","","","Y","0","0","","8","Title Deed","","Nakheel","","Resale"
"12497847","2026-01-30","Palm Jumeirah","The Crescent","Azizi Mina","","","2300000","2408","25904","955","88.79","Hotel Apartment","1","Sea,Swimming Pool","","","Y","0","0","","7","Title Deed","Hotel Apartment","Azizi","","Resale"
"12502971","2026-01-30","Palm Jumeirah","The Crescent","Kempinski Palm Residence","","","7596853","2007","21593","3786","351.82","Apartment","2","","","","Y","0","0","","GF","Title Deed","","Emerald Properties","","Resale"
"12497875","2026-01-30","Palm Jumeirah","The Crescent","The 8","","","8085500","5038","54196","1605","149.19","Hotel Apartment","3","","","","Y","0","0","","6","Title Deed","Hotel Apartment","IFA","","Resale"
"12492828","2026-01-29","Palm Jumeirah","The Crescent","Passo","Passo Tower A- Avita","","9049320","6114","65804","1480","137.52","Apartment","2","","","","Y","0","0","","9","Oqood","","Beyond","","Initial Sale"
"12492845","2026-01-29","Palm Jumeirah","The Crescent","Passo","Passo Tower A- Avita","","13180020","7044","75808","1871","173.86","Apartment","3","","","","Y","0","0","","7","Oqood","","Beyond","","Initial Sale"
"12492334","2026-01-29","Palm Jumeirah","The Crescent","Passo","Passo Tower A- Avita","","4204000","4729","50877","889","82.63","Apartment","1","","","","Y","0","0","","2","Oqood","","Beyond","","Initial Sale"
"12492370","2026-01-29","Palm Jumeirah","The Crescent","Passo","Passo Tower A- Avita","","4648000","4822","51869","964","89.61","Apartment","1","","","","Y","0","0","","2","Oqood","","Beyond","","Initial Sale"
"12492628","2026-01-29","Palm Jumeirah","Seven Palm","","","","1700000","3855","41474","441","40.99","Apartment","s","","","","Y","0","0","","2","Title Deed","","Seven Tides","","Resale"
"12492899","2026-01-29","Palm Jumeirah","Seven Palm","","","","917962","2593","27876","354","32.93","Hotel Apartment","s","","","","Y","0","0","","6","Title Deed","Hotel Apartment","Seven Tides","","Resale"
"12492443","2026-01-29","Palm Jumeirah","The Fronds","Frond G","","","245000000","0","0","0","0","Villa","","","","","","30686","2850.78","","G+1","Title Deed","","","","Resale"
"12492199","2026-01-29","Palm Jumeirah","The Crescent","Serenia Residences","Serenia Residences East Wing","","6125000","3439","37007","1781","165.51","Apartment","2","","","","Y","0","0","","2","Title Deed","","Palma Holding","","Resale"
"12492733","2026-01-29","Palm Jumeirah","The Crescent","Serenia Living","Serenia Living Tower 1","","2700000","1332","14333","2027","188.37","Apartment","2","","","","Y","0","0","","12","Oqood","","Palma Holding","","Resale"
"12492223","2026-01-29","Palm Jumeirah","The Crescent","Passo","Passo Tower A- Avita","","19685260","5220","56189","3771","350.34","Apartment","3","","","","Y","0","0","","6","Oqood","","Beyond","","Initial Sale"
"12497624","2026-01-29","Palm Jumeirah","The Crescent","Serenia Living","Serenia Living Tower 1","","8500000","4939","53138","1721","159.96","Apartment","2","","","","Y","0","0","","9","Oqood","","Palma Holding","","Resale"
"12492273","2026-01-29","Palm Jumeirah","The Palm Tower","","","","6000000","5576","60018","1076","99.97","Apartment","1","","","","N","0","0","","36","Title Deed","","Nakheel","","Resale"
"12485733","2026-01-28","Palm Jumeirah","Canal Cove Villas","Canal Cove West","","","21000000","5528","59485","3799","353.03","Villa","3","","","","","4556","423.26","","G+1","Title Deed","","Nakheel","","Resale"
"12485773","2026-01-28","Palm Jumeirah","Marina Residences","Marina Residences 4","","","15250000","3763","40496","4053","376.58","Apartment","3","","","","Y","0","0","","12","Title Deed","","Nakheel","","Resale"
"12486289","2026-01-28","Palm Jumeirah","The Palm Tower","","","","2300000","4398","47276","523","48.65","Apartment","s","","","","N","0","0","","30","Title Deed","","Nakheel","","Resale"
"12486355","2026-01-28","Palm Jumeirah","Seven Palm","","","","2350000","3287","35370","715","66.44","Apartment","1","","","","Y","0","0","","12","Title Deed","","Seven Tides","","Resale"
"12480810","2026-01-27","Palm Jumeirah","The Crescent","Kempinski Palm Residence","","","5100000","2870","30892","1777","165.09","Apartment","2","","","","Y","0","0","","3","Title Deed","","Emerald Properties","","Resale"
"12480564","2026-01-27","Palm Jumeirah","The Crescent","Grandeur Residences","Maurya","","2150000","1921","20673","1119","104","Apartment","1","","","","Y","0","0","","1","Title Deed","","ETA Ascon","","Resale"
"12480583","2026-01-27","Palm Jumeirah","The Crescent","Passo","Passo Tower A- Avita","","13826000","5026","54092","2751","255.6","Apartment","2","","","","Y","0","0","","10","Oqood","","Beyond","","Initial Sale"
"12480345","2026-01-27","Palm Jumeirah","The Crescent","Passo","Passo Tower A- Avita","","13436000","7354","79128","1827","169.8","Apartment","3","","","","Y","0","0","","12","Oqood","","Beyond","","Initial Sale"
"12480611","2026-01-27","Palm Jumeirah","Shoreline Apartments","Al Hallawi","","","5500000","2546","27396","2160","200.76","Apartment","3","","","","Y","0","0","","7","Title Deed","","Nakheel","","Resale"
"12480758","2026-01-27","Palm Jumeirah","The Fairmont Palm Residences","The Fairmont Palm Residence South","","","7250000","1479","15914","4903","455.58","Apartment","3","","","","Y","0","0","","B1","Title Deed","","IFA","","Resale"
"12477444","2026-01-26","Palm Jumeirah","The Crescent","Passo","Passo Tower A- Avita","","8837640","6198","66689","1426","132.52","Apartment","2","Ocean","","","Y","0","0","","11","Oqood","","Beyond","","Initial Sale"
"12477239","2026-01-26","Palm Jumeirah","Shoreline Apartments","Al Dabas","","","13500000","2790","30035","4838","449.48","Apartment","4","","","","Y","0","0","","LP","Title Deed","","Nakheel","","Resale"
"12477009","2026-01-26","Palm Jumeirah","Seven Palm","","","","2350000","3287","35370","715","66.44","Apartment","1","","","","Y","0","0","","11","Title Deed","","Seven Tides","","Resale"
"12477560","2026-01-26","Palm Jumeirah","The Crescent","Passo","Passo Tower A- Avita","","15446760","6310","67898","2448","227.5","Apartment","3","","","","Y","0","0","","4","Oqood","","Beyond","","Initial Sale"
"12477069","2026-01-26","Palm Jumeirah","The Crescent","Kempinski Palm Residence","","","4311951","2178","23441","1980","183.95","Apartment","2","","","","Y","0","0","","1","Title Deed","","Emerald Properties","","Resale"
"12477096","2026-01-26","Palm Jumeirah","The Crescent","Balqis Residences","Balqis Residence Villas","","25700000","1847","19884","13912","1292.52","Apartment","5","","","","Y","0","0","","G","Title Deed","","IFA","","Resale"
"12477123","2026-01-26","Palm Jumeirah","The Crescent","Kempinski Palm Residence","","","7759637","2006","21588","3868","359.44","Apartment","2","","","","Y","0","0","","GF","Title Deed","","Emerald Properties","","Resale"
"12477127","2026-01-26","Palm Jumeirah","The Crescent","Kempinski Palm Residence","","","4296135","2177","23426","1973","183.39","Apartment","2","","","","Y","0","0","","1","Title Deed","","Emerald Properties","","Resale"
"12477133","2026-01-26","Palm Jumeirah","The Crescent","Kempinski Palm Residence","","","7747548","2006","21588","3862","358.88","Apartment","2","","","","Y","0","0","","GF","Title Deed","","Emerald Properties","","Resale"
"12465482","2026-01-23","Palm Jumeirah","The Crescent","The 8","","","3347500","3957","42567","846","78.64","Hotel Apartment","1","","","","Y","0","0","","3","Title Deed","Hotel Apartment","IFA","","Resale"
"12466054","2026-01-23","Palm Jumeirah","The Crescent","Ocean House","","","9100828","5101","54900","1784","165.77","Apartment","2","","","","Y","0","0","","7","Oqood","","Ellington Properties","","Resale"
"12465543","2026-01-23","Palm Jumeirah","Seven Palm","","","","1630000","4618","49619","353","32.85","Apartment","s","","","","Y","0","0","","13","Title Deed","","Seven Tides","","Resale"
"12465337","2026-01-23","Palm Jumeirah","Tiara Residences","Emerald","","","5800000","2403","25862","2414","224.27","Apartment","2","Community,Marina","","","Y","0","0","","P1","Title Deed","","Zabeel Properties","","Resale"
"12455952","2026-01-22","Palm Jumeirah","Palm Beach Towers","Palm Beach Tower 1","","","1954400","1433","15416","1364","126.78","Apartment","2","","","","N","0","0","","10","Oqood","","Nakheel","","Resale"
"12455509","2026-01-22","Palm Jumeirah","The Palm Tower","","","","2250000","4352","46787","517","48.09","Apartment","s","","","","N","0","0","","24","Title Deed","","Nakheel","","Resale"
"12455765","2026-01-22","Palm Jumeirah","The Crescent","Grandeur Residences","Maurya","","2645000","2190","23563","1208","112.25","Apartment","1","","","","Y","0","0","","2","Title Deed","","ETA Ascon","","Resale"
"12456127","2026-01-22","Palm Jumeirah","The Fronds","Frond D","","","80000000","11430","123016","6999","650.32","Villa","6","","","","","16426","1526.02","","G+1","Title Deed","","Nakheel","","Resale"
"12454485","2026-01-21","Palm Jumeirah","Shoreline Apartments","Al Hallawi","","","4100000","2645","28456","1550","144.08","Apartment","2","","","","Y","0","0","","7","Title Deed","","Nakheel","","Resale"
"12454582","2026-01-21","Palm Jumeirah","Golden Mile","Golden Mile 2","","","10400000","2341","25201","4442","412.69","Apartment","4","","","","Y","0","0","","7","Title Deed","","Nakheel","","Resale"
"12454885","2026-01-21","Palm Jumeirah","Shoreline Apartments","Al Hallawi","","","2815000","2459","26454","1145","106.41","Apartment","1","","","","Y","0","0","","2","Title Deed","","Nakheel","","Resale"
"12449568","2026-01-20","Palm Jumeirah","The Crescent","Ellington Beach House","","","4870000","4287","46113","1136","105.61","Apartment","1","","","","Y","0","0","","6","Title Deed","","Ellington Properties","","Resale"
"12449345","2026-01-20","Palm Jumeirah","The Crescent","Serenia Living","Serenia Living Tower 4","","42000000","6426","69159","6536","607.3","Apartment","4","","","","Y","0","0","","3","Oqood","","Palma Holding","","Resale"
"12446740","2026-01-19","Palm Jumeirah","The Crescent","Passo","Passo Tower A- Avita","","10764000","5911","63621","1821","169.19","Apartment","2","Ocean","","","Y","0","0","","7","Oqood","","Beyond","","Initial Sale"
"12446784","2026-01-19","Palm Jumeirah","The Fronds","Frond N","","","48000000","9430","101497","5090","472.92","Villa","5","","","","","6789","630.76","","G+1","Title Deed","","Nakheel","","Resale"
"12446036","2026-01-19","Palm Jumeirah","Shoreline Apartments","Jash Hamad","","","3600000","2280","24535","1579","146.73","Apartment","2","","","","Y","0","0","","5","Title Deed","","Nakheel","","Resale"
"12446040","2026-01-19","Palm Jumeirah","Golden Mile","Golden Mile 5","","","3700000","1962","21108","1886","175.29","Apartment","2","","","","Y","0","0","","4","Title Deed","","Nakheel","","Resale"
"12446607","2026-01-19","Palm Jumeirah","The Crescent","Passo","Passo Tower A- Avita","","14921480","6545","70434","2280","211.85","Apartment","3","","","","Y","0","0","","4","Oqood","","Beyond","","Initial Sale"
"12446367","2026-01-19","Palm Jumeirah","The Crescent","Passo","Passo Tower A- Avita","","12015000","5910","63592","2033","188.94","Apartment","2","Beach Elite","","","Y","0","0","","G","Oqood","","Beyond","","Initial Sale"
"12446386","2026-01-19","Palm Jumeirah","The Crescent","Passo","Passo Tower A- Avita","","19701100","6838","73597","2881","267.69","Apartment","4","","","","Y","0","0","","14","Oqood","","Beyond","","Initial Sale"
"12446684","2026-01-19","Palm Jumeirah","Seven Palm","","","","1365000","3824","41139","357","33.18","Apartment","s","","","","Y","0","0","","2","Title Deed","","Seven Tides","","Resale"
"12440054","2026-01-17","Palm Jumeirah","The Fairmont Palm Residences","The Fairmont Palm Residence South","","","4330000","2509","26990","1726","160.43","Apartment","2","","","","Y","0","0","","5","Title Deed","","IFA","","Resale"
"12435719","2026-01-16","Palm Jumeirah","The Crescent","Passo","Passo Tower A- Avita","","12680220","6899","74240","1838","170.8","Apartment","3","Beach Elite","","","Y","0","0","","3","Oqood","","Beyond","","Initial Sale"
"12439880","2026-01-16","Palm Jumeirah","The Crescent","Passo","Passo Tower A- Avita","","4994000","5707","61382","875","81.36","Apartment","1","","","","Y","0","0","","8","Oqood","","Beyond","","Initial Sale"
"12439447","2026-01-16","Palm Jumeirah","The Crescent","Six Senses The Palm","","","20500000","6019","64775","3406","316.48","Apartment","3","","","","Y","0","0","","1","Oqood","","Select Group","","Resale"
"12435900","2026-01-16","Palm Jumeirah","The Crescent","Anantara Residences","Anantara Residences North","","1500000","2717","29200","552","51.37","Apartment","s","","","","Y","0","0","","8","Title Deed","","Seven Tides","","Resale"
"12435909","2026-01-16","Palm Jumeirah","The Crescent","Anantara Residences","Anantara Residences North","","1500000","2768","29774","542","50.38","Apartment","s","","","","Y","0","0","","8","Title Deed","","Seven Tides","","Resale"
"12435672","2026-01-16","Palm Jumeirah","Seven Palm","","","","1775000","4634","49762","383","35.67","Apartment","s","","","","Y","0","0","","1","Title Deed","","Seven Tides","","Resale"
"12430997","2026-01-15","Palm Jumeirah","Shoreline Apartments","Abu Keibal","","","3825000","2409","25916","1588","147.59","Apartment","2","Community,Road","","","Y","0","0","","5","Title Deed","","Nakheel","","Resale"
"12430487","2026-01-15","Palm Jumeirah","The Fairmont Palm Residences","The Fairmont Palm Residence South","","","4500000","2077","22348","2167","201.36","Apartment","2","","","","Y","0","0","","1","Title Deed","","IFA","","Resale"
"12435368","2026-01-15","Palm Jumeirah","The Crescent","Six Senses The Palm","","","15650000","7900","84999","1981","184.12","Apartment","2","","","","Y","0","0","","7","Oqood","","Select Group","","Resale"
"12430263","2026-01-15","Palm Jumeirah","The Crescent","Orla","","","38000000","6898","74241","5509","511.85","Apartment","3","","","","Y","0","0","","8","Oqood","","Omniyat","","Resale"
"12430271","2026-01-15","Palm Jumeirah","The Crescent","Anantara Residences","Anantara Residences North","","4250000","2438","26238","1743","161.98","Apartment","2","","","","Y","0","0","","7","Title Deed","","Seven Tides","","Resale"
"12416361","2026-01-14","Palm Jumeirah","Shoreline Apartments","Al Hatimi","","","5900000","2667","28702","2212","205.56","Apartment","3","Community,Road","","","Y","0","0","","4","Title Deed","","Nakheel","","Resale"
"12415851","2026-01-14","Palm Jumeirah","Shoreline Apartments","Al Tamr","","","4999000","2314","24900","2160","200.76","Apartment","3","Community,Construction,Distant Burj Al Arab,Distant Ain Dubai","","","Y","0","0","","3","Title Deed","","Nakheel","","Resale"
"12416430","2026-01-14","Palm Jumeirah","Tiara Residences","Ruby","","","7300000","4353","46855","1677","155.8","Apartment","2","","","","Y","0","0","","4","Title Deed","","Zabeel Properties","","Resale"
"12415925","2026-01-14","Palm Jumeirah","The Palm Tower","","","","2325000","4454","47869","522","48.57","Apartment","s","","","","N","0","0","","35","Title Deed","","Nakheel","","Resale"
"12415678","2026-01-14","Palm Jumeirah","Palm Views","Palm Views West","","","2900000","2620","28194","1107","102.86","Apartment","1","","","","Y","0","0","","2","Title Deed","","Nakheel","","Resale"
"12415950","2026-01-14","Palm Jumeirah","The Crescent","Ocean House","","","58315229","7030","75669","8295","770.66","Apartment","3","","","","Y","0","0","","9","Oqood","","Ellington Properties","","Resale"
"12410371","2026-01-13","Palm Jumeirah","Azure Residences","","","","5850000","2900","31210","2017","187.44","Apartment","2","","","","Y","0","0","","6","Title Deed","","Nakheel","","Resale"
"12409903","2026-01-13","Palm Jumeirah","The Crescent","Passo","Passo Tower A- Avita","","5973000","6978","75038","856","79.6","Apartment","1","","","","Y","0","0","","13","Oqood","","Beyond","","Initial Sale"
"12409918","2026-01-13","Palm Jumeirah","The Crescent","Passo","Passo Tower A- Avita","","4173000","4797","51614","870","80.85","Apartment","1","","","","Y","0","0","","3","Oqood","","Beyond","","Initial Sale"
"12409935","2026-01-13","Palm Jumeirah","The Crescent","Passo","Passo Tower A- Avita","","13534290","6243","67171","2168","201.49","Apartment","3","","","","Y","0","0","","6","Oqood","","Beyond","","Initial Sale"
"12410202","2026-01-13","Palm Jumeirah","Oceana","Oceana Pacific","","","4400000","3202","34448","1374","127.73","Apartment","1","Sea","","","Y","0","0","","GF","Title Deed","","Seven Tides","","Resale"
"12410505","2026-01-13","Palm Jumeirah","The Fronds","Frond K","","","8899929","1780","19159","5000","464.52","Villa","3","","","","","6718","624.08","","G+1","Title Deed","","Nakheel","","Resale"
"12410253","2026-01-13","Palm Jumeirah","The Crescent","The Royal Atlantis Resort and Residences","","","63500000","10178","109553","6239","579.63","Apartment","5","","","","Y","0","0","","30","Title Deed","","Kerzner International","","Resale"
"12415189","2026-01-13","Palm Jumeirah","The Palm Tower","","","","3700000","3510","37782","1054","97.93","Apartment","1","","","","N","0","0","","32","Title Deed","","Nakheel","","Resale"
"12407300","2026-01-12","Palm Jumeirah","The Fronds","Frond C","","","31500000","6300","67812","5000","464.52","Villa","4","","","","","7356","683.44","","G+1","Title Deed","","Nakheel","","Resale"
"12409622","2026-01-12","Palm Jumeirah","Seven Palm","","","","1000000","2825","30367","354","32.93","Hotel Apartment","s","","","","Y","0","0","","7","Title Deed","Hotel Apartment","Seven Tides","","Resale"
"12409628","2026-01-12","Palm Jumeirah","Seven Palm","","","","1000000","2825","30367","354","32.93","Hotel Apartment","s","","","","Y","0","0","","7","Title Deed","Hotel Apartment","Seven Tides","","Resale"
"12407454","2026-01-12","Palm Jumeirah","The Fronds","Frond M","","","91000000","13002","139931","6999","650.32","Villa","5","","","","","16436","1526.99","","G+1","Title Deed","","Nakheel","","Resale"
"12407005","2026-01-12","Palm Jumeirah","The Crescent","The 8","","","5450000","4095","44048","1331","123.73","Apartment","2","","","","Y","0","0","","6","Title Deed","","IFA","","Resale"
"12374278","2026-01-09","Palm Jumeirah","The Crescent","Anantara Residences","Anantara Residences North","","2550000","2202","23699","1158","107.6","Apartment","1","","","","Y","0","0","","1","Title Deed","","Seven Tides","","Resale"
"12374294","2026-01-09","Palm Jumeirah","The Crescent","The Royal Atlantis Resort and Residences","","","65000000","10420","112158","6238","579.54","Apartment","5","","","","Y","0","0","","31","Title Deed","","Kerzner International","","Resale"
"12399407","2026-01-09","Palm Jumeirah","The Crescent","Passo","Passo Tower A- Avita","","4687000","4882","52504","960","89.27","Apartment","1","","","","Y","0","0","","4","Oqood","","Beyond","","Initial Sale"
"12373872","2026-01-09","Palm Jumeirah","Palm Views","Palm Views East","","","154830","283","3041","547","50.91","Apartment","s","","","","Y","0","0","","1","Title Deed","","Nakheel","","Resale"
"12374158","2026-01-09","Palm Jumeirah","The Crescent","Passo","Passo Tower A- Avita","","4197000","4949","53248","848","78.82","Apartment","1","","","","Y","0","0","","5","Oqood","","Beyond","","Initial Sale"
"12374182","2026-01-09","Palm Jumeirah","The Fronds","Frond E","","","36700000","6869","73922","5343","496.47","Villa","5","Community/Sea","","","","7381","685.7","","G+1","Title Deed","","Nakheel","","Resale"
"12373575","2026-01-08","Palm Jumeirah","Golden Mile","Golden Mile 8","","","4400000","2453","26395","1794","166.7","Apartment","2","","","","Y","0","0","","5","Title Deed","","Nakheel","","Resale"
"12373636","2026-01-08","Palm Jumeirah","The Crescent","Azizi Mina","","","2075000","2278","24516","911","84.64","Hotel Apartment","1","","","","Y","0","0","","6","Title Deed","Hotel Apartment","Azizi","","Resale"
"12373386","2026-01-08","Palm Jumeirah","Golden Mile","Golden Mile 5","","","7000000","1765","18996","3966","368.5","Apartment","3","","","","Y","0","0","","1","Title Deed","","Nakheel","","Resale"
"12373464","2026-01-08","Palm Jumeirah","The Crescent","Six Senses The Palm","","","31000000","4800","51655","6459","600.14","Apartment","3","","","","Y","0","0","","1","Oqood","","Select Group","","Resale"
"12368423","2026-01-07","Palm Jumeirah","The Crescent","Serenia Residences","Serenia Residences West Wing","","6270000","3637","39146","1724","160.17","Apartment","2","","","","Y","0","0","","6","Title Deed","","Palma Holding","","Resale"
"12368705","2026-01-07","Palm Jumeirah","AVA at Palm Jumeirah","","","","54000000","7689","82752","7023","652.55","Apartment","4","","","","Y","0","0","","10","Oqood","","Omniyat","","Resale"
"12372842","2026-01-07","Palm Jumeirah","Shoreline Apartments","Al Hatimi","","","3850000","3365","36205","1144","106.34","Apartment","1","","","","Y","0","0","","7","Title Deed","","Nakheel","","Resale"
"12368259","2026-01-07","Palm Jumeirah","Shoreline Apartments","Al Dabas","","","5785000","3732","40151","1550","144.08","Apartment","2","","","","Y","0","0","","3","Title Deed","","Nakheel","","Resale"
"12368823","2026-01-07","Palm Jumeirah","The Crescent","Royal Bay","","","2800000","1715","18451","1633","151.75","Hotel Apartment","2","","","","Y","0","0","","7","Title Deed","Hotel Apartment","Azizi","","Resale"
"12367485","2026-01-06","Palm Jumeirah","Como Residences","","","","28500000","5256","56571","5422","503.79","Apartment","3","","","","Y","0","0","","15","Oqood","","Nakheel","","Resale"
"12367745","2026-01-06","Palm Jumeirah","Shoreline Apartments","Al Khushkar","","","5300000","2655","28571","1996","185.5","Apartment","2","","","","Y","0","0","","3","Title Deed","","Nakheel","","Resale"
"12367754","2026-01-06","Palm Jumeirah","Five Palm Jumeirah","","","","5600000","3404","36625","1645","152.9","Apartment","2","Full Skyline, Full Sea, Full Blue Water Island, Full Ain Dubai","","","Y","0","0","","3","Title Deed","","Five Holdings","","Resale"
"12367758","2026-01-06","Palm Jumeirah","Shoreline Apartments","Al Khudrawi","","","4400000","2017","21710","2181","202.67","Apartment","3","","","","Y","0","0","","10","Title Deed","","Nakheel","","Resale"
"12367558","2026-01-06","Palm Jumeirah","The Crescent","Serenia Residences","Serenia Residences East Wing","","3900000","3439","37005","1134","105.39","Apartment","1","","","","Y","0","0","","4","Title Deed","","Palma Holding","","Resale"
"12367348","2026-01-06","Palm Jumeirah","Golden Mile","Golden Mile 1","","","7950000","2015","21689","3945","366.55","Apartment","4","","","","Y","0","0","","7","Title Deed","","Nakheel","","Resale"
"12362577","2026-01-05","Palm Jumeirah","The Palm Tower","","","","2200000","4207","45249","523","48.62","Apartment","s","","","","N","0","0","","24","Title Deed","","Nakheel","","Resale"
"12362641","2026-01-05","Palm Jumeirah","Tiara Residences","Tanzanite","","","5750000","3429","36906","1677","155.8","Apartment","2","","","","Y","0","0","","D","Title Deed","","Zabeel Properties","","Resale"
"12362988","2026-01-05","Palm Jumeirah","Palm Beach Towers","Palm Beach Tower 1","","","2639400","1429","15381","1847","171.6","Apartment","3","","","","Y","0","0","","10","Oqood","","Nakheel","","Resale"
"12363004","2026-01-05","Palm Jumeirah","Golden Mile","Golden Mile 1","","","3475000","1658","17840","2096","194.79","Apartment","2","Road View","","","Y","0","0","","1","Title Deed","","Nakheel","","Resale"
"12346291","2026-01-02","Palm Jumeirah","The One at Palm Jumeirah","","","","33500000","10994","118333","3047","283.1","Apartment","3","","","","Y","0","0","","2","Title Deed","","Omniyat","","Resale"
"12345616","2025-12-30","Palm Jumeirah","Seven Palm","","","","1000000","2825","30340","354","32.96","Hotel Apartment","s","","","","Y","0","0","","8","Title Deed","Hotel Apartment","Seven Tides","","Resale"
"12345618","2025-12-30","Palm Jumeirah","Seven Palm","","","","1000000","2825","30367","354","32.93","Hotel Apartment","s","","","","Y","0","0","","7","Title Deed","Hotel Apartment","Seven Tides","","Resale"
"12345373","2025-12-30","Palm Jumeirah","The Fronds","Frond N","","","89000000","0","0","0","0","Land","","","","","","13579","1261.51","","","Title Deed","","Nakheel","","Resale"
"12344922","2025-12-30","Palm Jumeirah","Golden Mile","Golden Mile 2","","","4140003","1244","13388","3328","309.24","Apartment","3","","","","Y","0","0","","5","Title Deed","","Nakheel","","Resale"
"12345210","2025-12-30","Palm Jumeirah","Oceana","Oceana Pacific","","","6600000","3862","41564","1709","158.79","Apartment","2","","","","Y","0","0","","6","Title Deed","","Seven Tides","","Resale"
"12344964","2025-12-30","Palm Jumeirah","The Crescent","The 8","","","5098500","4135","44482","1233","114.62","Hotel Apartment","2","","","","Y","0","0","","5","Title Deed","Hotel Apartment","IFA","","Resale"
"12345491","2025-12-30","Palm Jumeirah","The Crescent","Ellington Beach House","","","15999828","4704","50626","3401","316.04","Apartment","4","","","","Y","0","0","","7","Title Deed","","Ellington Properties","","Resale"
"12345759","2025-12-30","Palm Jumeirah","Shoreline Apartments","Al Hamri","","","4600000","2303","24783","1997","185.61","Apartment","2","","","","Y","0","0","","4","Title Deed","","Nakheel","","Resale"
"12344996","2025-12-30","Palm Jumeirah","The Crescent","Armani Beach Residences","","","89900962","7725","83155","11637","1081.12","Apartment","5","","","","Y","0","0","","8","Oqood","","Arada Developments LLC","","Initial Sale"
"12345319","2025-12-30","Palm Jumeirah","Five Palm Jumeirah","","","","5000000","2241","24122","2231","207.28","Apartment","2","","","","Y","0","0","","11","Title Deed","","Five Holdings","","Resale"
"12334600","2025-12-29","Palm Jumeirah","Shoreline Apartments","Al Sultana","","","5500000","2486","26756","2212","205.56","Apartment","3","","","","Y","0","0","","5","Title Deed","","Nakheel","","Resale"
"12343840","2025-12-29","Palm Jumeirah","The Fairmont Palm Residences","The Fairmont Palm Residence South","","","5250000","1657","17827","3169","294.5","Apartment","4","","","","Y","0","0","","9","Title Deed","","IFA","","Resale"
"12344649","2025-12-29","Palm Jumeirah","The Fairmont Palm Residences","The Fairmont Palm Residence South","","","6000000","3494","37610","1717","159.53","Apartment","2","","","","Y","0","0","","4","Title Deed","","IFA","","Resale"
"12343668","2025-12-29","Palm Jumeirah","Palm Beach Towers","Palm Beach Tower 1","","","14200000","5012","53945","2833","263.23","Apartment","3","","","","Y","0","0","","47","Oqood","","Nakheel","","Resale"
"12343678","2025-12-29","Palm Jumeirah","The Crescent","Anantara Residences","Anantara Residences North","","1750000","3235","34771","541","50.33","Apartment","s","","","","Y","0","0","","8","Title Deed","","Seven Tides","","Resale"
"12343424","2025-12-29","Palm Jumeirah","Palm Beach Towers","Palm Beach Tower 1","","","2068800","2676","28777","773","71.89","Apartment","1","","","","N","0","0","","10","Oqood","","Nakheel","","Resale"
"12343724","2025-12-29","Palm Jumeirah","Shoreline Apartments","Al Sultana","","","6384407","3203","34477","1993","185.18","Apartment","2","","","","Y","0","0","","4","Title Deed","","Nakheel","","Resale"
"12344515","2025-12-29","Palm Jumeirah","The Crescent","The Royal Atlantis Resort and Residences","","","23000000","6459","69520","3561","330.84","Apartment","2","","","","Y","0","0","","1","Title Deed","","Kerzner International","","Resale"
"12333784","2025-12-27","Palm Jumeirah","The Fronds","Frond C","","","2960000","0","0","0","0","Land","","","","","","676","62.81","","","Title Deed","","Nakheel","","Initial Sale"
"12324871","2025-12-26","Palm Jumeirah","The Palm Crown","Crown Gardens","","","25000000","3394","36526","7367","684.45","Villa","6","","","","","7395","687.06","","G+2","Title Deed","","Nakheel","","Resale"
"12333699","2025-12-26","Palm Jumeirah","Marina Residences","Marina Residences 4","","","4300000","2105","22645","2043","189.89","Apartment","2","Community,Swimming Pool,Partial Sea","","","Y","0","0","","2","Title Deed","","Nakheel","","Resale"
"12324847","2025-12-26","Palm Jumeirah","Palm Views","Palm Views East","","","1500000","2737","29458","548","50.92","Apartment","s","Community,Marina","","","Y","0","0","","2","Title Deed","","Nakheel","","Resale"
"12324110","2025-12-25","Palm Jumeirah","Oceana","Oceana Pacific","","","9200000","4037","43435","2279","211.81","Apartment","3","","","","Y","0","0","","5","Title Deed","","Seven Tides","","Resale"
"12318230","2025-12-24","Palm Jumeirah","The Crescent","Ellington Beach House","","","6734828","4750","51118","1418","131.75","Apartment","2","","","","Y","0","0","","1","Title Deed","","Ellington Properties","","Resale"
"12318265","2025-12-24","Palm Jumeirah","Olaia Residences","","","","6797087","4150","44665","1638","152.18","Apartment","2","","","","Y","0","0","","7","Oqood","","Gulf House Development","","Initial Sale"
"12318031","2025-12-24","Palm Jumeirah","The Crescent","Serenia Residences","Serenia Residences North Wing","","3400000","3640","39152","934","86.84","Apartment","1","","","","Y","0","0","","6","Title Deed","","Palma Holding","","Resale"
"12318046","2025-12-24","Palm Jumeirah","Five Palm Jumeirah","","","","6600000","4012","43168","1645","152.89","Apartment","2","","","","Y","0","0","","8","Title Deed","","Five Holdings","","Resale"
"12318323","2025-12-24","Palm Jumeirah","Marina Residences","Marina Residences 4","","","3080000","1593","17135","1934","179.75","Apartment","2","","","","Y","0","0","","G","Title Deed","","Nakheel","","Resale"
"12318344","2025-12-24","Palm Jumeirah","Olaia Residences","","","","6218209","3796","40839","1638","152.26","Apartment","2","","","","Y","0","0","","5","Oqood","","Gulf House Development","","Initial Sale"
"12318403","2025-12-24","Palm Jumeirah","Olaia Residences","","","","7884122","3645","39230","2163","200.97","Apartment","3","","","","Y","0","0","","5","Oqood","","Gulf House Development","","Initial Sale"
"12303151","2025-12-23","Palm Jumeirah","The Crescent","Six Senses The Palm","","","46000000","7114","76575","6466","600.72","Apartment","4","","","","Y","0","0","","6","Oqood","","Select Group","","Resale"
"12303159","2025-12-23","Palm Jumeirah","Seven Palm","","","","3200000","2875","30927","1113","103.47","Apartment","2","","","","Y","0","0","","6","Title Deed","","Seven Tides","","Resale"
"12303423","2025-12-23","Palm Jumeirah","Golden Mile","Golden Mile 3","","","3800000","2103","22627","1807","167.94","Apartment","2","","","","Y","0","0","","5","Title Deed","","Nakheel","","Resale"
"12303170","2025-12-23","Palm Jumeirah","Canal Cove Villas","Canal Cove West","","","24000000","6317","67983","3799","353.03","Villa","3","","","","","4556","423.26","","G+1","Title Deed","","Nakheel","","Resale"
"12302935","2025-12-23","Palm Jumeirah","The Fronds","Frond L","","","241000","0","0","0","0","Land","","","","","","626","58.16","","","Title Deed","","Nakheel","","Initial Sale"
"12302949","2025-12-23","Palm Jumeirah","Shoreline Apartments","Al Anbara","","","4900000","3093","33288","1584","147.2","Apartment","2","","","","Y","0","0","","2","Title Deed","","Nakheel","","Resale"
"12302963","2025-12-23","Palm Jumeirah","Shoreline Apartments","Al Khushkar","","","3900000","2516","27070","1550","144.07","Apartment","2","","","","Y","0","0","","2","Title Deed","","Nakheel","","Resale"
"12302792","2025-12-23","Palm Jumeirah","Seven Palm","","","","1550000","4403","47372","352","32.72","Apartment","s","","","","Y","0","0","","14","Title Deed","","Seven Tides","","Resale"
"12261147","2025-12-22","Palm Jumeirah","The Crescent","Passo","Passo Tower A- Avita","","4114000","4729","50884","870","80.85","Apartment","1","","","","Y","0","0","","1","Oqood","","Beyond","","Initial Sale"
"12300108","2025-12-22","Palm Jumeirah","Golden Mile","Golden Mile 8","","","3620000","1918","20642","1887","175.37","Apartment","2","Community","","","Y","0","0","","3","Title Deed","","Nakheel","","Resale"
"12300117","2025-12-22","Palm Jumeirah","Palm Views","Palm Views West","","","1600000","2920","31422","548","50.92","Apartment","s","","","","Y","0","0","","3","Title Deed","","Nakheel","","Resale"
"12263565","2025-12-22","Palm Jumeirah","Shoreline Apartments","Al Tamr","","","5300000","2454","26400","2160","200.76","Apartment","3","","","","Y","0","0","","4","Title Deed","","Nakheel","","Resale"
"12263581","2025-12-22","Palm Jumeirah","The Crescent","Six Senses The Palm","","","26500000","6937","74656","3820","354.96","Apartment","3","","","","Y","0","0","","8","Oqood","","Select Group","","Resale"
"12300236","2025-12-22","Palm Jumeirah","The Crescent","Grandeur Residences","Mughal","","2020000","1835","19742","1101","102.32","Apartment","1","","","","Y","0","0","","1","Title Deed","","ETA Ascon","","Resale"
"12230200","2025-12-19","Palm Jumeirah","Shoreline Apartments","Al Masalli","","","6450000","4161","44767","1550","144.08","Apartment","2","","","","Y","0","0","","LP","Title Deed","","Nakheel","","Resale"
"12230204","2025-12-19","Palm Jumeirah","The Crescent","Ellington Beach House","","","3750000","3599","38716","1042","96.86","Apartment","1","","","","Y","0","0","","3","Title Deed","","Ellington Properties","","Resale"
"12230373","2025-12-19","Palm Jumeirah","The Fronds","Frond K","","","40000000","8000","86110","5000","464.52","Villa","4","","","","","7757","720.69","","G+1","Title Deed","","Nakheel","","Resale"
"12237806","2025-12-19","Palm Jumeirah","The Crescent","Passo","Passo Tower A- Avita","","15243900","6548","70472","2328","216.31","Apartment","3","Beach Elite","","","Y","0","0","","5","Oqood","","Beyond","","Initial Sale"
"12237820","2025-12-19","Palm Jumeirah","The Crescent","Passo","Passo Tower A- Avita","","16227000","6711","72207","2418","224.73","Apartment","3","","","","Y","0","0","","9","Oqood","","Beyond","","Initial Sale"
"12225564","2025-12-18","Palm Jumeirah","The Crescent","Azizi Mina","","","2250000","2349","25272","958","89.03","Hotel Apartment","1","","","","Y","0","0","","4","Title Deed","Hotel Apartment","Azizi","","Resale"
"12225320","2025-12-18","Palm Jumeirah","Marina Residences","Marina Residences 2","","","32310000","2467","26557","13095","1216.61","Apartment","5","Marina","","","Y","0","0","","14","Title Deed","","Nakheel","","Resale"
"12225065","2025-12-18","Palm Jumeirah","The Crescent","Passo","Passo Tower A- Avita","","4292000","4945","53251","868","80.6","Apartment","1","","","","","0","0","","6","Oqood","","Beyond","","Initial Sale"
"12225071","2025-12-18","Palm Jumeirah","The Crescent","Passo","Passo Tower A- Avita","","13105670","7130","76731","1838","170.8","Apartment","3","","","","","0","0","","12","Oqood","","Beyond","","Initial Sale"
"12225605","2025-12-18","Palm Jumeirah","The Fronds","Frond P","","","49000000","7001","75348","6999","650.32","Villa","6","","","","","14672","1363.03","","G+1","Title Deed","","Nakheel","","Resale"
"12225100","2025-12-18","Palm Jumeirah","The Crescent","Passo","Passo Tower A- Avita","","4953000","5366","57774","923","85.73","Apartment","1","","","","","0","0","","3","Oqood","","Beyond","","Initial Sale"
"12225633","2025-12-18","Palm Jumeirah","The Fairmont Palm Residences","The Fairmont Palm Residence North","","","3850000","2984","32115","1290","119.88","Apartment","1","","","","Y","0","0","","5","Title Deed","","IFA","","Resale"
"12225644","2025-12-18","Palm Jumeirah","The Crescent","The Royal Atlantis Resort and Residences","","","18000000","8759","94270","2055","190.94","Apartment","2","","","","Y","0","0","","28","Title Deed","","Kerzner International","","Resale"
"12225397","2025-12-18","Palm Jumeirah","The Palm Tower","","","","2350000","3910","42069","601","55.86","Apartment","s","","","","N","0","0","","23","Title Deed","","Nakheel","","Resale"
"12225177","2025-12-18","Palm Jumeirah","Canal Cove Villas","Canal Cove West","","","16865000","4114","44277","4099","380.9","Villa","4","","","","","5060","470.08","","G+1","Title Deed","","Nakheel","","Resale"
"12225205","2025-12-18","Palm Jumeirah","The Crescent","Passo","Passo Tower A- Avita","","13407000","6700","72116","2001","185.91","Apartment","2","","","","Y","0","0","","7","Oqood","","Beyond","","Initial Sale"
"12225236","2025-12-18","Palm Jumeirah","The Crescent","W Residences","","","41000000","5591","60183","7333","681.26","Apartment","5","","","","Y","0","0","","5","Title Deed","","Al Sharq Investment LLC","","Resale"
"12225495","2025-12-18","Palm Jumeirah","The Fronds","Frond L","","","35300000","7060","75992","5000","464.52","Villa","4","","","","","6705","622.94","","G+1","Title Deed","","Nakheel","","Resale"
"12225273","2025-12-18","Palm Jumeirah","The Crescent","Passo","Passo Tower A- Avita","","6494000","6455","69425","1006","93.54","Apartment","1","","","","Y","0","0","","2","Oqood","","Beyond","","Initial Sale"
"12218639","2025-12-17","Palm Jumeirah","Azure Residences","","","","3300000","2890","31085","1142","106.16","Apartment","1","","","","Y","0","0","","6","Title Deed","","Nakheel","","Resale"
"12219430","2025-12-17","Palm Jumeirah","Oceana","Oceana Pacific","","","5200000","2751","29603","1890","175.66","Apartment","1","","","","Y","0","0","","B1","Title Deed","","Seven Tides","","Resale"
"12218677","2025-12-17","Palm Jumeirah","The Palm Tower","","","","2500000","4780","51356","523","48.68","Apartment","s","","","","N","0","0","","45","Title Deed","","Nakheel","","Resale"
"12224825","2025-12-17","Palm Jumeirah","The Fairmont Palm Residences","The Fairmont Palm Residence North","","","7500000","3758","40442","1996","185.45","Apartment","2","","","","Y","0","0","","4","Title Deed","","IFA","","Resale"
"12219213","2025-12-17","Palm Jumeirah","The Fronds","Frond N","","","88000000","0","0","0","0","Villa","","","","","","13579","1261.51","","G+1","Title Deed","","Nakheel","","Resale"
"12224863","2025-12-17","Palm Jumeirah","Palm Beach Towers","Palm Beach Tower 2","","","2700000","2935","31564","920","85.54","Apartment","1","","","","Y","0","0","","26","Oqood","","Nakheel","","Resale"
"12219244","2025-12-17","Palm Jumeirah","The Crescent","Grandeur Residences","Maurya","","2200000","1961","21105","1122","104.24","Apartment","1","","","","Y","0","0","","1","Title Deed","","ETA Ascon","","Resale"
"12219255","2025-12-17","Palm Jumeirah","Oceana","Oceana Adriatic","","","4400000","3202","34448","1374","127.73","Apartment","1","","","","Y","0","0","","GF","Title Deed","","Seven Tides","","Resale"
"12224929","2025-12-17","Palm Jumeirah","The Fronds","Frond E","","","3110000","0","0","0","0","Land","","","","","","711","66.09","","","Title Deed","","Nakheel","","Initial Sale"
"12219068","2025-12-17","Palm Jumeirah","The Fronds","Frond N","","","23000000","0","0","0","0","Land","","","","","","6789","630.75","","","Title Deed","","Nakheel","","Resale"
"12212024","2025-12-16","Palm Jumeirah","Seven Palm","","","","1533000","4590","49261","334","31.12","Apartment","s","","","","Y","0","0","","8","Title Deed","","Seven Tides","","Resale"
"12212039","2025-12-16","Palm Jumeirah","The Fronds","Frond J","","","237409","0","0","0","0","Land","","","","","","594","55.14","","","Title Deed","","Nakheel","","Initial Sale"
"12211547","2025-12-16","Palm Jumeirah","Tiara Residences","Diamond","","","4200000","3236","34803","1298","120.68","Apartment","1","Community/ Sea/ Swimming Pool","","","Y","0","0","","11","Title Deed","","Zabeel Properties","","Resale"
"12212065","2025-12-16","Palm Jumeirah","Shoreline Apartments","Al Khudrawi","","","5725000","3694","39738","1550","144.07","Apartment","2","","","","Y","0","0","","2","Title Deed","","Nakheel","","Resale"
"12211630","2025-12-16","Palm Jumeirah","Oceana","Oceana Baltic","","","4900000","3662","39414","1338","124.32","Apartment","1","","","","Y","0","0","","7","Title Deed","","Seven Tides","","Resale"
"12211920","2025-12-16","Palm Jumeirah","The Crescent","Serenia Living","Serenia Living Tower 1","","7800000","4543","48881","1717","159.57","Apartment","2","","","","Y","0","0","","9","Oqood","","Palma Holding","","Resale"
"12204122","2025-12-15","Palm Jumeirah","Golden Mile","Golden Mile 5","","","4000000","2223","23925","1799","167.19","Apartment","2","","","","Y","0","0","","4","Title Deed","","Nakheel","","Resale"
"12203649","2025-12-15","Palm Jumeirah","The Fairmont Palm Residences","The Fairmont Palm Residence North","","","5200000","2811","30241","1850","171.95","Apartment","2","","","","Y","0","0","","2","Title Deed","","IFA","","Resale"
"12203950","2025-12-15","Palm Jumeirah","Marina Residences","Marina Residences 4","","","6700000","2655","28568","2524","234.53","Apartment","3","","","","Y","0","0","","12","Title Deed","","Nakheel","","Resale"
"12203979","2025-12-15","Palm Jumeirah","The Crescent","Passo","Passo Tower A- Avita","","7328000","5365","57705","1366","126.99","Apartment","2","","","","Y","0","0","","11","Oqood","","Beyond","","Initial Sale"
"12203981","2025-12-15","Palm Jumeirah","Tiara Residences","Emerald","","","3950000","3050","32807","1295","120.4","Apartment","1","Sea","","","Y","0","0","","10","Title Deed","","Zabeel Properties","","Resale"
"12204286","2025-12-15","Palm Jumeirah","Palm Beach Towers","Palm Beach Tower 1","","","16950000","15767","169687","1075","99.89","Apartment","1","","","","Y","0","0","","42","Oqood","","Nakheel","","Resale"
"12197216","2025-12-12","Palm Jumeirah","Palm Views","Palm Views East","","","1027230","1861","20024","552","51.3","Apartment","s","","","","Y","0","0","","2","Title Deed","","Nakheel","","Resale"
"12196209","2025-12-12","Palm Jumeirah","The Crescent","Serenia Living","Serenia Living Tower 1","","9200000","4539","48840","2027","188.37","Apartment","2","","","","Y","0","0","","8","Oqood","","Palma Holding","","Resale"
"12196482","2025-12-12","Palm Jumeirah","Shoreline Apartments","Al Nabat","","","7500000","3761","40486","1994","185.25","Apartment","2","","","","Y","0","0","","7","Title Deed","","Nakheel","","Resale"
"12196487","2025-12-12","Palm Jumeirah","Shoreline Apartments","Al Sultana","","","6250000","2896","31161","2158","200.57","Apartment","3","","","","Y","0","0","","6","Title Deed","","Nakheel","","Resale"
"12191239","2025-12-11","Palm Jumeirah","Marina Residences","Marina Residences 6","","","4180000","2048","22036","2041","189.69","Apartment","2","Community,Swimming Pool,Partial Marina","","","Y","0","0","","2","Title Deed","","Nakheel","","Resale"
"12191267","2025-12-11","Palm Jumeirah","Shoreline Apartments","Al Haseer","","","4150000","3640","39184","1140","105.91","Apartment","1","","","","Y","0","0","","2","Title Deed","","Nakheel","","Resale"
"12191028","2025-12-11","Palm Jumeirah","Shoreline Apartments","Al Sultana","","","7750000","3926","42244","1974","183.46","Apartment","2","","","","Y","0","0","","7","Title Deed","","Nakheel","","Resale"
"12190870","2025-12-11","Palm Jumeirah","Marina Residences","Marina Residences 6","","","12750000","3146","33857","4053","376.58","Apartment","3","","","","Y","0","0","","10","Title Deed","","Nakheel","","Resale"
"12191165","2025-12-11","Palm Jumeirah","The Crescent","Six Senses The Palm","","","44000000","6805","73244","6466","600.73","Apartment","4","","","","Y","0","0","","6","Oqood","","Select Group","","Resale"
"12193755","2025-12-11","Palm Jumeirah","Palm Beach Towers","Palm Beach Tower 1","","","14000000","5484","59005","2553","237.27","Apartment","3","","","","Y","0","0","","34","Oqood","","Nakheel","","Resale"
"12190944","2025-12-11","Palm Jumeirah","Seven Palm","","","","495173","749","8057","661","61.46","Apartment","1","","","","Y","0","0","","4","Title Deed","","Seven Tides","","Resale"
"12185409","2025-12-10","Palm Jumeirah","The Crescent","The 8","","","3700000","2782","29933","1330","123.61","Apartment","2","","","","Y","0","0","","2","Title Deed","","IFA","","Resale"
"12190580","2025-12-10","Palm Jumeirah","Marina Residences","Marina Residences 2","","","4450000","2566","27609","1734","161.18","Apartment","2","","","","Y","0","0","","6","Title Deed","","Nakheel","","Resale"
"12185720","2025-12-10","Palm Jumeirah","The Crescent","Royal Bay","","","3600000","2431","26163","1481","137.6","Hotel Apartment","2","","","","Y","0","0","","3","Title Deed","Hotel Apartment","Azizi","","Resale"
"12185493","2025-12-10","Palm Jumeirah","The Palm Tower","","","","2150000","4111","44175","523","48.67","Apartment","s","","","","N","0","0","","19","Title Deed","","Nakheel","","Resale"
"12185787","2025-12-10","Palm Jumeirah","The Crescent","Luce","","","17800000","4295","46233","4144","385.01","Apartment","4","","","","Y","0","0","","8","Oqood","","Taraf","","Resale"
"12185797","2025-12-10","Palm Jumeirah","The Palm Tower","","","","4200000","3970","42718","1058","98.32","Apartment","1","","","","N","0","0","","20","Title Deed","","Nakheel","","Resale"
"12185293","2025-12-10","Palm Jumeirah","Shoreline Apartments","Al Hallawi","","","4125000","2661","28630","1550","144.08","Apartment","2","","","","Y","0","0","","LP","Title Deed","","Nakheel","","Resale"
"12185554","2025-12-10","Palm Jumeirah","Seven Palm","","","","6100000","3456","37200","1765","163.98","Apartment","3","","","","Y","0","0","","13","Title Deed","","Seven Tides","","Resale"
"12190711","2025-12-10","Palm Jumeirah","The Crescent","Royal Bay","","","3550000","2407","25903","1475","137.05","Hotel Apartment","2","","","","Y","0","0","","8","Title Deed","Hotel Apartment","Azizi","","Resale"
"12180235","2025-12-09","Palm Jumeirah","The Crescent","The Royal Atlantis Resort and Residences","","","37500000","10943","117754","3427","318.46","Apartment","3","","","","Y","0","0","","19","Title Deed","","Kerzner International","","Resale"
"12180255","2025-12-09","Palm Jumeirah","The Crescent","The Royal Atlantis Resort and Residences","","","31000000","9041","97298","3429","318.61","Apartment","3","Sea","","","Y","0","0","","7","Title Deed","","Kerzner International","","Resale"
"12180032","2025-12-09","Palm Jumeirah","The Fairmont Palm Residences","The Fairmont Palm Residence North","","","11000000","5511","59315","1996","185.45","Apartment","2","","","","Y","0","0","","5","Title Deed","","IFA","","Resale"
"12180312","2025-12-09","Palm Jumeirah","Shoreline Apartments","Al Sarrood","","","4999999","2315","24905","2160","200.76","Apartment","3","","","","Y","0","0","","2","Title Deed","","Nakheel","","Resale"
"12185179","2025-12-09","Palm Jumeirah","The Fronds","Frond L","","","1740000","0","0","0","0","Land","","","","","","624","58.03","","","Title Deed","","Nakheel","","Initial Sale"
"12180071","2025-12-09","Palm Jumeirah","The Fairmont Palm Residences","The Fairmont Palm Residence North","","","3837090","1989","21410","1929","179.22","Apartment","2","","","","Y","0","0","","5","Title Deed","","IFA","","Resale"
"12174344","2025-12-08","Palm Jumeirah","Shoreline Apartments","Al Dabas","","","5900000","2758","29681","2139","198.78","Apartment","3","","","","Y","0","0","","9","Title Deed","","Nakheel","","Resale"
"12174866","2025-12-08","Palm Jumeirah","Palm Beach Towers","Palm Beach Tower 2","","","6200000","3511","37784","1766","164.09","Apartment","2","","","","Y","0","0","","25","Oqood","","Nakheel","","Resale"
"12174382","2025-12-08","Palm Jumeirah","The Crescent","Balqis Residences","Balqis Residence Villas","","28300000","2026","21809","13967","1297.65","Apartment","5","Community,Construction,Sea","","","Y","0","0","","G","Title Deed","","IFA","","Resale"
"12174430","2025-12-08","Palm Jumeirah","The Crescent","Serenia Residences","Serenia Residences West Wing","","6500000","3770","40582","1724","160.17","Apartment","2","","","","Y","0","0","","7","Title Deed","","Palma Holding","","Resale"
"12179320","2025-12-08","Palm Jumeirah","Golden Mile","Golden Mile 9","","","3000000","1661","17873","1806","167.85","Apartment","2","","","","Y","0","0","","3","Title Deed","","Nakheel","","Resale"
"12174497","2025-12-08","Palm Jumeirah","The Crescent","Grandeur Residences","Maurya","","2181500","1981","21318","1101","102.33","Apartment","1","","","","Y","0","0","","1","Title Deed","","ETA Ascon","","Resale"
"12174522","2025-12-08","Palm Jumeirah","The Crescent","Grandeur Residences","Mughal","","7542000","1999","21521","3772","350.45","Apartment","2","","","","Y","0","0","","G","Title Deed","","ETA Ascon","","Resale"
"12174545","2025-12-08","Palm Jumeirah","Oceana","Oceana Caribbean","","","11500000","5046","54294","2279","211.81","Apartment","3","","","","Y","0","0","","8","Title Deed","","Seven Tides","","Resale"
"12168873","2025-12-06","Palm Jumeirah","The Crescent","The 8","","","3325000","1196","12878","2779","258.19","Apartment","2","","","","Y","0","0","","G","Title Deed","","IFA","","Initial Sale"
"12168469","2025-12-05","Palm Jumeirah","The Crescent","Anantara Residences","Anantara Residences South","","3700000","2031","21857","1822","169.28","Apartment","2","","","","Y","0","0","","3","Title Deed","","Seven Tides","","Resale"
"12164652","2025-12-05","Palm Jumeirah","The Crescent","Anantara Residences","Anantara Residences South","","3925000","2557","27511","1535","142.67","Apartment","1","","","","Y","0","0","","6","Title Deed","","Seven Tides","","Resale"
"12164784","2025-12-05","Palm Jumeirah","The Crescent","Six Senses The Palm","","","20000000","5881","63285","3401","316.03","Apartment","3","","","","Y","0","0","","1","Oqood","","Select Group","","Resale"
"12159767","2025-12-04","Palm Jumeirah","Shoreline Apartments","Al Tamr","","","3800000","2452","26376","1550","144.07","Apartment","2","Community,Road,Construction,Vacant Land","","","Y","0","0","","10","Title Deed","","Nakheel","","Resale"
"12159584","2025-12-04","Palm Jumeirah","The Crescent","Azizi Mina","","","2050000","2058","22145","996","92.57","Hotel Apartment","1","","","","Y","0","0","","4","Title Deed","Hotel Apartment","Azizi","","Resale"
"12159078","2025-12-04","Palm Jumeirah","The Crescent","Anantara Residences","Anantara Residences North","","3100000","2034","21893","1524","141.6","Apartment","1","","","","Y","0","0","","3","Title Deed","","Seven Tides","","Resale"
"12159890","2025-12-04","Palm Jumeirah","Marina Residences","Marina Residences 3","","","3700000","2134","22956","1734","161.18","Apartment","2","","","","Y","0","0","","7","Title Deed","","Nakheel","","Resale"
"12154527","2025-12-04","Palm Jumeirah","The Fronds","Frond B","","","28700000","5256","56570","5460","507.34","Villa","5","","","","","6697","622.13","","G+1","Title Deed","","Nakheel","","Resale"
"12159925","2025-12-04","Palm Jumeirah","Marina Residences","Marina Residences 5","","","8250000","3016","32460","2735","254.16","Apartment","3","","","","Y","0","0","","1","Title Deed","","Nakheel","","Resale"
"12159675","2025-12-04","Palm Jumeirah","The Crescent","Balqis Residences","Balqis Residence Block B","","4700000","2392","25745","1965","182.56","Apartment","2","","","","Y","0","0","","7","Title Deed","","IFA","","Resale"
"12158911","2025-12-04","Palm Jumeirah","The Fronds","Frond D","","","30900000","6180","66520","5000","464.52","Villa","4","","","","","6696","622.08","","G+1","Title Deed","","Nakheel","","Resale"
"12159954","2025-12-04","Palm Jumeirah","The Fronds","Frond N","","","195000000","0","0","0","0","Land","","","","","","27158","2523.02","","","Title Deed","","Nakheel","","Resale"
"12154115","2025-12-03","Palm Jumeirah","Marina Residences","Marina Residences 5","","","4650000","2279","24528","2040","189.58","Apartment","2","","","","Y","0","0","","3","Title Deed","","Nakheel","","Resale"
"12154382","2025-12-03","Palm Jumeirah","Shoreline Apartments","Al Haseer","","","6900000","3460","37247","1994","185.25","Apartment","2","","","","Y","0","0","","9","Title Deed","","Nakheel","","Resale"
"12153674","2025-12-03","Palm Jumeirah","Palm Beach Towers","Palm Beach Tower 2","","","6200000","3511","37784","1766","164.09","Apartment","2","","","","Y","0","0","","23","Oqood","","Nakheel","","Resale"
"12153750","2025-12-03","Palm Jumeirah","Golden Mile","Golden Mile 5","","","9500000","1791","19274","5305","492.9","Apartment","3","","","","Y","0","0","","G","Title Deed","","Nakheel","","Resale"
"12154322","2025-12-03","Palm Jumeirah","Shoreline Apartments","Al Nabat","","","5400000","2430","26148","2222","206.52","Apartment","3","","","","Y","0","0","","G","Title Deed","","Nakheel","","Resale"
"12154096","2025-12-03","Palm Jumeirah","The Crescent","The Royal Atlantis Resort and Residences","","","15000000","7407","79711","2025","188.18","Apartment","2","","","","Y","0","0","","5","Title Deed","","Kerzner International","","Resale"
"12154100","2025-12-03","Palm Jumeirah","Seven Palm","","","","2300000","3217","34618","715","66.44","Apartment","1","","","","Y","0","0","","13","Title Deed","","Seven Tides","","Resale"
"12149055","2025-11-29","Palm Jumeirah","The Crescent","Ocean House","","","18412828","5057","54426","3641","338.31","Apartment","3","","","","Y","0","0","","4","Oqood","","Ellington Properties","","Initial Sale"
"12145654","2025-11-29","Palm Jumeirah","Palm Beach Towers","Palm Beach Tower 3","","","4438800","4137","44499","1073","99.75","Apartment","1","","","","Y","0","0","","37","Oqood","","Nakheel","","Resale"
"12142081","2025-11-28","Palm Jumeirah","Olaia Residences","","","","6643532","4063","43716","1635","151.97","Apartment","2","","","","Y","0","0","","7","Oqood","","Gulf House Development","","Initial Sale"
"12141572","2025-11-28","Palm Jumeirah","The Crescent","Passo","Passo Tower A- Avita","","8839600","6419","69081","1377","127.96","Apartment","2","","","","Y","0","0","","1","Oqood","","Beyond","","Initial Sale"
"12145414","2025-11-28","Palm Jumeirah","The Crescent","Passo","Passo Tower A- Avita","","20287550","6984","75150","2905","269.96","Apartment","4","","","","Y","0","0","","14","Oqood","","Beyond","","Initial Sale"
"12141979","2025-11-28","Palm Jumeirah","The Crescent","Passo","Passo Tower A- Avita","","6651840","4642","49931","1433","133.22","Apartment","2","","","","Y","0","0","","2","Oqood","","Beyond","","Initial Sale"
"12142241","2025-11-28","Palm Jumeirah","Olaia Residences","","","","6741936","4103","44149","1643","152.71","Apartment","2","","","","Y","0","0","","7","Oqood","","Gulf House Development","","Initial Sale"
"12145596","2025-11-28","Palm Jumeirah","Golden Mile","Golden Mile 1","","","4000000","2230","23995","1794","166.7","Apartment","2","Monorail, Park","","","Y","0","0","","5","Title Deed","","Nakheel","","Resale"
"12141532","2025-11-28","Palm Jumeirah","Marina Residences","Marina Residences 1","","","11375000","2807","30206","4053","376.58","Apartment","3","","","","Y","0","0","","4","Title Deed","","Nakheel","","Resale"
"12141546","2025-11-28","Palm Jumeirah","The Crescent","Passo","Passo Tower A- Avita","","6013280","6390","68723","941","87.5","Apartment","1","Beach Elite","","","Y","0","0","","2","Oqood","","Beyond","","Initial Sale"
"12135716","2025-11-27","Palm Jumeirah","The Fronds","Frond B","","","1200000","0","0","0","0","Land","","","","","","600","55.71","","","Title Deed","","Nakheel","","Resale"
"12136758","2025-11-27","Palm Jumeirah","The Crescent","Raffles The Palm Dubai","","","22966835","8191","88164","2804","260.5","Apartment","2","","","","","0","0","","4","Title Deed","","Emerald Properties","","Initial Sale"
"12135744","2025-11-27","Palm Jumeirah","The Crescent","Passo","Passo Tower A- Avita","","5806000","6531","70257","889","82.64","Apartment","1","","","","Y","0","0","","2","Oqood","","Beyond","","Initial Sale"
"12135753","2025-11-27","Palm Jumeirah","The Crescent","Serenia Living","Serenia Living Tower 2","","13300000","3984","42882","3338","310.15","Apartment","3","","","","Y","0","0","","7","Oqood","","Palma Holding","","Resale"
"12134773","2025-11-27","Palm Jumeirah","Shoreline Apartments","Al Masalli","","","4900000","2227","23970","2200","204.42","Apartment","3","","","","Y","0","0","","2","Title Deed","","Nakheel","","Resale"
"12135823","2025-11-27","Palm Jumeirah","The Crescent","Passo","Passo Tower A- Avita","","4206000","4796","51620","877","81.48","Apartment","1","","","","Y","0","0","","3","Oqood","","Beyond","","Initial Sale"
"12135849","2025-11-27","Palm Jumeirah","The Crescent","Passo","Passo Tower A- Avita","","4438420","4633","49859","958","89.02","Apartment","1","","","","Y","0","0","","2","Oqood","","Beyond","","Initial Sale"
"12136395","2025-11-27","Palm Jumeirah","Marina Residences","Marina Residences 2","","","6700000","2748","29571","2438","226.57","Apartment","3","","","","Y","0","0","","5","Title Deed","","Nakheel","","Resale"
"12134861","2025-11-27","Palm Jumeirah","Shoreline Apartments","Al Shahla","","","5000000","2319","24953","2156","200.38","Apartment","3","Community,Road,Park,Monorail","","","Y","0","0","","5","Title Deed","","Nakheel","","Resale"
"12135894","2025-11-27","Palm Jumeirah","The Crescent","Balqis Residences","Balqis Residence Block B","","4550000","2369","25484","1921","178.54","Apartment","2","","","","Y","0","0","","4","Title Deed","","IFA","","Resale"
"12134887","2025-11-27","Palm Jumeirah","The Crescent","Passo","Passo Tower A- Avita","","4230000","4947","53241","855","79.45","Apartment","1","","","","Y","0","0","","5","Oqood","","Beyond","","Initial Sale"
"12135663","2025-11-27","Palm Jumeirah","The Crescent","Passo","Passo Tower A- Avita","","4781000","4879","52504","980","91.06","Apartment","1","","","","Y","0","0","","4","Oqood","","Beyond","","Initial Sale"
"12129033","2025-11-26","Palm Jumeirah","The Crescent","Serenia Living","Serenia Living Tower 2","","16700000","5270","56708","3169","294.49","Apartment","3","","","","Y","0","0","","16","Oqood","","Palma Holding","","Resale"
"12129295","2025-11-26","Palm Jumeirah","The Crescent","Orla Infinity by Omniyat","","","61659986","7770","83622","7936","737.37","Apartment","4","","","","Y","0","0","","1","Oqood","","Omniyat","","Initial Sale"
"12129118","2025-11-26","Palm Jumeirah","The Crescent","The Royal Atlantis Resort and Residences","","","18000000","7982","85911","2255","209.52","Apartment","2","","","","Y","0","0","","3","Title Deed","","Kerzner International","","Resale"
"12129666","2025-11-26","Palm Jumeirah","Shoreline Apartments","Al Tamr","","","4999000","2292","24668","2181","202.65","Apartment","3","","","","Y","0","0","","9","Title Deed","","Nakheel","","Resale"
"12128918","2025-11-26","Palm Jumeirah","The Fairmont Palm Residences","The Fairmont Palm Residence South","","","4650000","2694","28985","1726","160.43","Apartment","2","","","","Y","0","0","","7","Title Deed","","IFA","","Resale"
"12129741","2025-11-26","Palm Jumeirah","The Fairmont Palm Residences","The Fairmont Palm Residence South","","","14500000","4364","46964","3323","308.75","Apartment","4","","","","Y","0","0","","3","Title Deed","","IFA","","Resale"
"12129239","2025-11-26","Palm Jumeirah","The Crescent","The Royal Atlantis Resort and Residences","","","53000000","8496","91452","6238","579.54","Apartment","5","","","","Y","0","0","","31","Title Deed","","Kerzner International","","Resale"
"12123733","2025-11-25","Palm Jumeirah","Canal Cove Villas","Canal Cove East","","","15000000","3659","39380","4099","380.9","Villa","4","","","","","5060","470.08","","G+1","Title Deed","","Nakheel","","Resale"
"12123758","2025-11-25","Palm Jumeirah","The Crescent","Passo","Passo Tower A- Avita","","9137000","5616","60418","1627","151.23","Apartment","2","","","","Y","0","0","","9","Oqood","","Beyond","","Initial Sale"
"12123520","2025-11-25","Palm Jumeirah","Shoreline Apartments","Jash Falqa","","","6600000","3058","32906","2158","200.57","Apartment","3","","","","Y","0","0","","6","Title Deed","","Nakheel","","Resale"
"12123272","2025-11-25","Palm Jumeirah","The Crescent","Azizi Mina","","","3500000","2081","22396","1682","156.28","Hotel Apartment","2","Burj Al Arab,Sea","","","Y","0","0","","2","Title Deed","Hotel Apartment","Azizi","","Resale"
"12123825","2025-11-25","Palm Jumeirah","The Crescent","Anantara Residences","Anantara Residences South","","3054000","1965","21141","1554","144.46","Apartment","1","","","","Y","0","0","","G","Title Deed","","Seven Tides","","Resale"
"12123848","2025-11-25","Palm Jumeirah","The Crescent","Balqis Residences","Balqis Residence Block A","","6500000","3098","33347","2098","194.92","Apartment","2","","","","Y","0","0","","6","Title Deed","","IFA","","Resale"
"12118806","2025-11-24","Palm Jumeirah","Vitalia by Pinnacle","","","","11500000","3243","34903","3546","329.48","Apartment","2","","","","Y","0","0","","G","Oqood","","Pinnacle Developers","","Initial Sale"
"12118562","2025-11-24","Palm Jumeirah","The Crescent","Six Senses The Palm","","","14500000","7178","77230","2020","187.75","Apartment","2","","","","Y","0","0","","6","Oqood","","Select Group","","Resale"
"12118575","2025-11-24","Palm Jumeirah","Seven Palm","","","","1000000","2825","30340","354","32.96","Hotel Apartment","s","","","","Y","0","0","","8","Title Deed","Hotel Apartment","Seven Tides","","Resale"
"12118337","2025-11-24","Palm Jumeirah","Seven Palm","","","","2100000","2838","30519","740","68.81","Apartment","1","","","","Y","0","0","","1","Title Deed","","Seven Tides","","Resale"
"12118635","2025-11-24","Palm Jumeirah","The Crescent","The Alba Residences","The Alba Residences Building 2","","29565000","9767","105101","3027","281.3","Apartment","3","","","","Y","0","0","","4","Oqood","","Omniyat","","Initial Sale"
"12118181","2025-11-24","Palm Jumeirah","The Crescent","The Alba Residences","The Alba Residences Building 2","","29130640","10404","111959","2800","260.19","Apartment","3","","","","Y","0","0","","8","Oqood","","Omniyat","","Initial Sale"
"12118002","2025-11-24","Palm Jumeirah","The Palm Tower","","","","5900000","5296","56972","1114","103.56","Apartment","1","","","","N","0","0","","44","Title Deed","","Nakheel","","Resale"
"12112664","2025-11-22","Palm Jumeirah","The Crescent","Muraba Residences","","","9729897","4004","43097","2430","225.77","Apartment","3","","","","Y","0","0","","5","Title Deed","","Muraba","","Initial Sale"
"12112700","2025-11-22","Palm Jumeirah","Vitalia by Pinnacle","","","","14207060","5225","56228","2719","252.67","Apartment","3","","","","Y","0","0","","3","Oqood","","Pinnacle Developers","","Initial Sale"
"12108819","2025-11-21","Palm Jumeirah","Vitalia by Pinnacle","","","","8877794","4525","48701","1962","182.29","Apartment","2","","","","Y","0","0","","4","Oqood","","Pinnacle Developers","","Initial Sale"
"12108576","2025-11-21","Palm Jumeirah","Vitalia by Pinnacle","","","","21000000","4028","43345","5214","484.48","Apartment","3","","","","Y","0","0","","G","Oqood","","Pinnacle Developers","","Initial Sale"
"12112208","2025-11-21","Palm Jumeirah","Vitalia by Pinnacle","","","","8594025","4380","47145","1962","182.29","Apartment","2","","","","Y","0","0","","2","Oqood","","Pinnacle Developers","","Initial Sale"
"12111995","2025-11-21","Palm Jumeirah","Vitalia by Pinnacle","","","","9375300","4778","51431","1962","182.29","Apartment","2","","","","Y","0","0","","6","Oqood","","Pinnacle Developers","","Initial Sale"
"12104582","2025-11-21","Palm Jumeirah","The Crescent","Passo","Passo Tower A- Avita","","10653000","6398","68849","1665","154.73","Apartment","2","","","","Y","0","0","","8","Oqood","","Beyond","","Initial Sale"
"12108698","2025-11-21","Palm Jumeirah","Vitalia by Pinnacle","","","","9378810","4837","52050","1939","180.19","Apartment","2","","","","Y","0","0","","7","Oqood","","Pinnacle Developers","","Initial Sale"
"12112035","2025-11-21","Palm Jumeirah","Tiara Residences","Aquamarine","","","4050000","3127","33638","1295","120.4","Apartment","1","","","","Y","0","0","","5","Title Deed","","Zabeel Properties","","Resale"
"12112573","2025-11-21","Palm Jumeirah","Seven Palm","","","","1450000","4028","43284","360","33.5","Apartment","s","","","","Y","0","0","","1","Title Deed","","Seven Tides","","Resale"
"12112090","2025-11-21","Palm Jumeirah","Vitalia by Pinnacle","","","","8700000","4487","48282","1939","180.19","Apartment","2","","","","Y","0","0","","5","Oqood","","Pinnacle Developers","","Initial Sale"
"12104682","2025-11-21","Palm Jumeirah","Palm Beach Towers","Palm Beach Tower 2","","","10700000","4157","44736","2574","239.18","Apartment","3","","","","Y","0","0","","43","Oqood","","Nakheel","","Resale"
"12112368","2025-11-21","Palm Jumeirah","The Crescent","Balqis Residences","Balqis Residence Villas","","32700000","2350","25299","13912","1292.52","Apartment","5","","","","Y","0","0","","G","Title Deed","","IFA","","Resale"
"12103963","2025-11-20","Palm Jumeirah","Shoreline Apartments","Al Shahla","","","4410076","1968","21178","2241","208.24","Apartment","3","","","","Y","0","0","","1","Title Deed","","Nakheel","","Resale"
"12104243","2025-11-20","Palm Jumeirah","The Crescent","Luce","","","9800000","4172","44901","2349","218.26","Apartment","3","","","","Y","0","0","","2","Oqood","","Taraf","","Resale"
"12104264","2025-11-20","Palm Jumeirah","The Crescent","Passo","Passo Tower A- Avita","","13625370","6276","67546","2171","201.72","Apartment","3","","","","Y","0","0","","10","Oqood","","Beyond","","Initial Sale"
"12104266","2025-11-20","Palm Jumeirah","The Crescent","Passo","Passo Tower A- Avita","","9278000","5703","61350","1627","151.23","Apartment","2","","","","Y","0","0","","11","Oqood","","Beyond","","Initial Sale"
"12103755","2025-11-20","Palm Jumeirah","The Fronds","Frond L","","","28000000","5600","60277","5000","464.52","Villa","4","","","","","7322","680.27","","G+1","Title Deed","","Nakheel","","Resale"
"12103756","2025-11-20","Palm Jumeirah","Vitalia by Pinnacle","","","","21000000","3984","42878","5271","489.76","Apartment","3","","","","Y","0","0","","G","Oqood","","Pinnacle Developers","","Initial Sale"
"12104276","2025-11-20","Palm Jumeirah","The Crescent","Passo","Passo Tower A- Avita","","4783380","5188","55796","922","85.73","Apartment","1","","","","Y","0","0","","2","Oqood","","Beyond","","Initial Sale"
"12104278","2025-11-20","Palm Jumeirah","The Crescent","Passo","Passo Tower A- Avita","","6173000","6518","70116","947","88.04","Apartment","1","","","","Y","0","0","","2","Oqood","","Beyond","","Initial Sale"
"12104310","2025-11-20","Palm Jumeirah","The Crescent","Passo","Passo Tower A- Avita","","5850000","5535","59566","1057","98.21","Apartment","1","","","","Y","0","0","","7","Oqood","","Beyond","","Initial Sale"
"12104336","2025-11-20","Palm Jumeirah","The Crescent","Passo","Passo Tower A- Avita","","14071000","6215","66884","2264","210.38","Apartment","3","","","","Y","0","0","","9","Oqood","","Beyond","","Initial Sale"
"12104346","2025-11-20","Palm Jumeirah","The Crescent","Passo","Passo Tower A- Avita","","9825000","5746","61816","1710","158.94","Apartment","2","","","","Y","0","0","","9","Oqood","","Beyond","","Initial Sale"
"12103605","2025-11-20","Palm Jumeirah","The Crescent","Passo","Passo Tower A- Avita","","7709000","5365","57706","1437","133.59","Apartment","2","","","","Y","0","0","","12","Oqood","","Beyond","","Initial Sale"
"12103355","2025-11-20","Palm Jumeirah","The Fronds","Frond O","","","30500000","6100","65659","5000","464.52","Villa","3","","","","","6718","624.08","","G+1","Title Deed","","Nakheel","","Resale"
"12103359","2025-11-20","Palm Jumeirah","The Fairmont Palm Residences","The Fairmont Palm Residence South","","","21000000","6209","66836","3382","314.2","Apartment","3","","","","Y","0","0","","8","Title Deed","","IFA","","Resale"
"12103875","2025-11-20","Palm Jumeirah","Oceana","Oceana Aegean","","","7250000","3181","34229","2279","211.81","Apartment","3","","","","Y","0","0","","4","Title Deed","","Seven Tides","","Resale"
"12103370","2025-11-20","Palm Jumeirah","Seven Palm","","","","2050000","2491","26804","823","76.48","Hotel Apartment","1","","","","Y","0","0","","7","Title Deed","Hotel Apartment","Seven Tides","","Resale"
"12103905","2025-11-20","Palm Jumeirah","Shoreline Apartments","Al Hamri","","","5800000","2611","28108","2221","206.35","Apartment","3","","","","Y","0","0","","3","Title Deed","","Nakheel","","Resale"
"11949598","2025-11-19","Palm Jumeirah","The Crescent","Serenia Residences","Serenia Residences North Wing","","2400000","2670","28715","899","83.58","Apartment","1","","","","Y","0","0","","6","Title Deed","","Palma Holding","","Resale"
"12099121","2025-11-19","Palm Jumeirah","The Fronds","Frond C","","","84000000","12002","129167","6999","650.32","Villa","6","","","","","14772","1372.34","","G+1","Title Deed","","Nakheel","","Resale"
"11949483","2025-11-19","Palm Jumeirah","The Crescent","Anantara Residences","Anantara Residences North","","4150000","2381","25620","1743","161.98","Apartment","2","","","","Y","0","0","","2","Title Deed","","Seven Tides","","Resale"
"11948289","2025-11-18","Palm Jumeirah","Marina Residences","Marina Residences 6","","","8000000","3165","34063","2528","234.86","Apartment","1","","","","N","0","0","","9","Title Deed","","Nakheel","","Resale"
"11949082","2025-11-18","Palm Jumeirah","Marina Residences","Marina Residences 3","","","3500000","1711","18422","2045","189.99","Apartment","2","Community","","","Y","0","0","","1","Title Deed","","Nakheel","","Resale"
"11948114","2025-11-18","Palm Jumeirah","Marina Residences","Marina Residences 4","","","7000000","1712","18423","4089","379.95","Apartment","2","","","","Y","0","0","","LG","Title Deed","","Nakheel","","Resale"
"11947020","2025-11-17","Palm Jumeirah","Shoreline Apartments","Al Hallawi","","","10000000","1909","20550","5237","486.61","Apartment","4","Dubai Marina Skyline","","","Y","0","0","","LP","Title Deed","","Nakheel","","Resale"
"11947308","2025-11-17","Palm Jumeirah","Seven Palm","","","","1917628","2465","26505","778","72.35","Apartment","1","Community","","","N","0","0","","M","Title Deed","","Seven Tides","","Resale"
"11947347","2025-11-17","Palm Jumeirah","The Fronds","Frond M","","","34600000","6920","74485","5000","464.52","Villa","4","","","","","7082","657.92","","G+1","Title Deed","","Nakheel","","Resale"
"11946855","2025-11-17","Palm Jumeirah","The Crescent","Balqis Residences","Balqis Residence Block C","","2101018","1669","17951","1259","117.04","Hotel Apartment","1","","","","N","0","0","","5","Title Deed","Hotel Apartment","IFA","","Resale"
"11946945","2025-11-17","Palm Jumeirah","Shoreline Apartments","Al Tamr","","","2800000","2445","26313","1145","106.41","Apartment","1","","","","Y","0","0","","LP","Title Deed","","Nakheel","","Resale"
"11946564","2025-11-16","Palm Jumeirah","Tiara Residences","Emerald","","","6900000","4114","44288","1677","155.8","Apartment","2","Atlantis Hotel, Marina, Sea, Swimming Pool","","","Y","0","0","","12","Title Deed","","Zabeel Properties","","Resale"
"11946006","2025-11-14","Palm Jumeirah","The Crescent","Balqis Residences","Balqis Residence Block C","","1098982","1670","17951","658","61.22","Hotel Apartment","s","","","","Y","0","0","","5","Title Deed","Hotel Apartment","IFA","","Resale"
"11945258","2025-11-14","Palm Jumeirah","Marina Residences","Marina Residences 2","","","7100000","2912","31337","2438","226.57","Apartment","3","","","","Y","0","0","","6","Title Deed","","Nakheel","","Resale"
"11946344","2025-11-14","Palm Jumeirah","Marina Residences","Marina Residences 5","","","3956375","2116","22773","1870","173.73","Apartment","2","Community, Construction, Marina","","","Y","0","0","","9","Title Deed","","Nakheel","","Resale"
"11945347","2025-11-14","Palm Jumeirah","The Crescent","The Alba Residences","The Alba Residences Building 1","","60648443","9043","97330","6707","623.12","Apartment","4","","","","Y","0","0","","7","Oqood","","Omniyat","","Initial Sale"
"11945399","2025-11-14","Palm Jumeirah","Shoreline Apartments","Abu Keibal","","","2675000","2338","25155","1144","106.34","Apartment","1","Park,Community,Monorail","","","Y","0","0","","3","Title Deed","","Nakheel","","Resale"
"11945977","2025-11-14","Palm Jumeirah","The Crescent","Balqis Residences","Balqis Residence Block C","","1780000","2536","27263","702","65.29","Hotel Apartment","s","","","","Y","0","0","","5","Title Deed","Hotel Apartment","IFA","","Resale"
"11943955","2025-11-13","Palm Jumeirah","The Crescent","Six Senses The Palm","","","19100000","6766","72812","2823","262.32","Apartment","2","","","","Y","0","0","","9","Oqood","","Select Group","","Resale"
"11944268","2025-11-13","Palm Jumeirah","Golden Mile","Golden Mile 2","","","2730000","2095","22538","1303","121.13","Apartment","1","","","","Y","0","0","","5","Title Deed","","Nakheel","","Resale"
"11944834","2025-11-13","Palm Jumeirah","The Crescent","Balqis Residences","Balqis Residence Block C","","6180000","2541","27346","2432","225.99","Apartment","3","","","","Y","0","0","","8","Title Deed","","IFA","","Resale"
"11943878","2025-11-13","Palm Jumeirah","The Crescent","The Alba Residences","The Alba Residences Building 1","","43633920","6797","73155","6420","596.46","Apartment","3","","","","Y","0","0","","1","Oqood","","Omniyat","","Initial Sale"
"11943911","2025-11-13","Palm Jumeirah","The Crescent","Grandeur Residences","Mughal","","1950000","1747","18792","1116","103.77","Apartment","1","","","","Y","0","0","","2","Title Deed","","ETA Ascon","","Resale"
"11944427","2025-11-13","Palm Jumeirah","The Crescent","The Alba Residences","The Alba Residences Building 2","","19965200","10659","114683","1873","174.09","Apartment","2","","","","Y","0","0","","7","Oqood","","Omniyat","","Initial Sale"
"11944430","2025-11-13","Palm Jumeirah","The Fronds","Frond L","","","55000000","11000","118402","5000","464.52","Villa","4","","","","","6679","620.59","","G+1","Title Deed","","Nakheel","","Resale"
"11942944","2025-11-12","Palm Jumeirah","The Crescent","Balqis Residences","Balqis Residence Block A","","9150000","2722","29303","3361","312.25","Apartment","4","Community,Sea,Distant Dubai Marina skyline,Palm Jumeirah ,Swimmin","","","Y","0","0","","7","Title Deed","","IFA","","Resale"
"11943213","2025-11-12","Palm Jumeirah","Shoreline Apartments","Jash Hamad","","","5900000","2729","29372","2162","200.87","Apartment","3","","","","Y","0","0","","2","Title Deed","","Nakheel","","Resale"
"11943252","2025-11-12","Palm Jumeirah","The Fronds","Frond B","","","5950000","0","0","0","0","Land","","","","","","2137","198.53","","","Title Deed","","Nakheel","","Initial Sale"
"11943081","2025-11-12","Palm Jumeirah","Marina Residences","Marina Residences 1","","","3200000","1801","19373","1777","165.18","Apartment","2","","","","Y","0","0","","13","Title Deed","","Nakheel","","Resale"
"11941691","2025-11-11","Palm Jumeirah","The Palm Tower","","","","2550000","2299","24745","1109","103.05","Apartment","1","","","","N","0","0","","27","Title Deed","","Nakheel","","Resale"
"11942213","2025-11-11","Palm Jumeirah","Tiara Residences","Aquamarine","","","5100000","3938","42359","1295","120.4","Apartment","1","","","","Y","0","0","","7","Title Deed","","Zabeel Properties","","Resale"
"11941994","2025-11-11","Palm Jumeirah","The Fronds","Frond M","","","3530000","0","0","0","0","Land","","","","","","1268","117.83","","","Title Deed","","Nakheel","","Initial Sale"
"11942006","2025-11-11","Palm Jumeirah","The Fronds","Frond D","","","2890000","0","0","0","0","Land","","","","","","661","61.39","","","Title Deed","","Nakheel","","Initial Sale"
"11942582","2025-11-11","Palm Jumeirah","Shoreline Apartments","Jash Hamad","","","4450000","2235","24049","1991","185.04","Apartment","2","","","","Y","0","0","","2","Title Deed","","Nakheel","","Resale"
"11942110","2025-11-11","Palm Jumeirah","Marina Residences","Marina Residences 2","","","4000000","1960","21087","2041","189.69","Apartment","2","","","","Y","0","0","","2","Title Deed","","Nakheel","","Resale"
"11942135","2025-11-11","Palm Jumeirah","Palm Beach Towers","Palm Beach Tower 2","","","6400000","3606","38809","1775","164.91","Apartment","2","","","","Y","0","0","","19","Oqood","","Nakheel","","Resale"
"11940877","2025-11-10","Palm Jumeirah","The Palm Tower","","","","6600000","6134","66020","1076","99.97","Apartment","1","","","","N","0","0","","44","Title Deed","","Nakheel","","Resale"
"11940886","2025-11-10","Palm Jumeirah","Shoreline Apartments","Al Nabat","","","6500000","3255","35035","1997","185.53","Apartment","2","","","","Y","0","0","","1","Title Deed","","Nakheel","","Resale"
"11940958","2025-11-10","Palm Jumeirah","Marina Residences","Marina Residences 3","","","7300000","2994","32220","2438","226.57","Apartment","3","Sea","","","Y","0","0","","6","Title Deed","","Nakheel","","Resale"
"11940771","2025-11-10","Palm Jumeirah","Five Palm Jumeirah","","","","6000000","2582","27783","2324","215.96","Apartment","3","","","","Y","0","0","","2","Title Deed","","Five Holdings","","Resale"
"11933334","2025-11-08","Palm Jumeirah","The Crescent","Passo","Passo Tower A- Avita","","13089860","7122","76639","1838","170.8","Apartment","3","","","","Y","0","0","","9","Oqood","","Beyond","","Initial Sale"
"11928592","2025-11-07","Palm Jumeirah","Marina Residences","Marina Residences 5","","","6150000","2236","24062","2751","255.59","Apartment","3","","","","Y","0","0","","LG","Title Deed","","Nakheel","","Resale"
"11928605","2025-11-07","Palm Jumeirah","Oceana","Oceana Atlantic","","","8000000","3275","35238","2443","227.03","Apartment","2","Community,Sea","","","Y","0","0","","B1","Title Deed","","Seven Tides","","Resale"
"11927864","2025-11-07","Palm Jumeirah","The Fronds","Frond M","","","55000000","7858","84574","6999","650.32","Villa","6","","","","","14696","1365.27","","G+1","Title Deed","","Nakheel","","Resale"
"11928433","2025-11-07","Palm Jumeirah","The Crescent","Passo","Passo Tower A- Avita","","12541440","5540","59616","2264","210.37","Apartment","2","","","","Y","0","0","","11","Oqood","","Beyond","","Initial Sale"
"11927925","2025-11-07","Palm Jumeirah","Golden Mile","Golden Mile 5","","","3800000","2112","22729","1799","167.19","Apartment","2","Community,Road","","","Y","0","0","","6","Title Deed","","Nakheel","","Resale"
"11928440","2025-11-07","Palm Jumeirah","The Fronds","Frond F","","","64800000","9258","99643","6999","650.32","Villa","5","","","","","14705","1366.13","","G+1","Title Deed","","Nakheel","","Resale"
"11928446","2025-11-07","Palm Jumeirah","The One at Palm Jumeirah","","","","22500000","7967","85740","2824","262.42","Apartment","3","Community,Sea,Dubai Marina Skyline,Distant Dubai Eye,Swimming Poo","","","Y","0","0","","6","Title Deed","","Omniyat","","Resale"
"11928465","2025-11-07","Palm Jumeirah","The Crescent","Passo","Passo Tower A- Avita","","7116000","5209","56071","1366","126.91","Apartment","2","","","","Y","0","0","","8","Oqood","","Beyond","","Initial Sale"
"11928731","2025-11-07","Palm Jumeirah","The Crescent","Passo","Passo Tower A- Avita","","4741000","4949","53246","958","89.04","Apartment","1","","","","Y","0","0","","5","Oqood","","Beyond","","Initial Sale"
"11928489","2025-11-07","Palm Jumeirah","The Crescent","Passo","Passo Tower A- Avita","","4847000","5246","56459","924","85.85","Apartment","1","","","","Y","0","0","","11","Oqood","","Beyond","","Initial Sale"
"11928495","2025-11-07","Palm Jumeirah","Marina Residences","Marina Residences 1","","","3850000","1883","20257","2045","190.06","Apartment","2","","","","Y","0","0","","1","Title Deed","","Nakheel","","Resale"
"11928752","2025-11-07","Palm Jumeirah","Marina Residences","Marina Residences 5","","","4000000","2066","22237","1936","179.88","Apartment","2","","","","Y","0","0","","4","Title Deed","","Nakheel","","Resale"
"11928764","2025-11-07","Palm Jumeirah","The Crescent","Passo","Passo Tower A- Avita","","4508000","4879","52510","924","85.85","Apartment","1","","","","Y","0","0","","4","Oqood","","Beyond","","Initial Sale"
"11928772","2025-11-07","Palm Jumeirah","The Crescent","Passo","Passo Tower A- Avita","","52119240","6692","72030","7788","723.58","Apartment","5","","","","Y","0","0","","11","Oqood","","Beyond","","Initial Sale"
"11933174","2025-11-07","Palm Jumeirah","Palm Views","Palm Views West","","","1475000","2721","29243","542","50.44","Apartment","s","","","","Y","0","0","","1","Title Deed","","Nakheel","","Resale"
"11922440","2025-11-06","Palm Jumeirah","The Crescent","Passo","Passo Tower A- Avita","","9323000","6547","70453","1424","132.33","Apartment","2","","","","Y","0","0","","2","Oqood","","Beyond","","Initial Sale"
"11922456","2025-11-06","Palm Jumeirah","The Crescent","Passo","Passo Tower A- Avita","","16000000","5435","58484","2944","273.58","Apartment","2","","","","Y","0","0","","14","Oqood","","Beyond","","Initial Sale"
"11921948","2025-11-06","Palm Jumeirah","The Crescent","Passo","Passo Tower A- Avita","","5619000","5429","58422","1035","96.18","Apartment","1","","","","Y","0","0","","5","Oqood","","Beyond","","Initial Sale"
"11922204","2025-11-06","Palm Jumeirah","Seven Palm","","","","1520000","4306","46313","353","32.82","Apartment","s","","","","Y","0","0","","13","Title Deed","","Seven Tides","","Resale"
"11922236","2025-11-06","Palm Jumeirah","The Crescent","Passo","Passo Tower A- Avita","","4339000","4881","52511","889","82.63","Apartment","1","","","","Y","0","0","","4","Oqood","","Beyond","","Initial Sale"
"11922258","2025-11-06","Palm Jumeirah","Five Palm Jumeirah","","","","5700000","3278","35266","1739","161.63","Apartment","2","","","","Y","0","0","","8","Title Deed","","Five Holdings","","Resale"
"11922265","2025-11-06","Palm Jumeirah","The Crescent","Passo","Passo Tower A- Avita","","8623020","6047","65084","1426","132.49","Apartment","2","","","","Y","0","0","","8","Oqood","","Beyond","","Initial Sale"
"11922043","2025-11-06","Palm Jumeirah","Tiara Residences","Emerald","","","6500000","2868","30876","2266","210.52","Apartment","3","","","","Y","0","0","","12","Title Deed","","Zabeel Properties","","Resale"
"11922056","2025-11-06","Palm Jumeirah","The Crescent","Passo","Passo Tower A- Avita","","7022000","5059","54430","1388","129.01","Apartment","2","","","","Y","0","0","","5","Oqood","","Beyond","","Initial Sale"
"11927471","2025-11-06","Palm Jumeirah","The Crescent","Serenia Residences","Serenia Residences East Wing","","22000000","3986","42901","5519","512.81","Apartment","3","","","","Y","0","0","","4","Title Deed","","Palma Holding","","Resale"
"11927499","2025-11-06","Palm Jumeirah","Seven Palm","","","","2200000","3328","35796","661","61.46","Apartment","1","","","","Y","0","0","","11","Title Deed","","Seven Tides","","Resale"
"11922392","2025-11-06","Palm Jumeirah","Tiara Residences","Diamond","","","6800000","4055","43646","1677","155.8","Apartment","2","","","","Y","0","0","","9","Title Deed","","Zabeel Properties","","Resale"
"11921895","2025-11-06","Palm Jumeirah","The Crescent","Passo","Passo Tower A- Avita","","12553920","6913","74385","1816","168.77","Apartment","3","","","","Y","0","0","","8","Oqood","","Beyond","","Initial Sale"
"11921646","2025-11-06","Palm Jumeirah","The Crescent","Serenia Living","Serenia Living Tower 1","","8670000","4573","49197","1896","176.23","Apartment","2","","","","Y","0","0","","8","Oqood","","Palma Holding","","Resale"
"11921573","2025-11-05","Palm Jumeirah","The Fronds","Frond E","","","237291","0","0","0","0","Land","","","","","","616","57.26","","","Title Deed","","Nakheel","","Initial Sale"
"11911123","2025-11-05","Palm Jumeirah","Marina Residences","Marina Residences 2","","","4900000","2402","25847","2040","189.58","Apartment","2","","","","Y","0","0","","3","Title Deed","","Nakheel","","Resale"
"11911395","2025-11-05","Palm Jumeirah","Golden Mile","Golden Mile 6","","","7400000","1406","15129","5264","489.13","Apartment","3","","","","Y","0","0","","G","Title Deed","","Nakheel","","Resale"
"11909635","2025-11-04","Palm Jumeirah","Golden Mile","Golden Mile 1","","","5200000","1451","15621","3583","332.89","Apartment","3","Community/Road","","","Y","0","0","","G","Title Deed","","Nakheel","","Resale"
"11909537","2025-11-04","Palm Jumeirah","The Crescent","Anantara Residences","Anantara Residences North","","2550000","2202","23699","1158","107.6","Apartment","1","","","","Y","0","0","","4","Title Deed","","Seven Tides","","Resale"
"11910856","2025-11-04","Palm Jumeirah","The Fronds","Frond F","","","110000000","15717","169147","6999","650.32","Villa","6","","","","","13400","1244.94","","G+1","Title Deed","","Nakheel","","Resale"
"11909341","2025-11-04","Palm Jumeirah","Oceana","Oceana Atlantic","","","6550000","3833","41249","1709","158.79","Apartment","2","","","","Y","0","0","","13","Title Deed","","Seven Tides","","Resale"
"11909862","2025-11-04","Palm Jumeirah","Shoreline Apartments","Al Masalli","","","6150000","2872","30909","2141","198.97","Apartment","3","","","","Y","0","0","","9","Title Deed","","Nakheel","","Resale"
"11909867","2025-11-04","Palm Jumeirah","Shoreline Apartments","Al Shahla","","","2750000","2404","25860","1144","106.34","Apartment","1","","","","Y","0","0","","3","Title Deed","","Nakheel","","Resale"
"11909365","2025-11-04","Palm Jumeirah","The Crescent","Serenia Residences","Serenia Residences West Wing","","3000000","2904","31243","1033","96.02","Apartment","1","","","","Y","0","0","","4","Title Deed","","Palma Holding","","Resale"
"11906319","2025-11-03","Palm Jumeirah","The Fronds","Frond C","","","32500000","4644","49975","6999","650.32","Villa","6","","","","","13404","1245.26","","G+1","Title Deed","","Nakheel","","Resale"
"11907131","2025-11-03","Palm Jumeirah","The Crescent","Balqis Residences","Balqis Residence Block C","","1283570","1207","12997","1063","98.76","Hotel Apartment","1","","","","Y","0","0","","G","Title Deed","Hotel Apartment","IFA","","Resale"
"11906623","2025-11-03","Palm Jumeirah","The Fronds","Frond K","","","22250000","4450","47899","5000","464.52","Villa","3","","","","","6718","624.08","","G+1","Title Deed","","Nakheel","","Resale"
"11906123","2025-11-03","Palm Jumeirah","Oceana","Oceana Pacific","","","6850000","4008","43139","1709","158.79","Apartment","2","Marina","","","Y","0","0","","13","Title Deed","","Seven Tides","","Resale"
"11906686","2025-11-03","Palm Jumeirah","Seven Palm","","","","2150000","2544","27378","845","78.53","Apartment","1","","","","Y","0","0","","1","Title Deed","","Seven Tides","","Resale"
"11906690","2025-11-03","Palm Jumeirah","The Crescent","The Royal Atlantis Resort and Residences","","","28000000","11701","125933","2393","222.34","Apartment","2","","","","Y","0","0","","14","Title Deed","","Kerzner International","","Resale"
"11906036","2025-11-03","Palm Jumeirah","The Crescent","Passo","Passo Tower A- Avita","","8654000","6173","66421","1402","130.29","Apartment","2","","","","Y","0","0","","8","Oqood","","Beyond","","Initial Sale"
"11894565","2025-10-31","Palm Jumeirah","The Fronds","Frond M","","","28000000","5600","60277","5000","464.52","Villa","4","","","","","6699","622.38","","G+1","Title Deed","","Nakheel","","Resale"
"11894834","2025-10-31","Palm Jumeirah","The Crescent","Balqis Residences","Balqis Residence Block B","","4450000","2224","23931","2001","185.95","Apartment","2","","","","Y","0","0","","4","Title Deed","","IFA","","Resale"
"11898936","2025-10-31","Palm Jumeirah","Marina Residences","Marina Residences 1","","","4550000","2254","24256","2019","187.58","Apartment","2","","","","Y","0","0","","11","Title Deed","","Nakheel","","Resale"
"11890529","2025-10-31","Palm Jumeirah","Shoreline Apartments","Al Dabas","","","5100000","2338","25164","2181","202.67","Apartment","3","","","","Y","0","0","","8","Title Deed","","Nakheel","","Resale"
"11894647","2025-10-31","Palm Jumeirah","Marina Residences","Marina Residences 1","","","4950000","2666","28681","1857","172.59","Apartment","2","","","","Y","0","0","","3","Title Deed","","Nakheel","","Resale"
"11899083","2025-10-31","Palm Jumeirah","Tiara Residences","Diamond","","","3600000","2701","29070","1333","123.84","Apartment","1","","","","Y","0","0","","G","Title Deed","","Zabeel Properties","","Resale"
"11858199","2025-10-30","Palm Jumeirah","The Crescent","Serenia Living","Serenia Living Tower 1","","9600000","4071","43818","2358","219.09","Apartment","2","","","","Y","0","0","","2","Oqood","","Palma Holding","","Resale"
"11858210","2025-10-30","Palm Jumeirah","Seven Palm","","","","1150000","3412","36718","337","31.32","Apartment","s","","","","N","0","0","","M","Title Deed","","Seven Tides","","Resale"
"11858216","2025-10-30","Palm Jumeirah","The Fronds","Frond C","","","50500000","9452","101718","5343","496.47","Villa","5","","","","","7362","683.91","","G+1","Title Deed","","Nakheel","","Resale"
"11862099","2025-10-30","Palm Jumeirah","The Fronds","Frond D","","","1860000","0","0","0","0","Land","","","","","","667","61.99","","","Title Deed","","Nakheel","","Initial Sale"
"11858302","2025-10-30","Palm Jumeirah","Azure Residences","","","","3400000","2455","26422","1385","128.68","Apartment","1","","","","Y","0","0","","1","Title Deed","","Nakheel","","Resale"
"11858054","2025-10-30","Palm Jumeirah","The Crescent","Passo","Passo Tower A- Avita","","4949000","5166","55594","958","89.02","Apartment","1","","","","Y","0","0","","9","Oqood","","Beyond","","Initial Sale"
"11890346","2025-10-30","Palm Jumeirah","Seven Palm","","","","2200000","3077","33113","715","66.44","Apartment","1","Community/ Partial Sea","","","Y","0","0","","9","Title Deed","","Seven Tides","","Resale"
"11857851","2025-10-30","Palm Jumeirah","Vitalia by Pinnacle","","","","9800314","4995","53762","1962","182.29","Apartment","2","","","","Y","0","0","","8","Oqood","","Pinnacle Developers","","Initial Sale"
"11858411","2025-10-30","Palm Jumeirah","The Crescent","Six Senses The Palm","","","14000000","6931","74599","2020","187.67","Apartment","2","","","","Y","0","0","","8","Oqood","","Select Group","","Resale"
"11862271","2025-10-30","Palm Jumeirah","The Fairmont Palm Residences","The Fairmont Palm Residence South","","","3150000","2194","23611","1436","133.41","Apartment","1","","","","Y","0","0","","1","Title Deed","","IFA","","Resale"
"11831568","2025-10-29","Palm Jumeirah","The Crescent","Passo","Passo Tower A- Avita","","4931000","5099","54850","967","89.9","Apartment","1","","","","Y","0","0","","7","Oqood","","Beyond","","Initial Sale"
"11831576","2025-10-29","Palm Jumeirah","The Crescent","Passo","Passo Tower A- Avita","","13434000","7266","78182","1849","171.83","Apartment","3","","","","Y","0","0","","10","Oqood","","Beyond","","Initial Sale"
"11831590","2025-10-29","Palm Jumeirah","The Crescent","Passo","Passo Tower A- Avita","","6067000","5628","60531","1078","100.23","Apartment","1","","","","Y","0","0","","9","Oqood","","Beyond","","Initial Sale"
"11832108","2025-10-29","Palm Jumeirah","The Fronds","Frond B","","","45000000","9000","96874","5000","464.52","Villa","4","","","","","7314","679.53","","G+1","Title Deed","","Nakheel","","Resale"
"11832118","2025-10-29","Palm Jumeirah","The Crescent","Luce","","","11000000","3973","42747","2769","257.33","Apartment","3","","","","Y","0","0","","1","Oqood","","Taraf","","Resale"
"11831657","2025-10-29","Palm Jumeirah","The Crescent","The 8","","","3100000","2331","25079","1330","123.61","Apartment","2","","","","Y","0","0","","2","Title Deed","","IFA","","Initial Sale"
"11857576","2025-10-29","Palm Jumeirah","The Crescent","Passo","Passo Tower A- Avita","","9559000","6998","75286","1366","126.97","Apartment","2","","","","Y","0","0","","14","Oqood","","Beyond","","Initial Sale"
"11831723","2025-10-29","Palm Jumeirah","The Crescent","Anantara Residences","Anantara Residences North","","6032000","2927","31495","2061","191.52","Apartment","2","","","","Y","0","0","","1","Title Deed","","Seven Tides","","Resale"
"11857580","2025-10-29","Palm Jumeirah","The Crescent","Passo","Passo Tower A- Avita","","4849000","5542","59599","875","81.36","Apartment","1","","","","Y","0","0","","6","Oqood","","Beyond","","Initial Sale"
"11831493","2025-10-29","Palm Jumeirah","The Crescent","Passo","Passo Tower A- Avita","","10740000","5834","62789","1841","171.05","Apartment","2","","","","Y","0","0","","7","Oqood","","Beyond","","Initial Sale"
"11857649","2025-10-29","Palm Jumeirah","Oceana","Dukes Oceana","","","622987","1675","18005","372","34.6","Hotel Apartment","s","","","","Y","0","0","","11","Title Deed","Hotel Apartment","Seven Tides","","Resale"
"11831801","2025-10-29","Palm Jumeirah","Shoreline Apartments","Al Hallawi","","","4400000","2185","23513","2014","187.13","Apartment","2","","","","Y","0","0","","5","Title Deed","","Nakheel","","Resale"
"11831547","2025-10-29","Palm Jumeirah","The Crescent","Passo","Passo Tower A- Avita","","9010000","5703","61347","1580","146.87","Apartment","2","","","","Y","0","0","","12","Oqood","","Beyond","","Initial Sale"
"11825954","2025-10-28","Palm Jumeirah","Seven Palm","","","","1700000","2279","24503","746","69.38","Apartment","1","","","","Y","0","0","","2","Title Deed","","Seven Tides","","Resale"
"11825451","2025-10-28","Palm Jumeirah","Seven Palm","","","","1400000","3977","42787","352","32.72","Apartment","s","","","","Y","0","0","","6","Title Deed","","Seven Tides","","Resale"
"11831184","2025-10-28","Palm Jumeirah","Palm Beach Towers","Palm Beach Tower 3","","","4858800","3560","38313","1365","126.82","Apartment","2","","","","Y","0","0","","40","Oqood","","Nakheel","","Resale"
"11825825","2025-10-28","Palm Jumeirah","The Crescent","Azizi Mina","","","2150000","2386","25672","901","83.75","Hotel Apartment","1","","","","Y","0","0","","8","Title Deed","Hotel Apartment","Azizi","","Resale"
"11825322","2025-10-28","Palm Jumeirah","The Crescent","W Residences","","","22000000","3201","34454","6873","638.53","Apartment","3","","","","Y","0","0","","3","Title Deed","","Al Sharq Investment LLC","","Resale"
"11825860","2025-10-28","Palm Jumeirah","Shoreline Apartments","Jash Hamad","","","1970000","2751","29575","716","66.61","Apartment","3","","","","N","0","0","","1","Title Deed","","Nakheel","","Resale"
"11825886","2025-10-28","Palm Jumeirah","The Fairmont Palm Residences","The Fairmont Palm Residence South","","","5085000","2962","31869","1717","159.56","Apartment","2","","","","Y","0","0","","3","Title Deed","","IFA","","Resale"
"11820611","2025-10-27","Palm Jumeirah","The Crescent","Balqis Residences","Balqis Residence Block B","","3850000","1767","19013","2179","202.49","Apartment","2","","","","Y","0","0","","2","Title Deed","","IFA","","Resale"
"11820417","2025-10-27","Palm Jumeirah","The Crescent","Balqis Residences","Balqis Residence Block B","","4350000","2224","23929","1956","181.79","Apartment","2","","","","Y","0","0","","6","Title Deed","","IFA","","Resale"
"11807701","2025-10-25","Palm Jumeirah","The Crescent","Passo","Passo Tower A- Avita","","52065000","7061","75996","7374","685.1","Apartment","4","","","","Y","0","0","","13","Oqood","","Beyond","","Initial Sale"
"11807500","2025-10-24","Palm Jumeirah","The Crescent","Passo","Passo Tower A- Avita","","8839000","6396","68829","1382","128.42","Apartment","2","","","","Y","0","0","","13","Oqood","","Beyond","","Initial Sale"
"11802646","2025-10-24","Palm Jumeirah","Marina Residences","Marina Residences 3","","","3390000","1813","19513","1870","173.73","Apartment","2","","","","Y","0","0","","5","Title Deed","","Nakheel","","Resale"
"11807518","2025-10-24","Palm Jumeirah","The Crescent","Passo","Passo Tower A- Avita","","8755000","5541","59611","1580","146.87","Apartment","2","","","","Y","0","0","","8","Oqood","","Beyond","","Initial Sale"
"11802658","2025-10-24","Palm Jumeirah","Tiara Residences","Ruby","","","3760000","2903","31229","1295","120.4","Apartment","1","","","","Y","0","0","","8","Title Deed","","Zabeel Properties","","Resale"
"11802454","2025-10-24","Palm Jumeirah","The Fronds","Frond D","","","34750000","6950","74808","5000","464.52","Villa","4","","","","","6705","622.94","","G+1","Title Deed","","Nakheel","","Resale"
"11807373","2025-10-24","Palm Jumeirah","The Crescent","Passo","Passo Tower A- Avita","","8629000","6244","67194","1382","128.42","Apartment","2","","","","Y","0","0","","10","Oqood","","Beyond","","Initial Sale"
"11807383","2025-10-24","Palm Jumeirah","The Crescent","Passo","Passo Tower A- Avita","","4491000","4798","51621","936","87","Apartment","1","","","","Y","0","0","","3","Oqood","","Beyond","","Initial Sale"
"11802547","2025-10-24","Palm Jumeirah","Five Palm Jumeirah","","","","3700000","3045","32767","1215","112.92","Apartment","1","Community,Swimming Pool,Restricted Sea","","","Y","0","0","","11","Title Deed","","Five Holdings","","Resale"
"11807454","2025-10-24","Palm Jumeirah","The Fronds","Frond F","","","1830000","0","0","0","0","Land","","","","","","656","60.98","","","Title Deed","","Nakheel","","Initial Sale"
"11797534","2025-10-23","Palm Jumeirah","Marina Residences","Marina Residences 4","","","10200000","2517","27086","4053","376.58","Apartment","3","","","","Y","0","0","","4","Title Deed","","Nakheel","","Resale"
"11798076","2025-10-23","Palm Jumeirah","The Crescent","Ellington Beach House","","","7349828","5183","55782","1418","131.76","Apartment","2","","","","Y","0","0","","1","Title Deed","","Ellington Properties","","Resale"
"11797828","2025-10-23","Palm Jumeirah","Marina Residences","Marina Residences 2","","","18000000","2639","28407","6820","633.65","Apartment","4","","","","Y","0","0","","14","Title Deed","","Nakheel","","Resale"
"11797329","2025-10-23","Palm Jumeirah","The Palm Tower","","","","4100000","3890","41854","1054","97.96","Apartment","1","","","","N","0","0","","43","Title Deed","","Nakheel","","Resale"
"11797593","2025-10-23","Palm Jumeirah","Azure Residences","","","","5900000","2927","31490","2016","187.36","Apartment","2","","","","Y","0","0","","3","Title Deed","","Nakheel","","Resale"
"11797343","2025-10-23","Palm Jumeirah","Shoreline Apartments","Al Sarrood","","","4980000","2499","26887","1993","185.22","Apartment","2","","","","Y","0","0","","8","Title Deed","","Nakheel","","Resale"
"11797352","2025-10-23","Palm Jumeirah","The Crescent","Passo","Passo Tower A- Avita","","4772000","5165","55585","924","85.85","Apartment","1","","","","Y","0","0","","9","Oqood","","Beyond","","Initial Sale"
"11797867","2025-10-23","Palm Jumeirah","The Crescent","Anantara Residences","Anantara Residences South","","2880000","2491","26813","1156","107.41","Apartment","1","","","","Y","0","0","","5","Title Deed","","Seven Tides","","Resale"
"11797869","2025-10-23","Palm Jumeirah","The Crescent","Anantara Residences","Anantara Residences South","","3960000","2157","23209","1836","170.62","Apartment","2","","","","Y","0","0","","2","Title Deed","","Seven Tides","","Resale"
"11797378","2025-10-23","Palm Jumeirah","The Crescent","Passo","Passo Tower A- Avita","","9541000","4938","53147","1932","179.52","Apartment","2","","","","Y","0","0","","4","Oqood","","Beyond","","Initial Sale"
"11797392","2025-10-23","Palm Jumeirah","The Crescent","Passo","Passo Tower A- Avita","","9342000","6844","73652","1365","126.84","Apartment","2","","","","Y","0","0","","10","Oqood","","Beyond","","Initial Sale"
"11797398","2025-10-23","Palm Jumeirah","The Crescent","Passo","Passo Tower A- Avita","","9171000","5223","56205","1756","163.17","Apartment","2","","","","Y","0","0","","3","Oqood","","Beyond","","Initial Sale"
"11797419","2025-10-23","Palm Jumeirah","The Crescent","The 8","","","10000000","1972","21219","5072","471.27","Apartment","4","","","","Y","0","0","","G","Title Deed","","IFA","","Resale"
"11797422","2025-10-23","Palm Jumeirah","The Crescent","Passo","Passo Tower A- Avita","","20246000","6278","67554","3225","299.7","Apartment","3","","","","Y","0","0","","10","Oqood","","Beyond","","Initial Sale"
"11797425","2025-10-23","Palm Jumeirah","The Crescent","Passo","Passo Tower A- Avita","","4339000","4948","53252","877","81.48","Apartment","1","","","","Y","0","0","","6","Oqood","","Beyond","","Initial Sale"
"11797434","2025-10-23","Palm Jumeirah","The Crescent","Passo","Passo Tower A- Avita","","9526000","5777","62156","1649","153.26","Apartment","2","","","","Y","0","0","","14","Oqood","","Beyond","","Initial Sale"
"11797465","2025-10-23","Palm Jumeirah","The Crescent","Passo","Passo Tower A- Avita","","5276000","5462","58759","966","89.79","Apartment","1","","","","Y","0","0","","4","Oqood","","Beyond","","Initial Sale"
"11789569","2025-10-22","Palm Jumeirah","Shoreline Apartments","Al Nabat","","","4125000","2661","28646","1550","144","Apartment","2","","","","Y","0","0","","G","Title Deed","","Nakheel","","Resale"
"11789934","2025-10-22","Palm Jumeirah","Tiara Residences","Tanzanite","","","5600000","4324","46512","1295","120.4","Apartment","1","","","","Y","0","0","","10","Title Deed","","Zabeel Properties","","Resale"
"11789965","2025-10-22","Palm Jumeirah","Oceana","Dukes Oceana","","","1000000","2392","25740","418","38.85","Hotel Apartment","s","","","","N","0","0","","16","Title Deed","Hotel Apartment","Seven Tides","","Resale"
"11789502","2025-10-22","Palm Jumeirah","Golden Mile","Golden Mile 3","","","8300000","1700","18300","4881","453.54","Apartment","4","Community,Monorail,Park","","","Y","0","0","","7","Title Deed","","Nakheel","","Resale"
"11789803","2025-10-22","Palm Jumeirah","Oceana","Oceana Atlantic","","","3660000","2664","28654","1374","127.73","Apartment","1","","","","Y","0","0","","GF","Title Deed","","Seven Tides","","Resale"
"11789061","2025-10-21","Palm Jumeirah","Seven Palm","","","","1540000","4363","46837","353","32.88","Apartment","s","","","","Y","0","0","","9","Title Deed","","Seven Tides","","Resale"
"11784457","2025-10-21","Palm Jumeirah","Shoreline Apartments","Al Masalli","","","4400000","2774","29859","1586","147.36","Apartment","2","","","","Y","0","0","","2","Title Deed","","Nakheel","","Resale"
"11784462","2025-10-21","Palm Jumeirah","The Fronds","Frond K","","","34700000","6940","74701","5000","464.52","Villa","4","Community,Sea","","","","7747","719.72","","G+1","Title Deed","","Nakheel","","Resale"
"11784234","2025-10-21","Palm Jumeirah","The Fairmont Palm Residences","The Fairmont Palm Residence South","","","4450000","2504","26950","1777","165.12","Apartment","2","","","","Y","0","0","","9","Title Deed","","IFA","","Resale"
"11784514","2025-10-21","Palm Jumeirah","Oceana","Dukes Oceana","","","775000","1881","20246","412","38.28","Hotel Apartment","s","","","","N","0","0","","17","Title Deed","Hotel Apartment","Seven Tides","","Resale"
"11784539","2025-10-21","Palm Jumeirah","The Crescent","Passo","Passo Tower A- Avita","","4416000","5165","55582","855","79.45","Apartment","1","","","","Y","0","0","","10","Oqood","","Beyond","","Initial Sale"
"11784587","2025-10-21","Palm Jumeirah","The Crescent","Passo","Passo Tower A- Avita","","4524000","5170","55591","875","81.38","Apartment","1","","","","Y","0","0","","9","Oqood","","Beyond","","Initial Sale"
"11784131","2025-10-21","Palm Jumeirah","Palm Views","Palm Views East","","","1525000","2783","29902","548","51","Apartment","s","Community,Marina","","","Y","0","0","","2","Title Deed","","Nakheel","","Resale"
"11784402","2025-10-21","Palm Jumeirah","The Fronds","Frond L","","","30150000","6030","64906","5000","464.52","Villa","4","","","","","6699","622.38","","G+1","Title Deed","","Nakheel","","Resale"
"11789278","2025-10-21","Palm Jumeirah","The Crescent","The 8","","","9200000","1832","19723","5021","466.47","Apartment","4","","","","Y","0","0","","G","Title Deed","","IFA","","Initial Sale"
"11780868","2025-10-20","Palm Jumeirah","The Crescent","Anantara Residences","Anantara Residences South","","2475000","2148","23116","1152","107.07","Apartment","1","","","","Y","0","0","","2","Title Deed","","Seven Tides","","Resale"
"11781186","2025-10-20","Palm Jumeirah","The Crescent","Balqis Residences","Balqis Residence Block C","","4100000","2148","23113","1909","177.39","Apartment","2","","","","Y","0","0","","10","Title Deed","","IFA","","Resale"
"11781552","2025-10-20","Palm Jumeirah","The Crescent","Anantara Residences","Anantara Residences South","","2200000","1900","20446","1158","107.6","Apartment","1","","","","Y","0","0","","1","Title Deed","","Seven Tides","","Resale"
"11781619","2025-10-20","Palm Jumeirah","The Crescent","Passo","Passo Tower A- Avita","","5057000","5246","56452","964","89.58","Apartment","1","","","","Y","0","0","","12","Oqood","","Beyond","","Initial Sale"
"11781625","2025-10-20","Palm Jumeirah","The Crescent","Passo","Passo Tower A- Avita","","4600000","5245","56456","877","81.48","Apartment","1","","","","Y","0","0","","12","Oqood","","Beyond","","Initial Sale"
"11769471","2025-10-17","Palm Jumeirah","Oceana","Oceana Baltic","","","7750000","3401","36589","2279","211.81","Apartment","3","Community/ Partial Sea/ Sports courts/ Swimming Pool","","","Y","0","0","","13","Title Deed","","Seven Tides","","Resale"
"11774623","2025-10-17","Palm Jumeirah","Seven Palm","","","","3000000","2715","29217","1105","102.68","Apartment","2","","","","Y","0","0","","7","Title Deed","","Seven Tides","","Resale"
"11774422","2025-10-17","Palm Jumeirah","The Crescent","The 8","","","5098500","4118","44304","1238","115.08","Hotel Apartment","2","","","","Y","0","0","","4","Title Deed","Hotel Apartment","IFA","","Resale"
"11774696","2025-10-17","Palm Jumeirah","Shoreline Apartments","Al Haseer","","","6200000","3083","33169","2011","186.92","Apartment","2","","","","Y","0","0","","4","Title Deed","","Nakheel","","Resale"
"11769160","2025-10-16","Palm Jumeirah","The One at Palm Jumeirah","","","","54250000","8564","92165","6335","588.62","Apartment","4","","","","Y","0","0","","8","Title Deed","","Omniyat","","Resale"
"11754843","2025-10-16","Palm Jumeirah","The Crescent","Anantara Residences","Anantara Residences South","","2250000","1940","20876","1160","107.78","Apartment","1","","","","Y","0","0","","1","Title Deed","","Seven Tides","","Resale"
"11763567","2025-10-16","Palm Jumeirah","The Fronds","Frond B","","","488217","0","0","0","0","Land","","","","","","1268","117.81","","","Title Deed","","Nakheel","","Initial Sale"
"11763593","2025-10-16","Palm Jumeirah","Golden Mile","Golden Mile 2","","","4075000","2280","24535","1787","166.09","Apartment","2","","","","Y","0","0","","5","Title Deed","","Nakheel","","Resale"
"11754897","2025-10-16","Palm Jumeirah","Marina Residences","Marina Residences 5","","","19700000","1921","20679","10254","952.65","Apartment","4","","","","Y","0","0","","14","Title Deed","","Nakheel","","Resale"
"11763896","2025-10-16","Palm Jumeirah","The Fronds","Frond M","","","48500000","9077","97690","5343","496.47","Villa","5","","","","","7387","686.3","","G+1","Title Deed","","Nakheel","","Resale"
"11763409","2025-10-16","Palm Jumeirah","The Crescent","Balqis Residences","Balqis Residence Block B","","12000012","1179","12690","10178","945.66","Apartment","5","","","","Y","0","0","","2","Title Deed","","IFA","","Resale"
"11751253","2025-10-15","Palm Jumeirah","The Fronds","Frond P","","","30500000","5586","60117","5460","507.34","Villa","5","Community,Sea","","","","7777","722.51","","G+1","Title Deed","","Nakheel","","Resale"
"11751576","2025-10-15","Palm Jumeirah","Shoreline Apartments","Al Hamri","","","2635000","2301","24763","1145","106.41","Apartment","1","","","","Y","0","0","","5","Title Deed","","Nakheel","","Resale"
"11751921","2025-10-15","Palm Jumeirah","The One at Palm Jumeirah","","","","47000000","9472","101941","4962","461.05","Apartment","4","","","","Y","0","0","","1","Title Deed","","Omniyat","","Resale"
"9128452","2025-10-14","Palm Jumeirah","The Crescent","Passo","Passo Tower A- Avita","","4544000","5315","57193","855","79.45","Apartment","1","","","","Y","0","0","","13","Oqood","","Beyond","","Initial Sale"
"9128504","2025-10-14","Palm Jumeirah","The Crescent","Passo","Passo Tower A- Avita","","6980000","5280","56817","1322","122.85","Apartment","2","","","","Y","0","0","","10","Oqood","","Beyond","","Initial Sale"
"9128780","2025-10-14","Palm Jumeirah","Seven Palm","","","","2100000","2933","31565","716","66.53","Apartment","1","","","","Y","0","0","","1","Title Deed","","Seven Tides","","Resale"
"9128801","2025-10-14","Palm Jumeirah","Palma Residences","","","","34000000","10192","109677","3336","310","Townhouse","5","","","","","4537","421.49","","G+1","Title Deed","","Nakheel","","Resale"
"9129170","2025-10-14","Palm Jumeirah","Marina Residences","Marina Residences 4","","","4200000","2421","26053","1735","161.21","Apartment","2","Community,Road,Restricted Sea","","","Y","0","0","","6","Title Deed","","Nakheel","","Resale"
"9128672","2025-10-14","Palm Jumeirah","The Crescent","Serenia Living","Serenia Living Tower 2","","13115000","4139","44535","3169","294.49","Apartment","3","","","","Y","0","0","","6","Oqood","","Palma Holding","","Resale"
"9129214","2025-10-14","Palm Jumeirah","The Crescent","Passo","Passo Tower A- Avita","","20151000","5420","58328","3718","345.48","Apartment","3","","","","Y","0","0","","8","Oqood","","Beyond","","Initial Sale"
"9127184","2025-10-13","Palm Jumeirah","Shoreline Apartments","Al Shahla","","","2650000","2316","24920","1144","106.34","Apartment","1","","","","Y","0","0","","7","Title Deed","","Nakheel","","Resale"
"9127443","2025-10-13","Palm Jumeirah","The Crescent","Azizi Mina","","","3040000","1995","21460","1524","141.66","Hotel Apartment","2","","","","Y","0","0","","4","Title Deed","Hotel Apartment","Azizi","","Resale"
"9127476","2025-10-13","Palm Jumeirah","The Crescent","Passo","Passo Tower A- Avita","","4784000","5100","54844","938","87.23","Apartment","1","","","","Y","0","0","","8","Oqood","","Beyond","","Initial Sale"
"9127326","2025-10-13","Palm Jumeirah","Shoreline Apartments","Al Anbara","","","3582000","2264","24361","1582","147.04","Apartment","2","","","","Y","0","0","","5","Title Deed","","Nakheel","","Resale"
"9128364","2025-10-13","Palm Jumeirah","The Crescent","Anantara Residences","Anantara Residences North","","1689000","3077","33111","549","51.01","Apartment","s","","","","Y","0","0","","8","Title Deed","","Seven Tides","","Resale"
"9127616","2025-10-13","Palm Jumeirah","The Crescent","Passo","Passo Tower A- Avita","","4867000","5167","55585","942","87.56","Apartment","1","","","","Y","0","0","","10","Oqood","","Beyond","","Initial Sale"
"9127882","2025-10-13","Palm Jumeirah","Shoreline Apartments","Al Nabat","","","3500000","3081","33135","1136","105.63","Apartment","1","","","","Y","0","0","","4","Title Deed","","Nakheel","","Resale"
"9126425","2025-10-10","Palm Jumeirah","Palm Views","Palm Views East","","","1500000","2982","32051","503","46.8","Apartment","s","","","","Y","0","0","","4","Title Deed","","Nakheel","","Resale"
"9126007","2025-10-10","Palm Jumeirah","Marina Residences","Marina Residences 4","","","7200000","2953","31778","2438","226.57","Apartment","3","","","","Y","0","0","","9","Title Deed","","Nakheel","","Resale"
"9126336","2025-10-10","Palm Jumeirah","Palm Beach Towers","Palm Beach Tower 3","","","4848800","3565","38361","1360","126.4","Apartment","2","","","","Y","0","0","","40","Oqood","","Nakheel","","Resale"
"9125838","2025-10-10","Palm Jumeirah","The Palm Tower","","","","2300000","4398","47286","523","48.64","Apartment","s","","","","N","0","0","","33","Title Deed","","Nakheel","","Resale"
"9126905","2025-10-10","Palm Jumeirah","The Crescent","Anantara Residences","Anantara Residences South","","2430000","2100","22592","1157","107.56","Apartment","1","","","","Y","0","0","","1","Title Deed","","Seven Tides","","Resale"
"9126910","2025-10-10","Palm Jumeirah","The Fairmont Palm Residences","The Fairmont Palm Residence South","","","3000000","2214","23828","1355","125.9","Apartment","1","Burj Al Arab","","","Y","0","0","","1","Title Deed","","IFA","","Resale"
"9124880","2025-10-09","Palm Jumeirah","The Fronds","Frond D","","","26250000","5250","56510","5000","464.52","Villa","4","","","","","6686","621.17","","G+1","Title Deed","","Nakheel","","Resale"
"9124419","2025-10-09","Palm Jumeirah","The Fairmont Palm Residences","The Fairmont Palm Residence North","","","4375000","2023","21766","2163","201","Apartment","2","","","","Y","0","0","","1","Title Deed","","IFA","","Resale"
"9124946","2025-10-09","Palm Jumeirah","The Fronds","Frond K","","","34250000","6850","73732","5000","464.52","Villa","4","","","","","7077","657.43","","G+1","Title Deed","","Nakheel","","Resale"
"9124537","2025-10-09","Palm Jumeirah","The Crescent","The 8","","","5750000","4356","46870","1320","122.68","Apartment","2","Sea View","","","Y","0","0","","5","Title Deed","","IFA","","Resale"
"9124539","2025-10-09","Palm Jumeirah","The Crescent","The 8","","","5750000","4333","46615","1327","123.35","Apartment","2","","","","Y","0","0","","6","Title Deed","","IFA","","Resale"
"9124567","2025-10-09","Palm Jumeirah","The Crescent","Passo","Passo Tower A- Avita","","6693000","4903","52771","1365","126.83","Apartment","2","","","","Y","0","0","","3","Oqood","","Beyond","","Initial Sale"
"9124847","2025-10-09","Palm Jumeirah","Shoreline Apartments","Al Sultana","","","4999999","2260","24324","2212","205.56","Apartment","3","","","","Y","0","0","","4","Title Deed","","Nakheel","","Resale"
"9123348","2025-10-08","Palm Jumeirah","Marina Residences","Marina Residences 4","","","3600000","1925","20722","1870","173.73","Apartment","2","","","","Y","0","0","","5","Title Deed","","Nakheel","","Resale"
"9123862","2025-10-08","Palm Jumeirah","Shoreline Apartments","Al Shahla","","","3890000","2510","27001","1550","144.07","Apartment","2","","","","Y","0","0","","3","Title Deed","","Nakheel","","Resale"
"9123921","2025-10-08","Palm Jumeirah","Palm Beach Towers","Palm Beach Tower 2","","","3830380","3337","35895","1148","106.71","Apartment","1","","","","Y","0","0","","25","Oqood","","Nakheel","","Resale"
"9123922","2025-10-08","Palm Jumeirah","Palm Beach Towers","Palm Beach Tower 2","","","4121742","3622","38958","1138","105.8","Apartment","1","","","","Y","0","0","","25","Oqood","","Nakheel","","Resale"
"9123930","2025-10-08","Palm Jumeirah","Palm Beach Towers","Palm Beach Tower 2","","","4211392","3659","39362","1151","106.99","Apartment","1","","","","Y","0","0","","25","Oqood","","Nakheel","","Resale"
"9123935","2025-10-08","Palm Jumeirah","Palm Beach Towers","Palm Beach Tower 2","","","3404544","3081","33150","1105","102.7","Apartment","1","","","","Y","0","0","","25","Oqood","","Nakheel","","Resale"
"9123938","2025-10-08","Palm Jumeirah","Palm Beach Towers","Palm Beach Tower 2","","","3841587","3323","35769","1156","107.4","Apartment","1","","","","Y","0","0","","25","Oqood","","Nakheel","","Resale"
"9123939","2025-10-08","Palm Jumeirah","Palm Beach Towers","Palm Beach Tower 2","","","3785555","3332","35851","1136","105.59","Apartment","1","","","","Y","0","0","","25","Oqood","","Nakheel","","Resale"
"9123219","2025-10-08","Palm Jumeirah","Palm Views","Palm Views West","","","1525000","2783","29902","548","51","Apartment","s","","","","Y","0","0","","3","Title Deed","","Nakheel","","Resale"
"9123301","2025-10-08","Palm Jumeirah","Palm Views","Palm Views East","","","1500000","2737","29458","548","50.92","Apartment","s","","","","Y","0","0","","2","Title Deed","","Nakheel","","Resale"
"9122640","2025-10-07","Palm Jumeirah","The Fronds","Frond E","","","3510000","0","0","0","0","Land","","","","","","1261","117.15","","","Title Deed","","Nakheel","","Initial Sale"
"9122642","2025-10-07","Palm Jumeirah","The Crescent","Passo","Passo Tower A- Avita","","4407000","5166","55595","853","79.27","Apartment","1","","","","Y","0","0","","10","Oqood","","Beyond","","Initial Sale"
"9122685","2025-10-07","Palm Jumeirah","Palm Beach Towers","Palm Beach Tower 1","","","7850000","6721","72284","1168","108.6","Apartment","1","","","","Y","0","0","","41","Oqood","","Nakheel","","Resale"
"9122193","2025-10-07","Palm Jumeirah","The Crescent","Passo","Passo Tower A- Avita","","7212000","5280","56828","1366","126.91","Apartment","2","","","","Y","0","0","","9","Oqood","","Beyond","","Initial Sale"
"9122208","2025-10-07","Palm Jumeirah","The Crescent","Passo","Passo Tower A- Avita","","4754000","4952","53254","960","89.27","Apartment","1","","","","Y","0","0","","6","Oqood","","Beyond","","Initial Sale"
"9122494","2025-10-07","Palm Jumeirah","The Crescent","Passo","Passo Tower A- Avita","","11326000","6562","70598","1726","160.43","Apartment","2","","","","Y","0","0","","9","Oqood","","Beyond","","Initial Sale"
"9121987","2025-10-07","Palm Jumeirah","The Crescent","Passo","Passo Tower A- Avita","","9658000","6840","73613","1412","131.2","Apartment","2","","","","Y","0","0","","9","Oqood","","Beyond","","Initial Sale"
"9122243","2025-10-07","Palm Jumeirah","The Crescent","Passo","Passo Tower A- Avita","","7002000","5210","56070","1344","124.88","Apartment","2","","","","Y","0","0","","7","Oqood","","Beyond","","Initial Sale"
"9122506","2025-10-07","Palm Jumeirah","The Crescent","Passo","Passo Tower A- Avita","","4633000","4950","53247","936","87.01","Apartment","1","","","","Y","0","0","","5","Oqood","","Beyond","","Initial Sale"
"9122520","2025-10-07","Palm Jumeirah","The Crescent","Passo","Passo Tower A- Avita","","6225000","6963","74928","894","83.08","Apartment","1","","","","Y","0","0","","13","Oqood","","Beyond","","Initial Sale"
"9122267","2025-10-07","Palm Jumeirah","Golden Mile","Golden Mile 2","","","2650000","2029","21830","1306","121.39","Apartment","1","","","","Y","0","0","","4","Title Deed","","Nakheel","","Resale"
"9122012","2025-10-07","Palm Jumeirah","The Crescent","Passo","Passo Tower A- Avita","","4421000","5099","54851","867","80.6","Apartment","1","","","","Y","0","0","","8","Oqood","","Beyond","","Initial Sale"
"9122543","2025-10-07","Palm Jumeirah","The Crescent","Passo","Passo Tower A- Avita","","8872000","5615","60407","1580","146.87","Apartment","2","","","","Y","0","0","","10","Oqood","","Beyond","","Initial Sale"
"9122301","2025-10-07","Palm Jumeirah","The Crescent","Passo","Passo Tower A- Avita","","4581000","5247","56451","873","81.15","Apartment","1","","","","Y","0","0","","11","Oqood","","Beyond","","Initial Sale"
"9121562","2025-10-06","Palm Jumeirah","The Crescent","Orla","","","59110000","1107","11911","53417","4962.65","Apartment","5","","","","Y","0","0","","12","Oqood","","Omniyat","","Initial Sale"
"9121576","2025-10-06","Palm Jumeirah","The Crescent","Orla Infinity by Omniyat","","","63000000","7341","79013","8582","797.34","Apartment","4","","","","Y","0","0","","1","Oqood","","Omniyat","","Initial Sale"
"9120870","2025-10-06","Palm Jumeirah","The Crescent","Passo","Passo Tower A- Avita","","4292000","4950","53251","867","80.6","Apartment","1","","","","Y","0","0","","6","Oqood","","Beyond","","Initial Sale"
"9120923","2025-10-06","Palm Jumeirah","The Crescent","Passo","Passo Tower A- Avita","","4358000","5097","54852","855","79.45","Apartment","1","","","","Y","0","0","","8","Oqood","","Beyond","","Initial Sale"
"9121180","2025-10-06","Palm Jumeirah","Palma Residences","","","","22750000","6820","73387","3336","310","Townhouse","5","","","","","4406","409.37","","G+1","Title Deed","","Nakheel","","Resale"
"9120245","2025-10-04","Palm Jumeirah","Shoreline Apartments","Al Haseer","","","10687729","2210","23779","4837","449.46","Apartment","4","","","","Y","0","0","","10","Title Deed","","Nakheel","","Resale"
"9119595","2025-10-03","Palm Jumeirah","Shoreline Apartments","Al Anbara","","","3700000","2339","25163","1582","147.04","Apartment","2","","","","Y","0","0","","6","Title Deed","","Nakheel","","Resale"
"9119057","2025-10-02","Palm Jumeirah","The Crescent","Anantara Residences","Anantara Residences South","","2200000","1900","20448","1158","107.59","Apartment","1","","","","Y","0","0","","2","Title Deed","","Seven Tides","","Resale"
"9118867","2025-10-02","Palm Jumeirah","The Crescent","The Royal Atlantis Resort and Residences","","","20000000","8361","89981","2392","222.27","Apartment","2","","","","Y","0","0","","6","Title Deed","","Kerzner International","","Resale"
"9118924","2025-10-02","Palm Jumeirah","The Fronds","Frond L","","","95000000","19000","204512","5000","464.52","Villa","4","","","","","9514","883.88","","G+1","Title Deed","","Nakheel","","Resale"
"9117251","2025-10-01","Palm Jumeirah","Palma Residences","","","","21750000","5606","60333","3880","360.5","Townhouse","5","","","","","5631","523.12","","G+1","Title Deed","","Nakheel","","Resale"
"9117535","2025-10-01","Palm Jumeirah","The Crescent","Orla","","","18156390","3213","34579","5651","525.07","Apartment","3","","","","Y","0","0","","2","Oqood","","Omniyat","","Resale"
"9116870","2025-10-01","Palm Jumeirah","The Fronds","Frond N","","","40800000","0","0","0","0","Villa","","","","","","6789","630.75","","G+1","Title Deed","","Nakheel","","Initial Sale"
"9115984","2025-09-30","Palm Jumeirah","The Fronds","Frond K","","","2540000","0","0","0","0","Land","","","","","","914","84.87","","","Title Deed","","Nakheel","","Initial Sale"
"9116843","2025-09-30","Palm Jumeirah","Palm Beach Towers","Palm Beach Tower 3","","","4858801","3310","35622","1468","136.4","Apartment","2","","","","Y","0","0","","40","Oqood","","Nakheel","","Resale"
"9115603","2025-09-30","Palm Jumeirah","Shoreline Apartments","Al Habool","","","4000000","2581","27762","1550","144.08","Apartment","2","","","","Y","0","0","","1","Title Deed","","Nakheel","","Resale"
"9116410","2025-09-30","Palm Jumeirah","Shoreline Apartments","Al Sarrood","","","472149","305","3277","1550","144.07","Apartment","2","","","","Y","0","0","","3","Title Deed","","Nakheel","","Resale"
"9114940","2025-09-29","Palm Jumeirah","Vitalia by Pinnacle","","","","8350267","4306","46341","1939","180.19","Apartment","2","","","","Y","0","0","","3","Oqood","","Pinnacle Developers","","Initial Sale"
"9114270","2025-09-29","Palm Jumeirah","The Palm Tower","","","","5500000","4937","53130","1114","103.52","Apartment","1","","","","N","0","0","","41","Title Deed","","Nakheel","","Resale"
"9114089","2025-09-29","Palm Jumeirah","The Crescent","Balqis Residences","Balqis Residence Block B","","4300000","2228","23981","1930","179.31","Apartment","2","","","","Y","0","0","","10","Title Deed","","IFA","","Resale"
"9114098","2025-09-29","Palm Jumeirah","Tiara Residences","Aquamarine","","","7100000","4234","45571","1677","155.8","Apartment","2","","","","Y","0","0","","2","Title Deed","","Zabeel Properties","","Resale"
"9114356","2025-09-29","Palm Jumeirah","Oceana","Oceana Aegean","","","3760000","2810","30245","1338","124.32","Apartment","1","Sea View","","","Y","0","0","","3","Title Deed","","Seven Tides","","Resale"
"9110084","2025-09-26","Palm Jumeirah","The Crescent","Kempinski Palm Residence","","","4700000","2649","28502","1774","164.9","Apartment","2","","","","Y","0","0","","5","Title Deed","","Emerald Properties","","Resale"
"9109602","2025-09-26","Palm Jumeirah","The Crescent","Passo","Passo Tower A- Avita","","8682000","6088","65534","1426","132.48","Apartment","2","","","","Y","0","0","","6","Oqood","","Beyond","","Initial Sale"
"9109609","2025-09-26","Palm Jumeirah","The Crescent","Passo","Passo Tower A- Avita","","4434000","5097","54842","870","80.85","Apartment","1","","","","Y","0","0","","7","Oqood","","Beyond","","Initial Sale"
"9109625","2025-09-26","Palm Jumeirah","The Crescent","Passo","Passo Tower A- Avita","","6812000","4987","53676","1366","126.91","Apartment","2","","","","Y","0","0","","4","Oqood","","Beyond","","Initial Sale"
"9112964","2025-09-26","Palm Jumeirah","The Crescent","The Alba Residences","The Alba Residences Building 2","","21250000","11625","125096","1828","169.87","Apartment","2","","","","Y","0","0","","6","Oqood","","Omniyat","","Initial Sale"
"9112971","2025-09-26","Palm Jumeirah","The Crescent","Passo","Passo Tower A- Avita","","27364000","6821","73409","4012","372.76","Apartment","4","","","","Y","0","0","","11","Oqood","","Beyond","","Initial Sale"
"9112984","2025-09-26","Palm Jumeirah","The Crescent","Passo","Passo Tower A- Avita","","13970000","6019","64784","2321","215.64","Apartment","2","","","","Y","0","0","","6","Oqood","","Beyond","","Initial Sale"
"9109664","2025-09-26","Palm Jumeirah","The Crescent","Passo","Passo Tower A- Avita","","13483000","6668","71741","2022","187.94","Apartment","2","","","","Y","0","0","","8","Oqood","","Beyond","","Initial Sale"
"9109734","2025-09-26","Palm Jumeirah","The Crescent","Passo","Passo Tower A- Avita","","13359000","7356","79155","1816","168.77","Apartment","3","","","","Y","0","0","","11","Oqood","","Beyond","","Initial Sale"
"9109743","2025-09-26","Palm Jumeirah","The Fronds","Frond O","","","22400000","4103","44152","5460","507.34","Villa","5","","","","","6706","622.97","","G+1","Title Deed","","Nakheel","","Resale"
"9107968","2025-09-25","Palm Jumeirah","The Crescent","Passo","Passo Tower A- Avita","","5007000","5315","57190","942","87.55","Apartment","1","","","","Y","0","0","","14","Oqood","","Beyond","","Initial Sale"
"9106992","2025-09-25","Palm Jumeirah","Shoreline Apartments","Al Anbara","","","4700000","2155","23193","2181","202.65","Apartment","3","","","","Y","0","0","","7","Title Deed","","Nakheel","","Resale"
"9106747","2025-09-25","Palm Jumeirah","Seven Palm","","","","2300000","3217","34602","715","66.47","Apartment","1","","","","Y","0","0","","13","Title Deed","","Seven Tides","","Resale"
"9107537","2025-09-25","Palm Jumeirah","The Fronds","Frond N","","","40000000","8002","86112","4999","464.51","Villa","5","","","","","6789","630.75","","G+1","Title Deed","","Nakheel","","Resale"
"9107809","2025-09-25","Palm Jumeirah","The Crescent","The Alba Residences","The Alba Residences Building 2","","29140200","10460","112545","2786","258.92","Apartment","3","","","","Y","0","0","","5","Oqood","","Omniyat","","Initial Sale"
"9107584","2025-09-25","Palm Jumeirah","The Crescent","Passo","Passo Tower A- Avita","","7571000","5339","57452","1418","131.78","Apartment","1","","","","Y","0","0","","9","Oqood","","Beyond","","Initial Sale"
"9107848","2025-09-25","Palm Jumeirah","The Crescent","The Alba Residences","The Alba Residences Building 1","","65110500","8975","96593","7255","674.07","Apartment","4","","","","Y","0","0","","5","Oqood","","Omniyat","","Initial Sale"
"9107680","2025-09-25","Palm Jumeirah","The Crescent","Passo","Passo Tower A- Avita","","4525000","5317","57192","851","79.12","Apartment","1","","","","Y","0","0","","13","Oqood","","Beyond","","Initial Sale"
"9105963","2025-09-24","Palm Jumeirah","The Fronds","Frond F","","","1880000","0","0","0","0","Land","","","","","","674","62.62","","","Title Deed","","Nakheel","","Initial Sale"
"9106252","2025-09-24","Palm Jumeirah","The Crescent","Passo","Passo Tower A- Avita","","12780000","7018","75514","1821","169.24","Apartment","2","","","","Y","0","0","","8","Oqood","","Beyond","","Initial Sale"
"9106312","2025-09-24","Palm Jumeirah","The Fronds","Frond D","","","5890000","0","0","0","0","Land","","","","","","1348","125.25","","","Title Deed","","Nakheel","","Initial Sale"
"9105559","2025-09-24","Palm Jumeirah","The Fronds","Frond P","","","3440000","0","0","0","0","Land","","","","","","1237","114.96","","","Title Deed","","Nakheel","","Initial Sale"
"9105818","2025-09-24","Palm Jumeirah","Club Vista Mare","","","","1400000","2299","24726","609","56.62","Apartment","s","","","","Y","0","0","","1","Title Deed","","Nakheel","","Resale"
"9105874","2025-09-24","Palm Jumeirah","Club Vista Mare","","","","1400000","2310","24832","606","56.38","Apartment","s","","","","Y","0","0","","1","Title Deed","","Nakheel","","Resale"
"9105275","2025-09-23","Palm Jumeirah","The Fairmont Palm Residences","The Fairmont Palm Residence North","","","6850000","3894","41906","1759","163.46","Apartment","2","","","","Y","0","0","","6","Title Deed","","IFA","","Resale"
"9104262","2025-09-23","Palm Jumeirah","The Crescent","Azizi Mina","","","2000000","2203","23688","908","84.43","Hotel Apartment","1","","","","Y","0","0","","7","Title Deed","Hotel Apartment","Azizi","","Resale"
"9104801","2025-09-23","Palm Jumeirah","The Fronds","Frond F","","","48000000","8984","96683","5343","496.47","Villa","5","Atlantis, Sea","","","","7381","685.69","","G+1","Title Deed","","Nakheel","","Resale"
"9104586","2025-09-23","Palm Jumeirah","The Fronds","Frond B","","","62000000","10333","111227","6000","557.42","Villa","4","","","","","6702","622.6","","G+1","Title Deed","","Nakheel","","Resale"
"9102877","2025-09-22","Palm Jumeirah","The Palm Tower","","","","2050000","4227","45465","485","45.09","Apartment","s","","","","N","0","0","","19","Title Deed","","Nakheel","","Resale"
"9102901","2025-09-22","Palm Jumeirah","The Fronds","Frond P","","","1720000","0","0","0","0","Land","","","","","","618","57.37","","","Title Deed","","Nakheel","","Initial Sale"
"9102911","2025-09-22","Palm Jumeirah","Shoreline Apartments","Al Sultana","","","6850000","3470","37338","1974","183.46","Apartment","2","","","","Y","0","0","","5","Title Deed","","Nakheel","","Resale"
"9103304","2025-09-22","Palm Jumeirah","Marina Residences","Marina Residences 6","","","5000000","1828","19673","2735","254.16","Apartment","3","Marina","","","Y","0","0","","1","Title Deed","","Nakheel","","Resale"
"9103844","2025-09-22","Palm Jumeirah","The Fronds","Frond L","","","35000000","7000","75347","5000","464.52","Villa","4","","","","","7326","680.61","","G+1","Title Deed","","Nakheel","","Resale"
"9102618","2025-09-21","Palm Jumeirah","The Crescent","Passo","Passo Tower A- Avita","","24192000","6733","72472","3593","333.81","Apartment","4","","","","Y","0","0","","13","Oqood","","Beyond","","Initial Sale"
"9102713","2025-09-21","Palm Jumeirah","The Fronds","Frond D","","","1800000","0","0","0","0","Land","","","","","","647","60.15","","","Title Deed","","Nakheel","","Initial Sale"
"9102466","2025-09-20","Palm Jumeirah","The Fronds","Frond F","","","110000000","15717","169147","6999","650.32","Villa","6","","","","","14619","1358.12","","G+1","Title Deed","","Nakheel","","Resale"
"9101832","2025-09-19","Palm Jumeirah","The Crescent","Anantara Residences","Anantara Residences North","","2600000","2245","24152","1158","107.65","Apartment","1","","","","Y","0","0","","5","Title Deed","","Seven Tides","","Resale"
"9101399","2025-09-19","Palm Jumeirah","The Crescent","Passo","Passo Tower A- Avita","","6554000","5193","55893","1262","117.26","Apartment","1","","","","Y","0","0","","7","Oqood","","Beyond","","Initial Sale"
"9101659","2025-09-19","Palm Jumeirah","Marina Residences","Marina Residences 4","","","3675000","1797","19343","2045","189.99","Apartment","2","","","","Y","0","0","","1","Title Deed","","Nakheel","","Resale"
"9101405","2025-09-19","Palm Jumeirah","The Crescent","Passo","Passo Tower A- Avita","","9652000","5776","62155","1671","155.29","Apartment","2","","","","Y","0","0","","13","Oqood","","Beyond","","Initial Sale"
"9101407","2025-09-19","Palm Jumeirah","The Crescent","Passo","Passo Tower A- Avita","","5141000","5316","57186","967","89.9","Apartment","1","","","","Y","0","0","","14","Oqood","","Beyond","","Initial Sale"
"9101413","2025-09-19","Palm Jumeirah","The Crescent","Passo","Passo Tower A- Avita","","15547000","6681","71907","2327","216.21","Apartment","3","","","","Y","0","0","","6","Oqood","","Beyond","","Initial Sale"
"9101471","2025-09-19","Palm Jumeirah","The Crescent","Passo","Passo Tower A- Avita","","6912000","5060","54429","1366","126.99","Apartment","2","","","","Y","0","0","","6","Oqood","","Beyond","","Initial Sale"
"9102277","2025-09-19","Palm Jumeirah","The Crescent","The Alba Residences","The Alba Residences Building 2","","23598000","11642","125268","2027","188.38","Apartment","2","","","","Y","0","0","","9","Oqood","","Omniyat","","Initial Sale"
"9102284","2025-09-19","Palm Jumeirah","The Fronds","Frond K","","","495137","0","0","0","0","Land","","","","","","1286","119.48","","","Title Deed","","Nakheel","","Initial Sale"
"9101554","2025-09-19","Palm Jumeirah","The Crescent","Passo","Passo Tower A- Avita","","15987000","6803","73221","2350","218.34","Apartment","3","","","","Y","0","0","","10","Oqood","","Beyond","","Initial Sale"
"9101070","2025-09-18","Palm Jumeirah","The Crescent","Passo","Passo Tower A- Avita","","15783000","6587","70900","2396","222.61","Apartment","3","","","","Y","0","0","","5","Oqood","","Beyond","","Initial Sale"
"9100917","2025-09-18","Palm Jumeirah","The Crescent","Passo","Passo Tower A- Avita","","13742000","6275","67512","2190","203.55","Apartment","3","","","","Y","0","0","","5","Oqood","","Beyond","","Initial Sale"
"9100438","2025-09-18","Palm Jumeirah","The Crescent","Muraba Residences","","","17700000","3695","39771","4790","445.05","Apartment","4","","","","Y","0","0","","9","Title Deed","","Muraba","","Resale"
"9100696","2025-09-18","Palm Jumeirah","The Crescent","Passo","Passo Tower A- Avita","","6594000","4903","52769","1345","124.96","Apartment","2","","","","Y","0","0","","3","Oqood","","Beyond","","Initial Sale"
"9100717","2025-09-18","Palm Jumeirah","The Fronds","Frond M","","","66700000","9530","102565","6999","650.32","Villa","6","","","","","14649","1360.96","","G+1","Title Deed","","Nakheel","","Resale"
"9101260","2025-09-18","Palm Jumeirah","The Crescent","Passo","Passo Tower A- Avita","","4550000","5248","56452","867","80.6","Apartment","1","","","","Y","0","0","","11","Oqood","","Beyond","","Initial Sale"
"9100525","2025-09-18","Palm Jumeirah","Shoreline Apartments","Al Hamri","","","9750000","1862","20037","5237","486.61","Apartment","4","","","","Y","0","0","","LP","Title Deed","","Nakheel","","Resale"
"9100532","2025-09-18","Palm Jumeirah","The Crescent","The 8","","","6437500","5285","56868","1218","113.2","Hotel Apartment","2","","","","Y","0","0","","5","Title Deed","Hotel Apartment","IFA","","Resale"
"9100791","2025-09-18","Palm Jumeirah","The Crescent","Passo","Passo Tower A- Avita","","6192000","6965","74936","889","82.63","Apartment","1","","","","Y","0","0","","13","Oqood","","Beyond","","Initial Sale"
"9101049","2025-09-18","Palm Jumeirah","The Crescent","Passo","Passo Tower A- Avita","","11267000","5832","62751","1932","179.55","Apartment","2","","","","Y","0","0","","7","Oqood","","Beyond","","Initial Sale"
"9101051","2025-09-18","Palm Jumeirah","The Crescent","Passo","Passo Tower A- Avita","","20060000","6180","66503","3246","301.64","Apartment","3","","","","Y","0","0","","9","Oqood","","Beyond","","Initial Sale"
"9099286","2025-09-17","Palm Jumeirah","The Fronds","Frond M","","","43000000","8600","92569","5000","464.52","Villa","4","","","","","7362","683.94","","G+1","Title Deed","","Nakheel","","Resale"
"9099821","2025-09-17","Palm Jumeirah","Marina Residences","Marina Residences 4","","","4200000","2058","22141","2041","189.69","Apartment","2","Community,Swimming Pool,Restricted Marina","","","Y","0","0","","2","Title Deed","","Nakheel","","Resale"
"9099620","2025-09-17","Palm Jumeirah","The Crescent","EOME","","","115000000","7502","80752","15329","1424.12","Villa","6","","","","","18306","1700.68","","G+1","Oqood","","Blue Haven Real Estate Development LLC","","Resale"
"9099425","2025-09-17","Palm Jumeirah","Palme Couture Residences","","","","34500000","4633","49861","7447","691.92","Apartment","4","","","","Y","0","0","","G","Title Deed","","Innovate Development","","Resale"
"9099438","2025-09-17","Palm Jumeirah","Shoreline Apartments","Al Masalli","","","5200000","2384","25660","2181","202.65","Apartment","3","","","","Y","0","0","","9","Title Deed","","Nakheel","","Resale"
"9099243","2025-09-17","Palm Jumeirah","Seven Palm","","","","2150000","2715","29220","792","73.58","Apartment","1","","","","Y","0","0","","4","Title Deed","","Seven Tides","","Resale"
"9098516","2025-09-16","Palm Jumeirah","The Fronds","Frond L","","","52400000","10480","112805","5000","464.52","Villa","4","","","","","7319","679.96","","G+1","Title Deed","","Nakheel","","Resale"
"9097499","2025-09-16","Palm Jumeirah","Shoreline Apartments","Jash Falqa","","","3950000","2527","27196","1563","145.24","Apartment","2","Community","","","Y","0","0","","6","Title Deed","","Nakheel","","Resale"
"9098087","2025-09-16","Palm Jumeirah","The Crescent","Passo","Passo Tower A- Avita","","24134000","6760","72750","3570","331.74","Apartment","4","","","","Y","0","0","","14","Oqood","","Beyond","","Initial Sale"
"9098088","2025-09-16","Palm Jumeirah","The Fronds","Frond I","","","65500000","6846","73689","9567","888.87","Villa","5","","","","","11126","1033.64","","G+1","Title Deed","","Nakheel","","Resale"
"9097723","2025-09-16","Palm Jumeirah","Palm Beach Towers","Palm Beach Tower 3","","","4268800","3655","39322","1168","108.56","Apartment","1","","","","Y","0","0","","39","Oqood","","Nakheel","","Initial Sale"
"9096741","2025-09-15","Palm Jumeirah","Shoreline Apartments","Al Haseer","","","5401425","2510","27017","2152","199.93","Apartment","3","","","","Y","0","0","","7","Title Deed","","Nakheel","","Resale"
"9096232","2025-09-15","Palm Jumeirah","The Fronds","Frond O","","","1750000","0","0","0","0","Land","","","","","","627","58.22","","","Title Deed","","Nakheel","","Initial Sale"
"9096233","2025-09-15","Palm Jumeirah","The Fronds","Frond F","","","1760000","0","0","0","0","Land","","","","","","632","58.72","","","Title Deed","","Nakheel","","Initial Sale"
"9096234","2025-09-15","Palm Jumeirah","The Fronds","Frond B","","","1860000","0","0","0","0","Land","","","","","","669","62.13","","","Title Deed","","Nakheel","","Initial Sale"
"9096541","2025-09-15","Palm Jumeirah","The One at Palm Jumeirah","","","","26750000","6941","74708","3854","358.06","Apartment","3","","","","Y","0","0","","1","Title Deed","","Omniyat","","Resale"
"9097133","2025-09-15","Palm Jumeirah","The Fronds","Frond F","","","60000000","8573","92262","6999","650.32","Villa","6","","","","","14628","1359.03","","G+1","Title Deed","","Nakheel","","Resale"
"9097145","2025-09-15","Palm Jumeirah","The Fronds","Frond J","","","1880000","0","0","0","0","Land","","","","","","674","62.64","","","Title Deed","","Nakheel","","Initial Sale"
"9094751","2025-09-12","Palm Jumeirah","The Crescent","Passo","Passo Tower A- Avita","","5062000","5057","54383","1001","93.08","Apartment","1","","","","Y","0","0","","7","Oqood","","Beyond","","Initial Sale"
"9095007","2025-09-12","Palm Jumeirah","The Fronds","Frond J","","","82000000","0","0","0","0","Land","","","","","","14692","1364.96","","","Title Deed","","Nakheel","","Resale"
"9095008","2025-09-12","Palm Jumeirah","Shoreline Apartments","Al Anbara","","","4500000","2903","31233","1550","144.08","Apartment","2","Park","","","Y","0","0","","LP","Title Deed","","Nakheel","","Resale"
"9095279","2025-09-12","Palm Jumeirah","The Fairmont Palm Residences","The Fairmont Palm Residence North","","","14600000","3492","37583","4181","388.47","Apartment","","Community,Sea,Swimming Pool","","","Y","0","0","","10","Title Deed","","IFA","","Resale"
"9095038","2025-09-12","Palm Jumeirah","The Crescent","Anantara Residences","Anantara Residences North","","4250000","2438","26238","1743","161.98","Apartment","2","","","","Y","0","0","","4","Title Deed","","Seven Tides","","Resale"
"9093138","2025-09-11","Palm Jumeirah","Oceana","Oceana Southern","","","3500000","2616","28153","1338","124.32","Apartment","1","","","","Y","0","0","","1","Title Deed","","Seven Tides","","Resale"
"9092916","2025-09-11","Palm Jumeirah","The One at Palm Jumeirah","","","","28500000","8826","94994","3229","300.02","Apartment","3","","","","Y","0","0","","16","Title Deed","","Omniyat","","Resale"
"9094486","2025-09-11","Palm Jumeirah","The Crescent","Passo","Passo Tower A- Avita","","6303000","6185","66551","1019","94.71","Apartment","1","","","","Y","0","0","","14","Oqood","","Beyond","","Initial Sale"
"9093473","2025-09-11","Palm Jumeirah","The Crescent","The Royal Atlantis Resort and Residences","","","63500000","13431","144538","4728","439.33","Apartment","4","","","","Y","0","0","","10","Title Deed","","Kerzner International","","Resale"
"9094504","2025-09-11","Palm Jumeirah","The Crescent","Passo","Passo Tower A- Avita","","13430000","7102","76415","1891","175.75","Apartment","3","","","","Y","0","0","","6","Oqood","","Beyond","","Initial Sale"
"9094507","2025-09-11","Palm Jumeirah","Seven Palm","","","","2250000","2841","30579","792","73.58","Apartment","1","","","","Y","0","0","","9","Title Deed","","Seven Tides","","Resale"
"9094332","2025-09-11","Palm Jumeirah","The Crescent","Passo","Passo Tower A- Avita","","5987000","6905","74271","867","80.61","Apartment","1","","","","Y","0","0","","11","Oqood","","Beyond","","Initial Sale"
"9094333","2025-09-11","Palm Jumeirah","The Palm Tower","","","","4100000","3950","42478","1038","96.52","Apartment","1","","","","N","0","0","","42","Title Deed","","Nakheel","","Resale"
"9091857","2025-09-10","Palm Jumeirah","Shoreline Apartments","Al Dabas","","","5900000","3806","40952","1550","144.07","Apartment","2","","","","Y","0","0","","5","Title Deed","","Nakheel","","Resale"
"9091953","2025-09-10","Palm Jumeirah","Club Vista Mare","","","","1800000","2970","31926","606","56.38","Apartment","s","Sea View","","","Y","0","0","","1","Title Deed","","Nakheel","","Resale"
"9092248","2025-09-10","Palm Jumeirah","The Palm Tower","","","","3400000","3276","35226","1038","96.52","Apartment","1","","","","N","0","0","","36","Title Deed","","Nakheel","","Resale"
"9091750","2025-09-10","Palm Jumeirah","The Fronds","Frond P","","","1840000","0","0","0","0","Land","","","","","","659","61.19","","","Title Deed","","Nakheel","","Initial Sale"
"9092057","2025-09-10","Palm Jumeirah","Palm Views","Palm Views West","","","1500000","2762","29691","543","50.52","Apartment","s","","","","Y","0","0","","1","Title Deed","","Nakheel","","Resale"
"9090563","2025-09-09","Palm Jumeirah","Marina Residences","Marina Residences 5","","","3850000","1949","20980","1975","183.51","Apartment","2","","","","Y","0","0","","1","Title Deed","","Nakheel","","Resale"
"9091121","2025-09-09","Palm Jumeirah","Shoreline Apartments","Al Khushkar","","","3290908","2071","22292","1589","147.63","Apartment","2","","","","Y","0","0","","11","Title Deed","","Nakheel","","Resale"
"9091645","2025-09-09","Palm Jumeirah","The Crescent","Royal Bay","","","2367696","2637","28362","898","83.48","Hotel Apartment","1","","","","Y","0","0","","4","Title Deed","Hotel Apartment","Azizi","","Initial Sale"
"9090903","2025-09-09","Palm Jumeirah","Golden Mile","Golden Mile 10","","","8400000","1926","20725","4362","405.3","Apartment","3","Road,Park,Community","","","Y","0","0","","7","Title Deed","","Nakheel","","Resale"
"9090651","2025-09-09","Palm Jumeirah","Shoreline Apartments","Al Tamr","","","3600000","2276","24483","1582","147.04","Apartment","2","","","","Y","0","0","","9","Title Deed","","Nakheel","","Resale"
"9091565","2025-09-09","Palm Jumeirah","The Crescent","The Alba Residences","The Alba Residences Building 1","","70230474","8257","88863","8506","790.32","Apartment","4","","","","Y","0","0","","9","Oqood","","Omniyat","","Initial Sale"
"9089913","2025-09-08","Palm Jumeirah","Palm Views","Palm Views East","","","1500000","2737","29412","548","51","Apartment","s","Marina","","","Y","0","0","","3","Title Deed","","Nakheel","","Resale"
"9090435","2025-09-08","Palm Jumeirah","The Crescent","Passo","Passo Tower A- Avita","","14095000","7334","78924","1922","178.59","Apartment","3","","","","Y","0","0","","11","Oqood","","Beyond","","Initial Sale"
"9090437","2025-09-08","Palm Jumeirah","The Crescent","Passo","Passo Tower A- Avita","","13546000","6342","68252","2136","198.47","Apartment","2","","","","Y","0","0","","7","Oqood","","Beyond","","Initial Sale"
"9090441","2025-09-08","Palm Jumeirah","The Crescent","Passo","Passo Tower A- Avita","","9133000","5492","59079","1663","154.59","Apartment","2","","","","Y","0","0","","5","Oqood","","Beyond","","Initial Sale"
"9090454","2025-09-08","Palm Jumeirah","The Crescent","Passo","Passo Tower A- Avita","","9016000","6323","68050","1426","132.49","Apartment","2","","","","Y","0","0","","12","Oqood","","Beyond","","Initial Sale"
"9089717","2025-09-08","Palm Jumeirah","Shoreline Apartments","Al Sultana","","","5900000","2734","29416","2158","200.57","Apartment","3","","","","Y","0","0","","2","Title Deed","","Nakheel","","Resale"
"9090271","2025-09-08","Palm Jumeirah","Shoreline Apartments","Al Tamr","","","3300000","2081","22394","1586","147.36","Apartment","2","","","","Y","0","0","","2","Title Deed","","Nakheel","","Resale"
"9089762","2025-09-08","Palm Jumeirah","Palm Views","Palm Views West","","","1400000","2555","27451","548","51","Apartment","s","","","","Y","0","0","","1","Title Deed","","Nakheel","","Resale"
"9089533","2025-09-08","Palm Jumeirah","Golden Mile","Golden Mile 6","","","1650000","1173","12622","1407","130.72","Apartment","1","","","","Y","0","0","","1","Title Deed","","Nakheel","","Resale"
"9088808","2025-09-04","Palm Jumeirah","Palm Beach Towers","Palm Beach Tower 3","","","3838800","1504","16182","2553","237.23","Apartment","3","","","","Y","0","0","","19","Oqood","","Nakheel","","Resale"
"9088860","2025-09-04","Palm Jumeirah","The Fronds","Frond G","","","85000000","0","0","0","0","Villa","","","","","","8020","745.12","","G+1","Title Deed","","Nakheel","","Resale"
"9088362","2025-09-04","Palm Jumeirah","The Fairmont Palm Residences","The Fairmont Palm Residence North","","","4581906","2375","25566","1929","179.22","Apartment","2","","","","Y","0","0","","5","Title Deed","","IFA","","Resale"
"9087851","2025-09-04","Palm Jumeirah","The Fairmont Palm Residences","The Fairmont Palm Residence South","","","4000000","1949","20982","2052","190.64","Apartment","2","","","","Y","0","0","","2","Title Deed","","IFA","","Resale"
"9087937","2025-09-04","Palm Jumeirah","The Crescent","Serenia Residences","Serenia Residences West Wing","","4150000","2407","25910","1724","160.17","Apartment","2","","","","Y","0","0","","8","Title Deed","","Palma Holding","","Resale"
"9088449","2025-09-04","Palm Jumeirah","Shoreline Apartments","Al Shahla","","","4475000","2014","21672","2222","206.49","Apartment","3","","","","Y","0","0","","1","Title Deed","","Nakheel","","Resale"
"9088451","2025-09-04","Palm Jumeirah","The Crescent","Grandeur Residences","","","16250000","1404","15114","11572","1075.16","Villa","4","","","","","5290","491.49","","G+3","Title Deed","","ETA Ascon","","Resale"
"9087949","2025-09-04","Palm Jumeirah","Marina Residences","Marina Residences 5","","","3600000","1843","19838","1953","181.47","Apartment","2","","","","Y","0","0","","2","Title Deed","","Nakheel","","Resale"
"9087955","2025-09-04","Palm Jumeirah","Marina Residences","Marina Residences 2","","","4600000","2636","28364","1745","162.18","Apartment","2","","","","Y","0","0","","10","Title Deed","","Nakheel","","Resale"
"9086720","2025-09-03","Palm Jumeirah","Golden Mile","Golden Mile 1","","","2900000","1384","14888","2096","194.79","Apartment","2","Road View","","","Y","0","0","","1","Title Deed","","Nakheel","","Resale"
"9087548","2025-09-03","Palm Jumeirah","The Crescent","EOME","","","115000000","7502","80752","15329","1424.12","Villa","6","","","","","17349","1611.74","","G+1","Oqood","","Blue Haven Real Estate Development LLC","","Resale"
"9087074","2025-09-03","Palm Jumeirah","Seven Palm","","","","1450000","4108","44100","353","32.88","Apartment","s","","","","Y","0","0","","8","Title Deed","","Seven Tides","","Resale"
"9086599","2025-09-03","Palm Jumeirah","Marina Residences","Marina Residences 5","","","6000000","2461","26482","2438","226.57","Apartment","3","","","","Y","0","0","","7","Title Deed","","Nakheel","","Resale"
"9086626","2025-09-03","Palm Jumeirah","Golden Mile","Golden Mile 7","","","4990000","1916","20625","2604","241.94","Apartment","2","","","","Y","0","0","","1","Title Deed","","Nakheel","","Resale"
"9086915","2025-09-03","Palm Jumeirah","The Crescent","The 8","","","4892500","4868","52393","1005","93.38","Hotel Apartment","1","","","","Y","0","0","","5","Title Deed","Hotel Apartment","IFA","","Resale"
"9086917","2025-09-03","Palm Jumeirah","The Crescent","The 8","","","6437500","5294","56944","1216","113.05","Hotel Apartment","2","","","","Y","0","0","","6","Title Deed","Hotel Apartment","IFA","","Resale"
"9086926","2025-09-03","Palm Jumeirah","The Crescent","The Royal Atlantis Resort and Residences","","","34000000","11364","122285","2992","278.04","Apartment","2","","","","Y","0","0","","21","Title Deed","","Kerzner International","","Resale"
"9086955","2025-09-03","Palm Jumeirah","The Crescent","Anantara Residences","Anantara Residences North","","2595000","2241","24119","1158","107.59","Apartment","1","","","","Y","0","0","","5","Title Deed","","Seven Tides","","Resale"
"9085524","2025-09-02","Palm Jumeirah","Palm Views","Palm Views West","","","1500000","2737","29458","548","50.92","Apartment","s","","","","Y","0","0","","1","Title Deed","","Nakheel","","Resale"
"9085803","2025-09-02","Palm Jumeirah","The Crescent","Balqis Residences","Balqis Residence Block B","","4300000","1785","19213","2409","223.81","Apartment","2","","","","Y","0","0","","3","Title Deed","","IFA","","Resale"
"9085847","2025-09-02","Palm Jumeirah","The Fronds","Frond L","","","1640000","0","0","0","0","Land","","","","","","633","58.77","","","Title Deed","","Nakheel","","Initial Sale"
"9085854","2025-09-02","Palm Jumeirah","The Fronds","Frond P","","","3480000","0","0","0","0","Land","","","","","","1343","124.8","","","Title Deed","","Nakheel","","Initial Sale"
"9085125","2025-09-02","Palm Jumeirah","Shoreline Apartments","Al Habool","","","3700000","2297","24709","1611","149.74","Apartment","2","","","","Y","0","0","","1","Title Deed","","Nakheel","","Resale"
"9086455","2025-09-02","Palm Jumeirah","The Fronds","Frond B","","","230900","0","0","0","0","Land","","","","","","600","55.71","","","Title Deed","","Nakheel","","Initial Sale"
"9085692","2025-09-02","Palm Jumeirah","Golden Mile","Golden Mile 6","","","2700000","2096","22560","1288","119.68","Apartment","1","","","","Y","0","0","","4","Title Deed","","Nakheel","","Resale"
"9084753","2025-09-01","Palm Jumeirah","The Fronds","Frond D","","","25500000","5100","54895","5000","464.52","Villa","4","","","","","7063","656.14","","G+1","Title Deed","","Nakheel","","Resale"
"9084285","2025-09-01","Palm Jumeirah","Shoreline Apartments","Abu Keibal","","","5000000","2319","24953","2156","200.38","Apartment","3","","","","Y","0","0","","5","Title Deed","","Nakheel","","Resale"
"9083409","2025-08-29","Palm Jumeirah","Canal Cove Villas","Canal Cove East","","","10500000","2764","29743","3799","353.03","Villa","3","","","","","4556","423.26","","G+1","Title Deed","","Nakheel","","Resale"
"9083002","2025-08-29","Palm Jumeirah","Palm Beach Towers","Palm Beach Tower 1","","","6200000","4542","48888","1365","126.82","Apartment","2","","","","Y","0","0","","42","Oqood","","Nakheel","","Resale"
"9083026","2025-08-29","Palm Jumeirah","The Fronds","Frond E","","","161000000","23003","247570","6999","650.32","Villa","6","","","","","14679","1363.76","","G+1","Title Deed","","Nakheel","","Resale"
"9083317","2025-08-29","Palm Jumeirah","The Fronds","Frond M","","","28500000","5700","61354","5000","464.52","Villa","4","Community/ Sea","","","","6699","622.37","","G+1","Title Deed","","Nakheel","","Resale"
"9081646","2025-08-28","Palm Jumeirah","The Fronds","Frond O","","","1680000","0","0","0","0","Land","","","","","","649","60.31","","","Title Deed","","Nakheel","","Initial Sale"
"9081953","2025-08-28","Palm Jumeirah","The Fronds","Frond C","","","50000000","7144","76885","6999","650.32","Villa","6","","","","","14828","1377.58","","G+1","Title Deed","","Nakheel","","Resale"
"9082089","2025-08-28","Palm Jumeirah","Palm Views","Palm Views East","","","1500000","2737","29412","548","51","Apartment","s","","","","Y","0","0","","3","Title Deed","","Nakheel","","Resale"
"9080651","2025-08-27","Palm Jumeirah","Shoreline Apartments","Al Shahla","","","3800000","2452","26376","1550","144.07","Apartment","2","","","","Y","0","0","","4","Title Deed","","Nakheel","","Resale"
"9080424","2025-08-27","Palm Jumeirah","The Fronds","Frond B","","","1810000","0","0","0","0","Land","","","","","","649","60.29","","","Title Deed","","Nakheel","","Initial Sale"
"9080955","2025-08-27","Palm Jumeirah","The Fairmont Palm Residences","The Fairmont Palm Residence North","","","9853689","1897","20420","5194","482.54","Apartment","3","","","","Y","0","0","","B1","Title Deed","","IFA","","Resale"
"9081524","2025-08-27","Palm Jumeirah","The Fronds","Frond M","","","3780000","0","0","0","0","Land","","","","","","1356","126.02","","","Title Deed","","Nakheel","","Initial Sale"
"9080377","2025-08-26","Palm Jumeirah","The Fronds","Frond K","","","1920000","0","0","0","0","Land","","","","","","690","64.14","","","Title Deed","","Nakheel","","Initial Sale"
"9079613","2025-08-26","Palm Jumeirah","Palm Beach Towers","Palm Beach Tower 2","","","2450000","2663","28642","920","85.54","Apartment","1","","","","Y","0","0","","19","Oqood","","Nakheel","","Resale"
"9080196","2025-08-26","Palm Jumeirah","Golden Mile","Golden Mile 6","","","8690000","1610","17328","5398","501.51","Apartment","3","","","","Y","0","0","","G","Title Deed","","Nakheel","","Resale"
"9079703","2025-08-26","Palm Jumeirah","The Crescent","Serenia Residences","Serenia Residences North Wing","","2500000","2781","29911","899","83.58","Apartment","1","","","","Y","0","0","","8","Title Deed","","Palma Holding","","Resale"
"9079727","2025-08-26","Palm Jumeirah","The Fronds","Frond D","","","44001000","8235","88628","5343","496.47","Villa","5","Community,Sea","","","","8916","828.36","","G+1","Title Deed","","Nakheel","","Resale"
"9079757","2025-08-26","Palm Jumeirah","Shoreline Apartments","Al Hatimi","","","6300000","2919","31410","2158","200.57","Apartment","3","","","","Y","0","0","","6","Title Deed","","Nakheel","","Resale"
"9079527","2025-08-26","Palm Jumeirah","Vitalia by Pinnacle","","","","17150000","6474","69684","2649","246.11","Apartment","3","","","","Y","0","0","","8","Oqood","","Pinnacle Developers","","Initial Sale"
"9079796","2025-08-26","Palm Jumeirah","Shoreline Apartments","Al Basri","","","5800000","3742","40258","1550","144.07","Apartment","2","","","","Y","0","0","","2","Title Deed","","Nakheel","","Resale"
"9077391","2025-08-25","Palm Jumeirah","The Crescent","Armani Beach Residences","","","26460000","7845","84429","3373","313.4","Apartment","2","","","","Y","0","0","","2","Oqood","","Arada Developments LLC","","Initial Sale"
"9078722","2025-08-25","Palm Jumeirah","Golden Mile","Golden Mile 10","","","3950000","2192","23592","1802","167.43","Apartment","2","","","","Y","0","0","","6","Title Deed","","Nakheel","","Resale"
"9076311","2025-08-22","Palm Jumeirah","Shoreline Apartments","Abu Keibal","","","10000000","1899","20439","5266","489.26","Apartment","4","","","","Y","0","0","","LP","Title Deed","","Nakheel","","Resale"
"9076614","2025-08-22","Palm Jumeirah","The Crescent","Azizi Mina","","","2150000","2120","22804","1014","94.28","Hotel Apartment","1","","","","Y","0","0","","6","Title Deed","Hotel Apartment","Azizi","","Resale"
"9076394","2025-08-22","Palm Jumeirah","The Crescent","Jumeirah Zabeel Saray","The Royal Villas","","26000000","3351","36073","7758","720.76","Villa","5","","","","","4443","412.76","","G+1","Title Deed","","H&H Development","","Resale"
"9075501","2025-08-21","Palm Jumeirah","Palm Beach Towers","Palm Beach Tower 1","","","11200000","10467","112597","1070","99.47","Apartment","1","","","","Y","0","0","","16","Oqood","","Nakheel","","Resale"
"9075513","2025-08-21","Palm Jumeirah","The Crescent","Grandeur Residences","Mughal","","3750000","2227","23960","1684","156.51","Apartment","2","","","","Y","0","0","","1","Title Deed","","ETA Ascon","","Resale"
"9075533","2025-08-21","Palm Jumeirah","Oceana","Oceana Atlantic","","","5800000","2378","25588","2439","226.67","Apartment","3","","","","Y","0","0","","8","Title Deed","","Seven Tides","","Resale"
"9075064","2025-08-21","Palm Jumeirah","The Crescent","Kempinski Palm Residence","","","11189406","2273","24460","4923","457.45","Apartment","4","","","","Y","0","0","","6","Title Deed","","Emerald Properties","","Resale"
"9075109","2025-08-21","Palm Jumeirah","Palm Beach Towers","Palm Beach Tower 1","","","5250000","3092","33266","1698","157.82","Apartment","2","","","","Y","0","0","","26","Oqood","","Nakheel","","Resale"
"9075113","2025-08-21","Palm Jumeirah","Palm Beach Towers","Palm Beach Tower 1","","","5450000","3210","34533","1698","157.82","Apartment","2","","","","Y","0","0","","34","Oqood","","Nakheel","","Resale"
"9079881","2025-08-20","Palm Jumeirah","The Crescent","Orla","","","22412856","6794","73123","3299","306.51","Apartment","2","","","","Y","0","0","","11","Oqood","","Omniyat","","Resale"
"9074012","2025-08-20","Palm Jumeirah","The Crescent","Orla","","","81405869","7545","81203","10790","1002.5","Apartment","4","","","","Y","0","0","","10","Oqood","","Omniyat","","Resale"
"9073844","2025-08-20","Palm Jumeirah","Tiara Residences","Diamond","","","3900000","3012","32392","1295","120.4","Apartment","1","","","","Y","0","0","","12","Title Deed","","Zabeel Properties","","Resale"
"9074615","2025-08-20","Palm Jumeirah","Vitalia by Pinnacle","","","","12240000","4502","48443","2719","252.67","Apartment","3","","","","Y","0","0","","3","Oqood","","Pinnacle Developers","","Initial Sale"
"9073600","2025-08-20","Palm Jumeirah","The One at Palm Jumeirah","","","","27000000","8724","93880","3095","287.6","Apartment","3","Community,Sea,Swimming Pool,Distant Dubai Eye,Dubai Marina Skylin","","","Y","0","0","","3","Title Deed","","Omniyat","","Resale"
"9072194","2025-08-19","Palm Jumeirah","Shoreline Apartments","Jash Hamad","","","5100000","2562","27562","1991","185.04","Apartment","2","Community,Park","","","Y","0","0","","7","Title Deed","","Nakheel","","Resale"
"9073230","2025-08-19","Palm Jumeirah","The Crescent","Orla","","","79892253","6908","74357","11565","1074.44","Apartment","4","","","","Y","0","0","","8","Oqood","","Omniyat","","Initial Sale"
"9073262","2025-08-19","Palm Jumeirah","The Crescent","Orla","","","79849767","7577","81556","10538","979.08","Apartment","4","","","","Y","0","0","","6","Oqood","","Omniyat","","Initial Sale"
"9073340","2025-08-19","Palm Jumeirah","The Fronds","Frond K","","","5150000","0","0","0","0","Land","","","","","","1850","171.85","","","Title Deed","","Nakheel","","Initial Sale"
"9072319","2025-08-19","Palm Jumeirah","The Fronds","Frond P","","","26000000","5200","55972","5000","464.52","Villa","4","Community,Sea","","","","6699","622.33","","G+1","Title Deed","","Nakheel","","Resale"
"9072577","2025-08-19","Palm Jumeirah","Shoreline Apartments","Al Habool","","","3990000","2574","27693","1550","144.08","Apartment","2","","","","Y","0","0","","6","Title Deed","","Nakheel","","Resale"
"9071223","2025-08-18","Palm Jumeirah","Golden Mile","Golden Mile 9","","","4025000","2237","24070","1799","167.22","Apartment","2","","","","Y","0","0","","4","Title Deed","","Nakheel","","Resale"
"9069401","2025-08-15","Palm Jumeirah","The Crescent","Passo","Passo Tower A- Avita","","4772000","5098","54851","936","87","Apartment","1","","","","","0","0","","7","Oqood","","Beyond","","Initial Sale"
"9069498","2025-08-15","Palm Jumeirah","Shoreline Apartments","Al Khushkar","","","4999999","2319","24953","2156","200.38","Apartment","3","","","","Y","0","0","","7","Title Deed","","Nakheel","","Resale"
"9070055","2025-08-15","Palm Jumeirah","Mysk by Shaza","","","","12000000","0","0","0","0","Land","","","","","","29093","2702.85","","","Title Deed","","Aqua Properties","","Resale"
"9068559","2025-08-14","Palm Jumeirah","Golden Mile","Golden Mile 6","","","7600000","1403","15102","5417","503.26","Apartment","3","Community","","","Y","0","0","","G","Title Deed","","Nakheel","","Resale"
"9069152","2025-08-14","Palm Jumeirah","The Fronds","Frond E","","","1800000","0","0","0","0","Land","","","","","","645","59.96","","","Title Deed","","Nakheel","","Initial Sale"
"9068724","2025-08-14","Palm Jumeirah","Shoreline Apartments","Al Sarrood","","","4650000","2328","25053","1997","185.61","Apartment","2","","","","Y","0","0","","4","Title Deed","","Nakheel","","Resale"
"9068736","2025-08-14","Palm Jumeirah","Palm Views","Palm Views West","","","1425000","2600","27985","548","50.92","Apartment","s","","","","Y","0","0","","3","Title Deed","","Nakheel","","Resale"
"9068235","2025-08-14","Palm Jumeirah","Shoreline Apartments","Al Basri","","","3500000","3059","32913","1144","106.34","Apartment","1","Sea,Beach,Swimming Pool","","","Y","0","0","","5","Title Deed","","Nakheel","","Resale"
"9068249","2025-08-14","Palm Jumeirah","Marina Residences","Marina Residences 3","","","3475000","1795","19318","1936","179.88","Apartment","2","","","","Y","0","0","","4","Title Deed","","Nakheel","","Resale"
"9069305","2025-08-14","Palm Jumeirah","The Crescent","Passo","Passo Tower A- Avita","","4480000","5167","55583","867","80.6","Apartment","1","","","","Y","0","0","","10","Oqood","","Beyond","","Initial Sale"
"9067274","2025-08-13","Palm Jumeirah","The Crescent","Serenia Residences","Serenia Residences East Wing","","23000000","4716","50761","4877","453.1","Apartment","3","","","","Y","0","0","","5","Title Deed","","Palma Holding","","Resale"
"9066804","2025-08-13","Palm Jumeirah","The Crescent","The Alba Residences","The Alba Residences Building 2","","31676800","11095","119400","2855","265.3","Apartment","3","","","","Y","0","0","","10","Oqood","","Omniyat","","Initial Sale"
"9067328","2025-08-13","Palm Jumeirah","The Crescent","Serenia Residences","Serenia Residences West Wing","","4150000","2435","26213","1704","158.32","Apartment","2","","","","Y","0","0","","8","Title Deed","","Palma Holding","","Resale"
"9067106","2025-08-13","Palm Jumeirah","The Palm Tower","","","","2150000","4352","46831","494","45.91","Apartment","s","","","","N","0","0","","23","Title Deed","","Nakheel","","Resale"
"9066880","2025-08-13","Palm Jumeirah","The Fronds","Frond A","","","3840000","0","0","0","0","Land","","","","","","1380","128.22","","","Title Deed","","Nakheel","","Initial Sale"
"9067218","2025-08-13","Palm Jumeirah","The Crescent","Balqis Residences","Balqis Residence Block C","","7800000","2235","24054","3490","324.27","Apartment","5","","","","Y","0","0","","8","Title Deed","","IFA","","Resale"
"9066007","2025-08-12","Palm Jumeirah","Golden Mile","Golden Mile 9","","","5300000","1851","19918","2864","266.09","Apartment","3","","","","Y","0","0","","1","Title Deed","","Nakheel","","Resale"
"9066271","2025-08-12","Palm Jumeirah","Shoreline Apartments","Al Basri","","","6500000","4194","45117","1550","144.07","Apartment","2","","","","Y","0","0","","10","Title Deed","","Nakheel","","Resale"
"9065776","2025-08-12","Palm Jumeirah","Marina Residences","Marina Residences 4","","","6500000","2666","28689","2438","226.57","Apartment","3","","","","Y","0","0","","9","Title Deed","","Nakheel","","Resale"
"9065778","2025-08-12","Palm Jumeirah","Olaia Residences","","","","6210673","3865","41585","1607","149.35","Apartment","2","","","","Y","0","0","","7","Oqood","","Gulf House Development","","Initial Sale"
"9066162","2025-08-12","Palm Jumeirah","Oceana","Oceana Caribbean","","","3800000","2766","29750","1374","127.73","Apartment","1","","","","Y","0","0","","GF","Title Deed","","Seven Tides","","Resale"
"9064458","2025-08-11","Palm Jumeirah","Shoreline Apartments","Al Basri","","","3700000","3234","34794","1144","106.34","Apartment","1","","","","Y","0","0","","10","Title Deed","","Nakheel","","Resale"
"9064784","2025-08-11","Palm Jumeirah","Tiara Residences","Ruby","","","5750000","3429","36906","1677","155.8","Apartment","2","","","","Y","0","0","","D","Title Deed","","Zabeel Properties","","Resale"
"9064593","2025-08-11","Palm Jumeirah","Shoreline Apartments","Al Khudrawi","","","3800000","3322","35734","1144","106.34","Apartment","1","","","","Y","0","0","","10","Title Deed","","Nakheel","","Resale"
"9064662","2025-08-11","Palm Jumeirah","The Palm Tower","","","","5900000","5483","59018","1076","99.97","Apartment","1","","","","N","0","0","","42","Title Deed","","Nakheel","","Resale"
"9064305","2025-08-10","Palm Jumeirah","Palma Residences","","","","1030000","0","0","0","0","Land","","","","","","710","65.93","","","Title Deed","","Nakheel","","Initial Sale"
"9064321","2025-08-10","Palm Jumeirah","The Fronds","Frond B","","","1650000","0","0","0","0","Land","","","","","","591","54.94","","","Title Deed","","Nakheel","","Initial Sale"
"9064333","2025-08-10","Palm Jumeirah","The Fronds","Frond A","","","1910000","0","0","0","0","Land","","","","","","686","63.8","","","Title Deed","","Nakheel","","Initial Sale"
"9064350","2025-08-10","Palm Jumeirah","The Fronds","Frond B","","","1760000","0","0","0","0","Land","","","","","","632","58.67","","","Title Deed","","Nakheel","","Initial Sale"
"9056306","2025-08-08","Palm Jumeirah","The Palm Crown","Crown Views","","","85566000","0","0","0","0","Land","","","","","","15177","1409.99","","","Title Deed","","Nakheel","","Initial Sale"
"9056379","2025-08-08","Palm Jumeirah","The Crescent","Serenia Residences","Serenia Residences West Wing","","10000000","3466","37301","2885","268.09","Apartment","3","","","","Y","0","0","","7","Title Deed","","Palma Holding","","Resale"
"9056417","2025-08-08","Palm Jumeirah","Club Vista Mare","","","","1600000","2640","28379","606","56.38","Apartment","s","","","","Y","0","0","","1","Title Deed","","Nakheel","","Resale"
"9063667","2025-08-08","Palm Jumeirah","The Crescent","The Royal Atlantis Resort and Residences","","","19888888","8346","89804","2383","221.47","Apartment","2","","","","Y","0","0","","7","Title Deed","","Kerzner International","","Resale"
"9056046","2025-08-07","Palm Jumeirah","Oceana","Oceana Aegean","","","4166452","1828","19671","2279","211.81","Apartment","3","","","","Y","0","0","","10","Title Deed","","Seven Tides","","Resale"
"9055832","2025-08-07","Palm Jumeirah","The Crescent","Anantara Residences","Anantara Residences South","","2500000","2159","23236","1158","107.59","Apartment","1","","","","Y","0","0","","6","Title Deed","","Seven Tides","","Resale"
"9054821","2025-08-07","Palm Jumeirah","The Fronds","Frond B","","","1880000","0","0","0","0","Land","","","","","","673","62.56","","","Title Deed","","Nakheel","","Initial Sale"
"9054822","2025-08-07","Palm Jumeirah","The Fronds","Frond D","","","1950000","0","0","0","0","Land","","","","","","698","64.86","","","Title Deed","","Nakheel","","Initial Sale"
"9054842","2025-08-07","Palm Jumeirah","The Fronds","Frond L","","","1900000","0","0","0","0","Land","","","","","","683","63.46","","","Title Deed","","Nakheel","","Initial Sale"
"9056138","2025-08-07","Palm Jumeirah","Shoreline Apartments","Al Masalli","","","6875000","4435","47717","1550","144.08","Apartment","2","Sea/ Community/ Burj Al Arab","","","Y","0","0","","3","Title Deed","","Nakheel","","Resale"
"9055122","2025-08-07","Palm Jumeirah","The Crescent","The 8","","","3150000","2549","27410","1236","114.92","Hotel Apartment","2","","","","Y","0","0","","6","Title Deed","Hotel Apartment","IFA","","Resale"
"9053748","2025-08-06","Palm Jumeirah","Golden Mile","Golden Mile 6","","","3200000","1690","18188","1893","175.94","Apartment","2","","","","Y","0","0","","3","Title Deed","","Nakheel","","Resale"
"9054013","2025-08-06","Palm Jumeirah","The Fairmont Palm Residences","The Fairmont Palm Residence North","","","11000000","2262","24345","4863","451.84","Apartment","4","","","","Y","0","0","","10","Title Deed","","IFA","","Resale"
"9054023","2025-08-06","Palm Jumeirah","The Fronds","Frond K","","","43500000","8700","93645","5000","464.52","Villa","4","Sea,Community","","","","6700","622.46","","G+1","Title Deed","","Nakheel","","Resale"
"9054800","2025-08-06","Palm Jumeirah","The Fronds","Frond L","","","1850000","0","0","0","0","Land","","","","","","664","61.7","","","Title Deed","","Nakheel","","Initial Sale"
"9054591","2025-08-06","Palm Jumeirah","Golden Mile","Golden Mile 8","","","3900010","2168","23334","1799","167.14","Apartment","2","","","","Y","0","0","","6","Title Deed","","Nakheel","","Resale"
"9053839","2025-08-06","Palm Jumeirah","Seven Palm","","","","3100000","3138","33773","988","91.79","Apartment","2","","","","N","0","0","","M","Title Deed","","Seven Tides","","Resale"
"9054644","2025-08-06","Palm Jumeirah","The Fronds","Frond C","","","1950000","0","0","0","0","Land","","","","","","699","64.91","","","Title Deed","","Nakheel","","Initial Sale"
"9053694","2025-08-06","Palm Jumeirah","The Crescent","Royal Bay","","","2000000","2353","25307","850","79.03","Hotel Apartment","1","","","","Y","0","0","","3","Title Deed","Hotel Apartment","Azizi","","Resale"
"9052929","2025-08-05","Palm Jumeirah","Tiara Residences","Tanzanite","","","8000000","3530","38001","2266","210.52","Apartment","3","","","","Y","0","0","","6","Title Deed","","Zabeel Properties","","Resale"
"9052508","2025-08-05","Palm Jumeirah","Shoreline Apartments","Al Masalli","","","6400000","2866","30846","2233","207.48","Apartment","3","","","","Y","0","0","","1","Title Deed","","Nakheel","","Resale"
"9052606","2025-08-05","Palm Jumeirah","The Palm Crown","Crown Views","","","68297800","0","0","0","0","Land","","","","","","15177","1409.99","","","Title Deed","","Nakheel","","Initial Sale"
"9052613","2025-08-05","Palm Jumeirah","The Palm Crown","Crown Views","","","68297800","0","0","0","0","Land","","","","","","15177","1409.99","","","Title Deed","","Nakheel","","Initial Sale"
"9052628","2025-08-05","Palm Jumeirah","Seven Palm","","","","2200000","3077","33113","715","66.44","Apartment","1","","","","Y","0","0","","9","Title Deed","","Seven Tides","","Resale"
"9052629","2025-08-05","Palm Jumeirah","The Palm Tower","","","","5650000","5072","54579","1114","103.52","Apartment","1","","","","N","0","0","","43","Title Deed","","Nakheel","","Resale"
"9051230","2025-08-04","Palm Jumeirah","Oceana","Oceana Caribbean","","","4400000","3288","35393","1338","124.32","Apartment","1","","","","Y","0","0","","2","Title Deed","","Seven Tides","","Resale"
"9051389","2025-08-04","Palm Jumeirah","The Crescent","Serenia Residences","Serenia Residences East Wing","","6300000","3537","38064","1781","165.51","Apartment","2","","","","Y","0","0","","5","Title Deed","","Palma Holding","","Resale"
"9051102","2025-08-03","Palm Jumeirah","The Crescent","The Alba Residences","The Alba Residences Building 2","","43000000","11358","122232","3786","351.79","Apartment","3","","","","Y","0","0","","7","Oqood","","Omniyat","","Initial Sale"
"9051103","2025-08-03","Palm Jumeirah","The Crescent","The Alba Residences","The Alba Residences Building 2","","50185800","12600","135615","3983","370.06","Apartment","3","","","","Y","0","0","","8","Oqood","","Omniyat","","Initial Sale"
"9051104","2025-08-03","Palm Jumeirah","The Crescent","The Alba Residences","The Alba Residences Building 2","","36921000","9617","103507","3839","356.7","Apartment","3","","","","Y","0","0","","10","Oqood","","Omniyat","","Initial Sale"
"9048251","2025-07-31","Palm Jumeirah","Golden Mile","Golden Mile 4","","","5300000","2003","21560","2646","245.83","Apartment","3","","","","Y","0","0","","1","Title Deed","","Nakheel","","Resale"
"9048032","2025-07-31","Palm Jumeirah","Shoreline Apartments","Al Basri","","","6300000","3156","33962","1996","185.5","Apartment","2","","","","Y","0","0","","4","Title Deed","","Nakheel","","Resale"
"9047158","2025-07-30","Palm Jumeirah","Olaia Residences","","","","13413825","4501","48438","2980","276.93","Apartment","3","","","","Y","0","0","","G","Oqood","","Gulf House Development","","Initial Sale"
"9047227","2025-07-30","Palm Jumeirah","The Crescent","W Residences","","","21300000","3288","35381","6479","602.01","Apartment","2","","","","Y","0","0","","6","Title Deed","","Al Sharq Investment LLC","","Resale"
"9047028","2025-07-30","Palm Jumeirah","The Crescent","Armani Beach Residences","","","39360000","7683","82691","5123","475.99","Apartment","3","","","","Y","0","0","","4","Oqood","","Arada Developments LLC","","Initial Sale"
"9045851","2025-07-29","Palm Jumeirah","The Crescent","Ellington Beach House","","","11000000","6215","66877","1770","164.48","Apartment","2","","","","Y","0","0","","6","Title Deed","","Ellington Properties","","Resale"
"9046173","2025-07-29","Palm Jumeirah","The Crescent","The Royal Atlantis Resort and Residences","","","36000000","10505","113062","3427","318.41","Apartment","3","","","","Y","0","0","","11","Title Deed","","Kerzner International","","Resale"
"9046443","2025-07-29","Palm Jumeirah","Azure Residences","","","","3000000","2627","28257","1142","106.17","Apartment","1","Swimming Pool,Sea,Burj Al Arab","","","Y","0","0","","3","Title Deed","","Nakheel","","Resale"
"9045971","2025-07-29","Palm Jumeirah","Shoreline Apartments","Al Masalli","","","4999000","2272","24455","2200","204.42","Apartment","3","","","","Y","0","0","","4","Title Deed","","Nakheel","","Resale"
"9044810","2025-07-28","Palm Jumeirah","Marina Residences","Marina Residences 6","","","3350000","1730","18624","1936","179.88","Apartment","2","","","","Y","0","0","","4","Title Deed","","Nakheel","","Resale"
"9044354","2025-07-28","Palm Jumeirah","Marina Residences","Marina Residences 4","","","10000000","2468","26560","4052","376.5","Apartment","3","","","","Y","0","0","","5","Title Deed","","Nakheel","","Resale"
"9044409","2025-07-28","Palm Jumeirah","The Fronds","Frond B","","","30000000","6000","64583","5000","464.52","Villa","4","","","","","6714","623.79","","G+1","Title Deed","","Nakheel","","Resale"
"9044078","2025-07-27","Palm Jumeirah","Olaia Residences","","","","8263312","3771","40580","2191","203.63","Apartment","3","","","","Y","0","0","","2","Oqood","","Gulf House Development","","Initial Sale"
"9043268","2025-07-25","Palm Jumeirah","The Crescent","Ellington Beach House","","","12700000","6210","66821","2045","190.06","Apartment","3","","","","Y","0","0","","6","Title Deed","","Ellington Properties","","Resale"
"9043782","2025-07-25","Palm Jumeirah","The Crescent","Six Senses The Palm","","","14400000","5856","63011","2459","228.53","Apartment","2","","","","Y","0","0","","7","Oqood","","Select Group","","Resale"
"9043336","2025-07-25","Palm Jumeirah","The Crescent","Ellington Beach House","","","12250000","6414","69034","1910","177.45","Apartment","3","","","","Y","0","0","","5","Title Deed","","Ellington Properties","","Resale"
"9042729","2025-07-24","Palm Jumeirah","The Crescent","Rixos The Palm","Dream Palm Residence","","7150000","2089","22481","3423","318.04","Apartment","3","","","","Y","0","0","","1","Title Deed","","Al Fattan Properties","","Resale"
"9042238","2025-07-24","Palm Jumeirah","The Fronds","Frond N","","","64500000","6034","64946","10690","993.14","Villa","5","","","","","10568","981.8","","G+3","Title Deed","","Nakheel","","Resale"
"9042174","2025-07-24","Palm Jumeirah","The Crescent","Xxii Carat (Club Villas)","","","59800000","6427","69175","9305","864.48","Villa","7","","","","","18258","1696.24","Emerald","G+1","Title Deed","","Forum Group Development","","Resale"
"9040140","2025-07-23","Palm Jumeirah","Shoreline Apartments","Al Tamr","","","10000000","1909","20550","5237","486.61","Apartment","4","","","","Y","0","0","","LP","Title Deed","","Nakheel","","Resale"
"9039988","2025-07-23","Palm Jumeirah","Golden Mile","Golden Mile 3","","","2125000","1508","16229","1409","130.94","Apartment","1","","","","Y","0","0","","1","Title Deed","","Nakheel","","Resale"
"9038872","2025-07-22","Palm Jumeirah","Oceana","Oceana Caribbean","","","10400000","4563","49101","2279","211.81","Apartment","3","Atlantis Marina Skyline","","","Y","0","0","","5","Title Deed","","Seven Tides","","Resale"
"9038656","2025-07-22","Palm Jumeirah","Olaia Residences","","","","14392800","4801","51667","2998","278.57","Apartment","4","","","","Y","0","0","","9","Oqood","","Gulf House Development","","Initial Sale"
"9038661","2025-07-22","Palm Jumeirah","Olaia Residences","","","","14619648","4801","51667","3045","282.96","Apartment","4","","","","Y","0","0","","9","Oqood","","Gulf House Development","","Initial Sale"
"9038662","2025-07-22","Palm Jumeirah","Olaia Residences","","","","11071844","4901","52743","2259","209.92","Apartment","3","","","","Y","0","0","","9","Oqood","","Gulf House Development","","Initial Sale"
"9038924","2025-07-22","Palm Jumeirah","Shoreline Apartments","Al Sultana","","","2655000","3688","39680","720","66.91","Apartment","1","","","","N","0","0","","1","Title Deed","","Nakheel","","Resale"
"9038531","2025-07-22","Palm Jumeirah","The Crescent","Anantara Residences","Anantara Residences South","","2450000","2116","22759","1158","107.65","Apartment","1","","","","Y","0","0","","5","Title Deed","","Seven Tides","","Resale"
"9039099","2025-07-22","Palm Jumeirah","The Crescent","Anantara Residences","Anantara Residences North","","3325000","2185","23500","1522","141.49","Apartment","1","","","","Y","0","0","","5","Title Deed","","Seven Tides","","Resale"
"9037081","2025-07-21","Palm Jumeirah","Seven Palm","","","","1425000","2890","31080","493","45.85","Apartment","s","","","","Y","0","0","","5","Title Deed","","Seven Tides","","Resale"
"9037894","2025-07-21","Palm Jumeirah","The Crescent","The Alba Residences","The Alba Residences Building 2","","21496720","10445","112384","2058","191.28","Apartment","2","","","","Y","0","0","","3","Oqood","","Omniyat","","Initial Sale"
"9037395","2025-07-21","Palm Jumeirah","Como Residences","","","","43380800","5629","60588","7706","716","Apartment","5","","","","Y","0","0","","13","Oqood","","Nakheel","","Initial Sale"
"9037917","2025-07-21","Palm Jumeirah","The Crescent","The Alba Residences","The Alba Residences Building 2","","31050000","10623","114335","2923","271.57","Apartment","3","","","","Y","0","0","","10","Oqood","","Omniyat","","Initial Sale"
"9037936","2025-07-21","Palm Jumeirah","The Crescent","The Alba Residences","The Alba Residences Building 2","","24375400","11914","128238","2046","190.08","Apartment","2","","","","Y","0","0","","11","Oqood","","Omniyat","","Initial Sale"
"9037943","2025-07-21","Palm Jumeirah","The Crescent","Anantara Residences","Anantara Residences South","","5550000","1936","20832","2867","266.42","Apartment","2","","","","Y","0","0","","6","Title Deed","","Seven Tides","","Resale"
"9037433","2025-07-21","Palm Jumeirah","Como Residences","","","","57110800","5815","62582","9822","912.57","Apartment","4","","","","Y","0","0","","28","Oqood","","Nakheel","","Initial Sale"
"9037478","2025-07-21","Palm Jumeirah","The Crescent","Ellington Beach House","","","10300000","5435","58489","1895","176.1","Apartment","2","","","","Y","0","0","","5","Title Deed","","Ellington Properties","","Resale"
"9037225","2025-07-21","Palm Jumeirah","Shoreline Apartments","Jash Hamad","","","2900000","2537","27299","1143","106.23","Apartment","1","","","","Y","0","0","","5","Title Deed","","Nakheel","","Resale"
"9037996","2025-07-21","Palm Jumeirah","Marina Residences","Marina Residences 2","","","3670000","1799","19359","2040","189.58","Apartment","2","","","","Y","0","0","","3","Title Deed","","Nakheel","","Resale"
"9037557","2025-07-21","Palm Jumeirah","The Crescent","Balqis Residences","Balqis Residence Block B","","18500000","2514","27055","7360","683.79","Apartment","4","","","","Y","0","0","","11","Title Deed","","IFA","","Resale"
"9036773","2025-07-20","Palm Jumeirah","The Crescent","The Alba Residences","The Alba Residences Building 2","","20977880","11230","120840","1868","173.6","Apartment","2","","","","Y","0","0","","7","Oqood","","Omniyat","","Initial Sale"
"9036166","2025-07-18","Palm Jumeirah","Palm Beach Towers","Palm Beach Tower 2","","","8489000","3298","35497","2574","239.15","Apartment","3","","","","Y","0","0","","43","Oqood","","Nakheel","","Resale"
"9036203","2025-07-18","Palm Jumeirah","The Crescent","The Royal Atlantis Resort and Residences","","","19000000","6952","74824","2733","253.93","Apartment","2","","","","Y","0","0","","15","Title Deed","","Kerzner International","","Resale"
"9035016","2025-07-17","Palm Jumeirah","Shoreline Apartments","Jash Falqa","","","3750000","3278","35264","1144","106.34","Apartment","1","","","","Y","0","0","","5","Title Deed","","Nakheel","","Resale"
"9035043","2025-07-17","Palm Jumeirah","Shoreline Apartments","Al Sarrood","","","4850000","2244","24158","2161","200.76","Apartment","3","","","","","0","0","","2","Title Deed","","Nakheel","","Resale"
"9035366","2025-07-17","Palm Jumeirah","The Crescent","Balqis Residences","Balqis Residence Block B","","28500000","1817","19559","15684","1457.14","Apartment","5","","","","Y","0","0","","11","Title Deed","","IFA","","Resale"
"9034948","2025-07-17","Palm Jumeirah","The Crescent","Six Senses The Palm","","","20200000","5953","64064","3393","315.31","Apartment","3","","","","Y","0","0","","2","Oqood","","Select Group","","Resale"
"9034523","2025-07-16","Palm Jumeirah","The Fronds","Frond M","","","25000000","5000","53819","5000","464.52","Villa","4","Community, Vacant land","","","","7833","727.73","","G+1","Title Deed","","Nakheel","","Resale"
"9033771","2025-07-16","Palm Jumeirah","Golden Mile","Golden Mile 3","","","7900000","2374","25547","3328","309.24","Apartment","3","","","","Y","0","0","","5","Title Deed","","Nakheel","","Resale"
"9034287","2025-07-16","Palm Jumeirah","Palm Beach Towers","Palm Beach Tower 2","","","11400000","3443","37059","3311","307.62","Apartment","4","","","","Y","0","0","","43","Oqood","","Nakheel","","Resale"
"9033617","2025-07-16","Palm Jumeirah","Azure Residences","","","","3000000","2627","28259","1142","106.16","Apartment","1","","","","Y","0","0","","7","Title Deed","","Nakheel","","Resale"
"9034391","2025-07-16","Palm Jumeirah","The Crescent","The Alba Residences","The Alba Residences Building 2","","23389500","11327","121903","2065","191.87","Apartment","2","","","","Y","0","0","","9","Oqood","","Omniyat","","Initial Sale"
"9033905","2025-07-16","Palm Jumeirah","The Crescent","Muraba Residences","","","7000000","3535","38052","1980","183.96","Apartment","2","","","","Y","0","0","","7","Title Deed","","Muraba","","Resale"
"9034184","2025-07-16","Palm Jumeirah","Olaia Residences","","","","8743756","4042","43501","2163","201","Apartment","3","","","","Y","0","0","","7","Oqood","","Gulf House Development","","Initial Sale"
"9032448","2025-07-15","Palm Jumeirah","Palm Beach Towers","Palm Beach Tower 3","","","4268800","3655","39308","1168","108.6","Apartment","1","","","","Y","0","0","","43","Oqood","","Nakheel","","Initial Sale"
"9032463","2025-07-15","Palm Jumeirah","Olaia Residences","","","","4503598","4028","43350","1118","103.89","Apartment","1","","","","Y","0","0","","5","Oqood","","Gulf House Development","","Initial Sale"
"9032665","2025-07-15","Palm Jumeirah","The Crescent","Grandeur Residences","Mughal","","2400000","1987","21381","1208","112.25","Apartment","1","","","","Y","0","0","","2","Title Deed","","ETA Ascon","","Resale"
"9032435","2025-07-15","Palm Jumeirah","Palm Beach Towers","Palm Beach Tower 3","","","4268800","3655","39308","1168","108.6","Apartment","1","","","","Y","0","0","","41","Oqood","","Nakheel","","Initial Sale"
"9031424","2025-07-14","Palm Jumeirah","Shoreline Apartments","Al Khushkar","","","4995000","2317","24928","2156","200.38","Apartment","3","","","","Y","0","0","","8","Title Deed","","Nakheel","","Resale"
"9031169","2025-07-14","Palm Jumeirah","The Fronds","Frond M","","","37550000","5365","57741","6999","650.32","Villa","5","","","","","13404","1245.3","","G+1","Title Deed","","Nakheel","","Resale"
"9031430","2025-07-14","Palm Jumeirah","Seven Palm","","","","1400000","3977","42787","352","32.72","Apartment","s","","","","Y","0","0","","4","Title Deed","","Seven Tides","","Resale"
"9031819","2025-07-14","Palm Jumeirah","Seven Palm","","","","1375000","3917","42100","351","32.66","Apartment","s","","","","Y","0","0","","3","Title Deed","","Seven Tides","","Resale"
"9031829","2025-07-14","Palm Jumeirah","The Crescent","The 8","","","7000000","4313","46398","1623","150.87","Hotel Apartment","2","","","","Y","0","0","","2","Title Deed","Hotel Apartment","IFA","","Resale"
"9029388","2025-07-11","Palm Jumeirah","The Crescent","The Alba Residences","The Alba Residences Building 2","","23545000","11228","120830","2097","194.86","Apartment","2","","","","Y","0","0","","4","Oqood","","Omniyat","","Initial Sale"
"9029399","2025-07-11","Palm Jumeirah","The Crescent","The Alba Residences","The Alba Residences Building 2","","23973120","11660","125461","2056","191.08","Apartment","2","","","","Y","0","0","","11","Oqood","","Omniyat","","Initial Sale"
"9029413","2025-07-11","Palm Jumeirah","The Crescent","The Alba Residences","The Alba Residences Building 2","","31315200","11408","122771","2745","255.07","Apartment","3","","","","Y","0","0","","7","Oqood","","Omniyat","","Initial Sale"
"9029956","2025-07-11","Palm Jumeirah","Palm Beach Towers","Palm Beach Tower 3","","","4268800","3655","39322","1168","108.56","Apartment","1","","","","Y","0","0","","42","Oqood","","Nakheel","","Initial Sale"
"9029772","2025-07-11","Palm Jumeirah","Palm Views","Palm Views West","","","1575000","3119","33511","505","47","Apartment","s","","","","Y","0","0","","4","Title Deed","","Nakheel","","Resale"
"9029307","2025-07-11","Palm Jumeirah","Vitalia by Pinnacle","","","","9000000","4587","49372","1962","182.29","Apartment","2","","","","Y","0","0","","6","Oqood","","Pinnacle Developers","","Initial Sale"
"9029564","2025-07-11","Palm Jumeirah","The Crescent","Serenia Living","Serenia Living Tower 2","","13600000","4074","43850","3338","310.15","Apartment","3","","","","Y","0","0","","15","Oqood","","Palma Holding","","Resale"
"9027995","2025-07-10","Palm Jumeirah","Palma Residences","","","","9800000","3241","34875","3024","281","Townhouse","4","","","","","3729","346.41","","G+1","Title Deed","","Nakheel","","Resale"
"9028793","2025-07-10","Palm Jumeirah","The Fronds","Frond K","","","31000000","6200","66736","5000","464.52","Villa","4","Sea,Community","","","","7319","679.92","","G+1","Title Deed","","Nakheel","","Resale"
"9027343","2025-07-09","Palm Jumeirah","Shoreline Apartments","Al Shahla","","","5400000","2435","26205","2218","206.07","Apartment","3","","","","Y","0","0","","6","Title Deed","","Nakheel","","Resale"
"9027602","2025-07-09","Palm Jumeirah","AVA at Palm Jumeirah","","","","64500000","7385","79486","8734","811.46","Apartment","4","","","","Y","0","0","","16","Oqood","","Omniyat","","Initial Sale"
"9026649","2025-07-09","Palm Jumeirah","The Crescent","Serenia Residences","Serenia Residences North Wing","","3650000","3434","36958","1063","98.76","Apartment","1","","","","Y","0","0","","4","Title Deed","","Palma Holding","","Resale"
"9026676","2025-07-09","Palm Jumeirah","Vitalia by Pinnacle","","","","8626317","4397","47319","1962","182.3","Apartment","2","","","","Y","0","0","","4","Oqood","","Pinnacle Developers","","Initial Sale"
"9026938","2025-07-09","Palm Jumeirah","Five Palm Jumeirah","","","","10500000","3304","35555","3178","295.32","Hotel Apartment","2","","","","Y","0","0","","16","Title Deed","Hotel Apartment","Five Holdings","","Resale"
"9027196","2025-07-09","Palm Jumeirah","Five Palm Jumeirah","","","","5500000","2822","30365","1949","181.13","Apartment","2","Community/ Partial Sea/ Swimming Pool","","","Y","0","0","","13","Title Deed","","Five Holdings","","Resale"
"9026941","2025-07-09","Palm Jumeirah","The Fronds","Frond E","","","25050000","5010","53927","5000","464.52","Villa","4","","","","","7076","657.37","","G+1","Title Deed","","Nakheel","","Resale"
"9026954","2025-07-09","Palm Jumeirah","The Crescent","The Alba Residences","The Alba Residences Building 1","","70000000","8729","93957","8019","745.02","Apartment","4","","","","Y","0","0","","4","Oqood","","Omniyat","","Initial Sale"
"9026778","2025-07-09","Palm Jumeirah","Golden Mile","Golden Mile 5","","","3800000","2112","22735","1799","167.14","Apartment","2","Community,Road","","","Y","0","0","","4","Title Deed","","Nakheel","","Resale"
"9026786","2025-07-09","Palm Jumeirah","The Crescent","The Royal Atlantis Resort and Residences","","","17500000","8516","91623","2055","191","Apartment","2","","","","Y","0","0","","3","Title Deed","","Kerzner International","","Resale"
"9025908","2025-07-08","Palm Jumeirah","Tiara Residences","Emerald","","","5450000","3250","34981","1677","155.8","Apartment","2","","","","Y","0","0","","D","Title Deed","","Zabeel Properties","","Resale"
"9025418","2025-07-08","Palm Jumeirah","Olaia Residences","","","","6508800","3957","42588","1645","152.83","Apartment","2","","","","Y","0","0","","7","Oqood","","Gulf House Development","","Initial Sale"
"9025677","2025-07-08","Palm Jumeirah","Oceana","Dukes Oceana","","","790000","2107","22662","375","34.86","Hotel Apartment","s","","","","Y","0","0","","11","Title Deed","Hotel Apartment","Seven Tides","","Resale"
"9025191","2025-07-08","Palm Jumeirah","The Crescent","Serenia Residences","Serenia Residences West Wing","","3100000","3088","33223","1004","93.31","Apartment","1","","","","Y","0","0","","5","Title Deed","","Palma Holding","","Resale"
"9025193","2025-07-08","Palm Jumeirah","Palm Views","Palm Views West","","","1400000","2555","27451","548","51","Apartment","s","","","","Y","0","0","","3","Title Deed","","Nakheel","","Resale"
"9025514","2025-07-08","Palm Jumeirah","Olaia Residences","","","","8869487","3850","41421","2304","214.13","Apartment","3","","","","Y","0","0","","7","Oqood","","Gulf House Development","","Initial Sale"
"9024258","2025-07-07","Palm Jumeirah","The Crescent","Anantara Residences","Anantara Residences South","","4000000","2250","24210","1778","165.22","Apartment","2","","","","Y","0","0","","6","Title Deed","","Seven Tides","","Resale"
"9024063","2025-07-07","Palm Jumeirah","The Fronds","Frond M","","","1000000","200","2153","5000","464.52","Villa","4","Community, Vacant land","","","","7833","727.73","","G+1","Title Deed","","Nakheel","","Resale"
"9023612","2025-07-07","Palm Jumeirah","Palm Beach Towers","Palm Beach Tower 2","","","2750000","2932","31544","938","87.18","Apartment","1","","","","Y","0","0","","22","Oqood","","Nakheel","","Resale"
"9024154","2025-07-07","Palm Jumeirah","Marina Residences","Marina Residences 5","","","4400000","2283","24571","1927","179.07","Apartment","2","","","","Y","0","0","","4","Title Deed","","Nakheel","","Resale"
"9023967","2025-07-07","Palm Jumeirah","Shoreline Apartments","Al Habool","","","4500000","2023","21776","2224","206.65","Apartment","3","","","","Y","0","0","","1","Title Deed","","Nakheel","","Resale"
"9024223","2025-07-07","Palm Jumeirah","Olaia Residences","","","","6388975","3932","42305","1625","151.02","Apartment","2","","","","Y","0","0","","7","Oqood","","Gulf House Development","","Initial Sale"
"9024489","2025-07-07","Palm Jumeirah","The Crescent","Ocean House","","","8900000","4232","45552","2103","195.38","Apartment","2","","","","Y","0","0","","4","Oqood","","Ellington Properties","","Resale"
"9022519","2025-07-04","Palm Jumeirah","Oceana","Oceana Pacific","","","4425000","3307","35594","1338","124.32","Apartment","1","","","","Y","0","0","","8","Title Deed","","Seven Tides","","Resale"
"9023324","2025-07-04","Palm Jumeirah","Olaia Residences","","","","8270776","3824","41148","2163","201","Apartment","3","","","","Y","0","0","","3","Oqood","","Gulf House Development","","Initial Sale"
"9022814","2025-07-04","Palm Jumeirah","Golden Mile","Golden Mile 4","","","9800000","2206","23747","4442","412.69","Apartment","4","","","","Y","0","0","","7","Title Deed","","Nakheel","","Resale"
"9022590","2025-07-04","Palm Jumeirah","Olaia Residences","","","","6888337","4205","45241","1638","152.26","Apartment","2","","","","Y","0","0","","7","Oqood","","Gulf House Development","","Initial Sale"
"9022959","2025-07-04","Palm Jumeirah","Marina Residences","Marina Residences 1","","","3650000","1952","21010","1870","173.73","Apartment","2","","","","Y","0","0","","8","Title Deed","","Nakheel","","Resale"
"9021714","2025-07-03","Palm Jumeirah","Marina Residences","Marina Residences 3","","","4500000","2209","23777","2037","189.26","Apartment","2","","","","Y","0","0","","2","Title Deed","","Nakheel","","Resale"
"9021992","2025-07-03","Palm Jumeirah","The Crescent","The Royal Atlantis Resort and Residences","","","24500000","8271","89020","2962","275.22","Apartment","2","","","","Y","0","0","","2","Title Deed","","Kerzner International","","Resale"
"9021235","2025-07-03","Palm Jumeirah","Golden Mile","Golden Mile 5","","","4100000","2285","24595","1794","166.7","Apartment","2","","","","Y","0","0","","6","Title Deed","","Nakheel","","Resale"
"9021241","2025-07-03","Palm Jumeirah","Palm Views","Palm Views West","","","1570000","2865","30833","548","50.92","Apartment","s","","","","Y","0","0","","1","Title Deed","","Nakheel","","Resale"
"9021844","2025-07-03","Palm Jumeirah","The Crescent","Balqis Residences","Balqis Residence Villas","","64000000","4600","49516","13912","1292.52","Apartment","5","","","","Y","0","0","","G","Title Deed","","IFA","","Resale"
"9021674","2025-07-03","Palm Jumeirah","Shoreline Apartments","Al Hamri","","","2950000","2576","27723","1145","106.41","Apartment","1","","","","Y","0","0","","6","Title Deed","","Nakheel","","Resale"
"9020429","2025-07-02","Palm Jumeirah","Olaia Residences","","","","11080272","4901","52743","2261","210.08","Apartment","3","","","","Y","0","0","","9","Oqood","","Gulf House Development","","Initial Sale"
"9020452","2025-07-02","Palm Jumeirah","Shoreline Apartments","Al Sultana","","","6100000","2852","30687","2139","198.78","Apartment","3","","","","Y","0","0","","8","Title Deed","","Nakheel","","Resale"
"9020729","2025-07-02","Palm Jumeirah","The Fronds","Frond N","","","82000000","0","0","0","0","Villa","","","","","","13762","1278.54","","G+1","Title Deed","","Nakheel","","Resale"
"9020584","2025-07-02","Palm Jumeirah","Olaia Residences","","","","8699400","4022","43287","2163","200.97","Apartment","3","","","","Y","0","0","","7","Oqood","","Gulf House Development","","Initial Sale"
"9020336","2025-07-02","Palm Jumeirah","Olaia Residences","","","","11135152","4901","52743","2272","211.12","Apartment","3","","","","Y","0","0","","9","Oqood","","Gulf House Development","","Initial Sale"
"9020403","2025-07-02","Palm Jumeirah","Olaia Residences","","","","11080272","4901","52743","2261","210.08","Apartment","3","","","","Y","0","0","","9","Oqood","","Gulf House Development","","Initial Sale"
"9019916","2025-07-01","Palm Jumeirah","The Crescent","Serenia Living","Serenia Living Tower 1","","8200000","4385","47192","1870","173.76","Apartment","2","","","","Y","0","0","","12","Oqood","","Palma Holding","","Resale"
"9018917","2025-07-01","Palm Jumeirah","Olaia Residences","","","","8262483","3771","40580","2191","203.61","Apartment","3","","","","Y","0","0","","2","Oqood","","Gulf House Development","","Initial Sale"
"9019181","2025-07-01","Palm Jumeirah","The Fronds","Frond N","","","30000000","0","0","0","0","Villa","","","","","","13578","1261.46","","G+1","Title Deed","","Nakheel","","Resale"
"9018935","2025-07-01","Palm Jumeirah","Olaia Residences","","","","6148762","3841","41333","1601","148.76","Apartment","2","","","","Y","0","0","","7","Oqood","","Gulf House Development","","Initial Sale"
"9019198","2025-07-01","Palm Jumeirah","The Fronds","Frond N","","","60000000","0","0","0","0","Land","","","","","","27818","2584.45","","","Title Deed","","Nakheel","","Resale"
"9019714","2025-07-01","Palm Jumeirah","The Crescent","Raffles The Palm Dubai","","","49864000","5939","63922","8396","780.08","Villa","4","","","","","7484","695.27","","G+3","Title Deed","","Emerald Properties","","Resale"
"9019503","2025-07-01","Palm Jumeirah","Olaia Residences","","","","3232546","3803","40903","850","79.03","Apartment","1","","","","Y","0","0","","1","Oqood","","Gulf House Development","","Initial Sale"
"9019535","2025-07-01","Palm Jumeirah","Olaia Residences","","","","4788115","4260","45815","1124","104.51","Apartment","1","","","","Y","0","0","","7","Oqood","","Gulf House Development","","Initial Sale"
"9019049","2025-07-01","Palm Jumeirah","The Fronds","Frond N","","","28000000","0","0","0","0","Villa","","","","","","13579","1261.56","","G+1","Title Deed","","Nakheel","","Resale"
"9019577","2025-07-01","Palm Jumeirah","Olaia Residences","","","","4788115","4260","45815","1124","104.51","Apartment","1","","","","Y","0","0","","7","Oqood","","Gulf House Development","","Initial Sale"
"9019354","2025-07-01","Palm Jumeirah","The Fairmont Palm Residences","The Fairmont Palm Residence South","","","4875000","2743","29524","1777","165.12","Apartment","2","","","","Y","0","0","","8","Title Deed","","IFA","","Resale"
"9019622","2025-07-01","Palm Jumeirah","Olaia Residences","","","","4759682","4257","45815","1118","103.89","Apartment","1","","","","Y","0","0","","7","Oqood","","Gulf House Development","","Initial Sale"
"9019368","2025-07-01","Palm Jumeirah","Marina Residences","Marina Residences 1","","","3950000","1932","20791","2045","189.99","Apartment","2","","","","Y","0","0","","1","Title Deed","","Nakheel","","Resale"
"9017600","2025-06-30","Palm Jumeirah","Marina Residences","Marina Residences 6","","","3550000","2047","22025","1734","161.18","Apartment","2","","","","Y","0","0","","5","Title Deed","","Nakheel","","Resale"
"9018907","2025-06-30","Palm Jumeirah","Olaia Residences","","","","5616030","3501","37674","1604","149.07","Apartment","2","","","","Y","0","0","","2","Oqood","","Gulf House Development","","Initial Sale"
"9017397","2025-06-30","Palm Jumeirah","The Crescent","Royal Bay","","","1750000","2059","22158","850","78.98","Hotel Apartment","1","","","","Y","0","0","","1","Title Deed","Hotel Apartment","Azizi","","Resale"
"9017911","2025-06-30","Palm Jumeirah","Golden Mile","Golden Mile 5","","","4875000","2014","21671","2421","224.95","Apartment","3","","","","Y","0","0","","5","Title Deed","","Nakheel","","Resale"
"9018679","2025-06-30","Palm Jumeirah","Mysk by Shaza","","","","12000000","0","0","0","0","Whole Building","","","","","","29093","2702.85","","","Title Deed","","Aqua Properties","","Resale"
"9018236","2025-06-30","Palm Jumeirah","The Crescent","Serenia Living","Serenia Living Tower 1","","9300000","4590","49402","2026","188.25","Apartment","2","","","","Y","0","0","","9","Oqood","","Palma Holding","","Resale"
"9017996","2025-06-30","Palm Jumeirah","The Fronds","Frond K","","","2540000","0","0","0","0","Land","","","","","","979","90.98","","","Title Deed","","Nakheel","","Initial Sale"
"9018082","2025-06-30","Palm Jumeirah","Azure Residences","","","","5850000","2586","27836","2262","210.16","Apartment","2","","","","Y","0","0","","1","Title Deed","","Nakheel","","Resale"
"9018101","2025-06-30","Palm Jumeirah","The Crescent","Six Senses The Palm","","","12700000","6408","68939","1982","184.22","Apartment","2","","","","Y","0","0","","3","Oqood","","Select Group","","Resale"
"9018878","2025-06-30","Palm Jumeirah","Olaia Residences","","","","8261359","3819","41107","2163","200.97","Apartment","3","","","","Y","0","0","","3","Oqood","","Gulf House Development","","Initial Sale"
"9016607","2025-06-26","Palm Jumeirah","Golden Mile","Golden Mile 4","","","7000000","2103","22636","3328","309.24","Apartment","3","Park","Y","","Y","0","0","Type A","1","Title Deed","","Nakheel","","Resale"
"9015626","2025-06-26","Palm Jumeirah","The Fairmont Palm Residences","The Fairmont Palm Residence South","","","9375000","1807","19453","5187","481.93","Apartment","3","","","","Y","0","0","","B1","Title Deed","","IFA","","Resale"
"9016672","2025-06-26","Palm Jumeirah","The Crescent","W Residences","","","39000000","8261","88919","4721","438.6","Apartment","3","","","","Y","0","0","","6","Title Deed","","Al Sharq Investment LLC","","Resale"
"9016167","2025-06-26","Palm Jumeirah","Marina Residences","Marina Residences 5","","","7651995","1888","20320","4053","376.58","Apartment","3","","","","Y","0","0","","11","Title Deed","","Nakheel","","Resale"
"9016445","2025-06-26","Palm Jumeirah","The Palm Crown","Crown Views","","","101946000","0","0","0","0","Land","","","","","","16438","1527.17","","","Title Deed","","Nakheel","","Initial Sale"
"9016469","2025-06-26","Palm Jumeirah","The Palm Crown","Crown Views","","","97312000","0","0","0","0","Land","","","","","","16438","1527.18","","","Title Deed","","Nakheel","","Initial Sale"
"9016478","2025-06-26","Palm Jumeirah","The Palm Crown","Crown Views","","","89846000","0","0","0","0","Land","","","","","","15177","1410","","","Title Deed","","Nakheel","","Initial Sale"
"9016504","2025-06-26","Palm Jumeirah","Shoreline Apartments","Jash Falqa","","","5600000","3613","38870","1550","144.07","Apartment","2","","","","Y","0","0","","7","Title Deed","","Nakheel","","Resale"
"9016530","2025-06-26","Palm Jumeirah","The Fronds","Frond P","","","63000000","9001","96875","6999","650.32","Villa","5","","","","","13398","1244.71","","G+1","Title Deed","","Nakheel","","Resale"
"9016025","2025-06-26","Palm Jumeirah","Como Residences","","","","30887800","5157","55503","5990","556.51","Apartment","3","","","","Y","0","0","","14","Oqood","","Nakheel","","Resale"
"9016292","2025-06-26","Palm Jumeirah","Oceana","Oceana Adriatic","","","6500000","3803","40935","1709","158.79","Apartment","2","","","","Y","0","0","","12","Title Deed","","Seven Tides","","Resale"
"9014806","2025-06-25","Palm Jumeirah","Oceana","Dukes Oceana","","","1750000","4704","50578","372","34.6","Hotel Apartment","s","","","","Y","0","0","","13","Title Deed","Hotel Apartment","Seven Tides","","Resale"
"9014570","2025-06-25","Palm Jumeirah","The Crescent","Grandeur Residences","Maurya","","2580000","2304","24793","1120","104.06","Apartment","1","","","","Y","0","0","","2","Title Deed","","ETA Ascon","","Resale"
"9014581","2025-06-25","Palm Jumeirah","The Fairmont Palm Residences","The Fairmont Palm Residence South","","","10500000","3313","35654","3169","294.5","Apartment","4","","","","Y","0","0","","9","Title Deed","","IFA","","Resale"
"9014590","2025-06-25","Palm Jumeirah","The Crescent","The 8","","","5201500","4219","45376","1233","114.63","Hotel Apartment","2","","","","Y","0","0","","6","Title Deed","Hotel Apartment","IFA","","Resale"
"9015431","2025-06-25","Palm Jumeirah","The Fronds","Frond A","","","3330000","0","0","0","0","Land","","","","","","1288","119.68","","","Title Deed","","Nakheel","","Initial Sale"
"9014677","2025-06-25","Palm Jumeirah","Palm Beach Towers","Palm Beach Tower 1","","","3170000","3484","37493","910","84.55","Apartment","1","","","","Y","0","0","","26","Oqood","","Nakheel","","Resale"
"9014178","2025-06-25","Palm Jumeirah","Shoreline Apartments","Al Khushkar","","","3900000","2516","27070","1550","144.07","Apartment","2","Park,Monorail,Restricted Sea,Community","","","Y","0","0","","7","Title Deed","","Nakheel","","Resale"
"9014505","2025-06-25","Palm Jumeirah","The Crescent","Anantara Residences","Anantara Residences South","","13000000","2704","29103","4808","446.69","Apartment","3","","","","Y","0","0","","8","Title Deed","","Seven Tides","","Resale"
"9013513","2025-06-24","Palm Jumeirah","The Fronds","Frond A","","","40000000","5715","61508","6999","650.32","Villa","6","","","","","13396","1244.55","","G+1","Title Deed","","Nakheel","","Resale"
"9013629","2025-06-24","Palm Jumeirah","Marina Residences","Marina Residences 5","","","4300000","2420","26032","1777","165.18","Apartment","2","","","","Y","0","0","","12","Title Deed","","Nakheel","","Resale"
"9012871","2025-06-24","Palm Jumeirah","The Crescent","The Royal Atlantis Resort and Residences","","","22000000","8889","95669","2475","229.96","Apartment","2","","","","Y","0","0","","7","Title Deed","","Kerzner International","","Resale"
"9013895","2025-06-24","Palm Jumeirah","The Crescent","The 8","","","4995000","4038","43431","1237","115.01","Hotel Apartment","2","","","","Y","0","0","","3","Title Deed","Hotel Apartment","IFA","","Resale"
"9013425","2025-06-24","Palm Jumeirah","Seven Palm","","","","1300000","3037","32672","428","39.79","Hotel Apartment","s","","","","Y","0","0","","11","Title Deed","Hotel Apartment","Seven Tides","","Resale"
"9013446","2025-06-24","Palm Jumeirah","Palm Beach Towers","Palm Beach Tower 1","","","3208680","3480","37450","922","85.68","Apartment","1","","","","Y","0","0","","24","Oqood","","Nakheel","","Resale"
"9013229","2025-06-24","Palm Jumeirah","The Crescent","The 8","","","7261500","4474","48131","1623","150.87","Hotel Apartment","2","","","","Y","0","0","","2","Title Deed","Hotel Apartment","IFA","","Resale"
"9013232","2025-06-24","Palm Jumeirah","Seven Palm","","","","1350000","3740","40167","361","33.61","Apartment","s","","","","Y","0","0","","2","Title Deed","","Seven Tides","","Resale"
"9012981","2025-06-24","Palm Jumeirah","Five Palm Jumeirah","","","","4000000","3271","35196","1223","113.65","Apartment","1","","","","Y","0","0","","7","Title Deed","","Five Holdings","","Resale"
"9012983","2025-06-24","Palm Jumeirah","Golden Mile","Golden Mile 1","","","5200000","1563","16815","3328","309.24","Apartment","3","","","","Y","0","0","","1","Title Deed","","Nakheel","","Resale"
"9010760","2025-06-23","Palm Jumeirah","Shoreline Apartments","Al Haseer","","","6900000","3455","37191","1997","185.53","Apartment","2","","","","Y","0","0","","2","Title Deed","","Nakheel","","Resale"
"9011277","2025-06-23","Palm Jumeirah","Palm Beach Towers","Palm Beach Tower 3","","","4728800","3487","37533","1356","125.99","Apartment","2","","","","Y","0","0","","18","Oqood","","Nakheel","","Resale"
"9010797","2025-06-23","Palm Jumeirah","The Crescent","Muraba Residences","","","7650000","3844","41376","1990","184.89","Apartment","2","","","","Y","0","0","","G","Title Deed","","Muraba","","Initial Sale"
"9010620","2025-06-23","Palm Jumeirah","Golden Mile","Golden Mile 9","","","4300000","2406","25890","1787","166.09","Apartment","2","","","","Y","0","0","","4","Title Deed","","Nakheel","","Resale"
"9010883","2025-06-23","Palm Jumeirah","The Crescent","The 8","","","3750000","2824","30389","1328","123.4","Apartment","2","","","","Y","0","0","","5","Title Deed","","IFA","","Resale"
"9011142","2025-06-23","Palm Jumeirah","The Fronds","Frond A","","","65000000","9287","99951","6999","650.32","Villa","6","Marina skyline, Sea","","","","14739","1369.29","","G+1","Title Deed","","Nakheel","","Resale"
"9011181","2025-06-23","Palm Jumeirah","The Crescent","Serenia Living","Serenia Living Tower 1","","8200000","4754","51154","1725","160.3","Apartment","2","","","","Y","0","0","","7","Oqood","","Palma Holding","","Resale"
"9009460","2025-06-20","Palm Jumeirah","Tiara Residences","Emerald","","","6500000","2868","30876","2266","210.52","Apartment","3","","","","Y","0","0","","5","Title Deed","","Zabeel Properties","","Resale"
"9009980","2025-06-20","Palm Jumeirah","The Crescent","Balqis Residences","Balqis Residence Block B","","5000000","735","7909","6804","632.17","Apartment","4","","","","Y","0","0","","11","Title Deed","","IFA","","Resale"
"9009742","2025-06-20","Palm Jumeirah","Oceana","Dukes Oceana","","","1120000","1938","20822","578","53.79","Hotel Apartment","1","","","","Y","0","0","","17","Title Deed","Hotel Apartment","Seven Tides","","Resale"
"9008990","2025-06-20","Palm Jumeirah","The Crescent","Anantara Residences","Anantara Residences South","","4550000","2496","26855","1823","169.43","Apartment","2","","","","Y","0","0","","7","Title Deed","","Seven Tides","","Resale"
"9009248","2025-06-20","Palm Jumeirah","The Fronds","Frond O","","","52400000","10480","112805","5000","464.52","Villa","4","","","","","7370","684.67","","G+1","Title Deed","","Nakheel","","Resale"
"9009910","2025-06-20","Palm Jumeirah","The Crescent","The Alba Residences","The Alba Residences Building 1","","55487040","8242","88714","6732","625.46","Apartment","4","","","","Y","0","0","","2","Oqood","","Omniyat","","Initial Sale"
"9007374","2025-06-19","Palm Jumeirah","Canal Cove Villas","Canal Cove East","","","18500000","4513","48569","4099","380.9","Villa","4","","","","","5060","470.08","","G+1","Title Deed","","Nakheel","","Resale"
"9007377","2025-06-19","Palm Jumeirah","Shoreline Apartments","Al Habool","","","3925000","2532","27242","1550","144.08","Apartment","2","","","","Y","0","0","","5","Title Deed","","Nakheel","","Resale"
"9008155","2025-06-19","Palm Jumeirah","Marina Residences","Marina Residences 4","","","3440000","1691","18198","2034","189.03","Apartment","2","","","","Y","0","0","","G","Title Deed","","Nakheel","","Resale"
"9008187","2025-06-19","Palm Jumeirah","Marina Residences","Marina Residences 3","","","3500000","2006","21581","1745","162.18","Apartment","2","","","","Y","0","0","","12","Title Deed","","Nakheel","","Resale"
"9007421","2025-06-19","Palm Jumeirah","The Crescent","Luce","","","10185000","4403","47394","2313","214.9","Apartment","3","","","","Y","0","0","","7","Oqood","","Taraf","","Resale"
"9007211","2025-06-19","Palm Jumeirah","Tiara Residences","Ruby","","","4000000","3089","33223","1295","120.4","Apartment","1","","","","Y","0","0","","1","Title Deed","","Zabeel Properties","","Resale"
"9007227","2025-06-19","Palm Jumeirah","The Crescent","W Residences","","","6949000","4359","46934","1594","148.06","Apartment","2","","","","","0","0","","8","Oqood","","Al Sharq Investment LLC","","Initial Sale"
"9007508","2025-06-19","Palm Jumeirah","Palm Beach Towers","Palm Beach Tower 3","","","3758000","3512","37780","1070","99.47","Apartment","1","","","","Y","0","0","","28","Oqood","","Nakheel","","Resale"
"9008556","2025-06-19","Palm Jumeirah","The Crescent","Anantara Residences","Anantara Residences South","","4250000","2327","25040","1826","169.73","Apartment","2","","","","Y","0","0","","6","Title Deed","","Seven Tides","","Resale"
"9006689","2025-06-18","Palm Jumeirah","Shoreline Apartments","Al Tamr","","","4700000","2176","23411","2160","200.76","Apartment","3","","","","Y","0","0","","2","Title Deed","","Nakheel","","Resale"
"9006200","2025-06-18","Palm Jumeirah","The Crescent","Azizi Mina","","","3650000","1136","12223","3214","298.61","Hotel Apartment","1","","","","Y","0","0","","1","Title Deed","Hotel Apartment","Azizi","","Resale"
"9006055","2025-06-18","Palm Jumeirah","The Fronds","Frond F","","","22914000","0","0","0","0","Villa","5","","","","","7377","685.34","","G+1","Title Deed","","","","Initial Sale"
"9006314","2025-06-18","Palm Jumeirah","Marina Residences","Marina Residences 3","","","3100000","1787","19230","1735","161.21","Apartment","2","","","","Y","0","0","","8","Title Deed","","Nakheel","","Resale"
"9005083","2025-06-17","Palm Jumeirah","Shoreline Apartments","Jash Hamad","","","3325000","2106","22661","1579","146.73","Apartment","2","","","","Y","0","0","","2","Title Deed","","Nakheel","","Resale"
"9005343","2025-06-17","Palm Jumeirah","The Crescent","The 8","","","6662040","5501","59176","1211","112.58","Hotel Apartment","2","","","","Y","0","0","","4","Title Deed","Hotel Apartment","IFA","","Resale"
"9005219","2025-06-17","Palm Jumeirah","The Crescent","Ellington Beach House","","","7200000","5128","55181","1404","130.48","Apartment","2","","","","Y","0","0","","6","Title Deed","","Ellington Properties","","Resale"
"9005021","2025-06-17","Palm Jumeirah","Golden Mile","Golden Mile 1","","","3300000","1826","19650","1807","167.94","Apartment","2","","","","Y","0","0","","4","Title Deed","","Nakheel","","Resale"
"9003521","2025-06-16","Palm Jumeirah","The Crescent","W Residences","","","5822712","756","8138","7702","715.54","Apartment","3","","","","Y","0","0","","6","Title Deed","","Al Sharq Investment LLC","","Resale"
"9004064","2025-06-16","Palm Jumeirah","The Crescent","Grandeur Residences","Mughal","","2500000","2232","24025","1120","104.06","Apartment","1","","","","Y","0","0","","2","Title Deed","","ETA Ascon","","Resale"
"9003814","2025-06-16","Palm Jumeirah","Seven Palm","","","","1425000","4048","43551","352","32.72","Apartment","s","","","","Y","0","0","","3","Title Deed","","Seven Tides","","Resale"
"9004087","2025-06-16","Palm Jumeirah","Shoreline Apartments","Al Hamri","","","2650000","2314","24904","1145","106.41","Apartment","1","","","","Y","0","0","","8","Title Deed","","Nakheel","","Resale"
"9003615","2025-06-16","Palm Jumeirah","Palm Beach Towers","Palm Beach Tower 2","","","6200000","3493","37596","1775","164.91","Apartment","2","","","","Y","0","0","","25","Oqood","","Nakheel","","Resale"
"9003878","2025-06-16","Palm Jumeirah","The Crescent","EOME","","","125000000","8154","87774","15329","1424.12","Villa","6","","","","","19067","1771.39","","G+1","Oqood","","Blue Haven Real Estate Development LLC","","Resale"
"9003688","2025-06-16","Palm Jumeirah","Marina Residences","Marina Residences 2","","","4000000","2307","24817","1734","161.18","Apartment","2","","","","Y","0","0","","7","Title Deed","","Nakheel","","Resale"
"9004219","2025-06-16","Palm Jumeirah","Seven Palm","","","","3200000","2893","31137","1106","102.77","Apartment","2","","","","Y","0","0","","1","Title Deed","","Seven Tides","","Resale"
"9003494","2025-06-16","Palm Jumeirah","The Crescent","W Residences","","","5226496","928","9989","5632","523.23","Apartment","2","","","","Y","0","0","","7","Title Deed","","Al Sharq Investment LLC","","Resale"
"9002809","2025-06-13","Palm Jumeirah","Marina Residences","Marina Residences 4","","","3300000","1614","17369","2045","189.99","Apartment","2","","","","Y","0","0","","1","Title Deed","","Nakheel","","Resale"
"9002696","2025-06-13","Palm Jumeirah","The Crescent","W Residences","","","14710353","1050","11302","14009","1301.56","Apartment","3","","","","Y","0","0","","1","Title Deed","","Al Sharq Investment LLC","","Resale"
"9002702","2025-06-13","Palm Jumeirah","The Crescent","W Residences","","","18572180","1450","15608","12808","1189.94","Apartment","3","","","","Y","0","0","","7","Title Deed","","Al Sharq Investment LLC","","Resale"
"9002002","2025-06-12","Palm Jumeirah","The Fronds","Frond C","","","67000000","9573","103026","6999","650.32","Villa","6","","","","","14719","1367.42","","G+1","Title Deed","","Nakheel","","Initial Sale"
"9001518","2025-06-12","Palm Jumeirah","The Fronds","Frond O","","","31000000","5802","62441","5343","496.47","Villa","5","","","","","6702","622.66","","G+1","Title Deed","","Nakheel","","Initial Sale"
"9002039","2025-06-12","Palm Jumeirah","The Fronds","Frond J","","","365000000","0","0","0","0","Land","","","","","","90037","8364.71","","","Title Deed","","Nakheel","","Resale"
"9001277","2025-06-12","Palm Jumeirah","Marina Residences","Marina Residences 1","","","5650000","2317","24937","2438","226.57","Apartment","3","","","","Y","0","0","","7","Title Deed","","Nakheel","","Resale"
"9001313","2025-06-12","Palm Jumeirah","The Crescent","Serenia Residences","Serenia Residences West Wing","","3950000","3824","41137","1033","96.02","Apartment","1","","","","Y","0","0","","6","Title Deed","","Palma Holding","","Resale"
"9001330","2025-06-12","Palm Jumeirah","Shoreline Apartments","Al Habool","","","4550000","2283","24565","1993","185.22","Apartment","2","","","","Y","0","0","","7","Title Deed","","Nakheel","","Resale"
"9001599","2025-06-12","Palm Jumeirah","The Crescent","Royal Bay","","","1950000","2468","26549","790","73.45","Hotel Apartment","1","","","","Y","0","0","","7","Title Deed","Hotel Apartment","Azizi","","Resale"
"9001892","2025-06-12","Palm Jumeirah","Palm Beach Towers","Palm Beach Tower 3","","","4000000","4338","46685","922","85.68","Apartment","1","","","","Y","0","0","","25","Oqood","","Nakheel","","Resale"
"9001134","2025-06-12","Palm Jumeirah","The Crescent","Armani Beach Residences","","","73440000","7722","83120","9510","883.54","Apartment","5","","","","Y","0","0","","8","Oqood","","Arada Developments LLC","","Initial Sale"
"9001684","2025-06-12","Palm Jumeirah","Five Palm Jumeirah","","","","5800000","2095","22543","2769","257.29","Apartment","3","","","","Y","0","0","","9","Title Deed","","Five Holdings","","Resale"
"9001695","2025-06-12","Palm Jumeirah","Seven Palm","","","","2475000","2448","26333","1011","93.99","Apartment","1","","","","Y","0","0","","13","Title Deed","","Seven Tides","","Resale"
"9001704","2025-06-12","Palm Jumeirah","Club Vista Mare","","","","1450000","2393","25718","606","56.38","Apartment","s","","","","Y","0","0","","1","Title Deed","","Nakheel","","Resale"
"8999943","2025-06-11","Palm Jumeirah","The Fronds","Frond J","","","48000000","0","0","0","0","Villa","","","","","","16117","1497.31","","G+1","Title Deed","","Nakheel","","Resale"
"8999963","2025-06-11","Palm Jumeirah","Azure Residences","","","","2575000","2239","24086","1150","106.91","Apartment","1","Full Sea","","","Y","0","0","","6","Title Deed","","Nakheel","","Resale"
"8999997","2025-06-11","Palm Jumeirah","Tiara Residences","Tanzanite","","","4100000","2445","26316","1677","155.8","Apartment","2","","","","Y","0","0","","D","Title Deed","","Zabeel Properties","","Resale"
"9000291","2025-06-11","Palm Jumeirah","Palm Views","Palm Views West","","","1450000","2641","28426","549","51.01","Apartment","s","Full Sea, Fronds","","","Y","0","0","","1","Title Deed","","Nakheel","","Resale"
"9000606","2025-06-11","Palm Jumeirah","Shoreline Apartments","Al Dabas","","","3500000","2212","23803","1582","147.04","Apartment","2","","","","Y","0","0","","9","Title Deed","","Nakheel","","Resale"
"8999170","2025-06-10","Palm Jumeirah","The Fronds","Frond H","","","50000000","5396","58077","9266","860.93","Villa","5","","","","","7844","728.76","","G+1","Title Deed","","","","Resale"
"8999027","2025-06-10","Palm Jumeirah","The Palm Tower","","","","4050000","3928","42267","1031","95.82","Apartment","1","","","","N","0","0","","40","Title Deed","","Nakheel","","Resale"
"8998801","2025-06-10","Palm Jumeirah","The Crescent","Ocean House","","","30822828","5642","60723","5463","507.6","Apartment","3","","","","Y","0","0","","9","Oqood","","Ellington Properties","","Initial Sale"
"8998819","2025-06-10","Palm Jumeirah","Shoreline Apartments","Al Anbara","","","6000000","2778","29886","2160","200.76","Apartment","3","","","","Y","0","0","","7","Title Deed","","Nakheel","","Resale"
"8997889","2025-06-09","Palm Jumeirah","The Fronds","Frond O","","","35500000","5917","63686","6000","557.42","Villa","4","","","","","7383","685.87","","G+1","Title Deed","","Nakheel","","Resale"
"8998155","2025-06-09","Palm Jumeirah","Oceana","Dukes Oceana","","","750000","2000","21515","375","34.86","Hotel Apartment","s","","","","Y","0","0","","10","Title Deed","Hotel Apartment","Seven Tides","","Resale"
"8998165","2025-06-09","Palm Jumeirah","The Crescent","The 8","","","7776500","4845","52149","1605","149.12","Hotel Apartment","3","","","","Y","0","0","","5","Title Deed","Hotel Apartment","IFA","","Initial Sale"
"8997695","2025-06-09","Palm Jumeirah","Mysk by Shaza","","","","12000000","0","0","0","0","Land","","","","","","29093","2702.85","","","Title Deed","","Aqua Properties","","Resale"
"8997758","2025-06-09","Palm Jumeirah","The Crescent","Royal Bay","","","1700000","2152","23145","790","73.45","Hotel Apartment","1","","","","Y","0","0","","3","Title Deed","Hotel Apartment","Azizi","","Resale"
"8997793","2025-06-09","Palm Jumeirah","Oceana","Oceana Pacific","","","6000000","2456","26428","2443","227.03","Apartment","2","Marina","","","Y","0","0","","B1","Title Deed","","Seven Tides","","Resale"
"8998108","2025-06-09","Palm Jumeirah","Oceana","Dukes Oceana","","","750000","2022","21739","371","34.5","Hotel Apartment","s","","","","Y","0","0","","10","Title Deed","Hotel Apartment","Seven Tides","","Resale"
"8998139","2025-06-09","Palm Jumeirah","Shoreline Apartments","Jash Falqa","","","3000000","1919","20655","1563","145.24","Apartment","2","Community","","","Y","0","0","","6","Title Deed","","Nakheel","","Resale"
"8996368","2025-06-04","Palm Jumeirah","Oceana","Oceana Atlantic","","","3550000","2653","28555","1338","124.32","Apartment","1","","","","Y","0","0","","4","Title Deed","","Seven Tides","","Resale"
"8995623","2025-06-04","Palm Jumeirah","Seven Palm","","","","6200000","3708","39912","1672","155.34","Apartment","3","","","","Y","0","0","","8","Title Deed","","Seven Tides","","Initial Sale"
"8996399","2025-06-04","Palm Jumeirah","The Fronds","Frond A","","","26400000","4400","47361","6000","557.42","Villa","5","","","","","7327","680.74","","G+1","Title Deed","","Nakheel","","Resale"
"8995906","2025-06-04","Palm Jumeirah","The Crescent","Ellington Beach House","","","7850000","4667","50234","1682","156.27","Apartment","2","","","","Y","0","0","","6","Title Deed","","Ellington Properties","","Resale"
"8995943","2025-06-04","Palm Jumeirah","Marina Residences","Marina Residences 3","","","6800000","2472","26605","2751","255.59","Apartment","3","","","","Y","0","0","","LG","Title Deed","","Nakheel","","Resale"
"8996504","2025-06-04","Palm Jumeirah","Golden Mile","Golden Mile 9","","","4100000","2294","24687","1787","166.08","Apartment","2","","","","Y","0","0","","2","Title Deed","","Nakheel","","Resale"
"8996514","2025-06-04","Palm Jumeirah","The Crescent","The 8","","","4995500","4029","43356","1240","115.22","Hotel Apartment","2","","","","Y","0","0","","3","Title Deed","Hotel Apartment","IFA","","Resale"
"8995813","2025-06-04","Palm Jumeirah","The Palm Tower","","","","4100000","3961","42628","1035","96.18","Apartment","1","","","","N","0","0","","37","Title Deed","","Nakheel","","Resale"
"8995826","2025-06-04","Palm Jumeirah","The Fronds","Frond B","","","3120000","0","0","0","0","Land","","","","","","1204","111.88","","","Title Deed","","","","Initial Sale"
"8996088","2025-06-04","Palm Jumeirah","The Crescent","Balqis Residences","Balqis Residence Block A","","16850000","3225","34711","5225","485.44","Apartment","3","","","","Y","0","0","","6","Title Deed","","IFA","","Resale"
"8994050","2025-06-03","Palm Jumeirah","The Fronds","Frond B","","","1700000","0","0","0","0","Land","","","","","","657","61","","","Title Deed","","Nakheel","","Initial Sale"
"8993543","2025-06-03","Palm Jumeirah","The Crescent","The 8","","","3759500","3730","40114","1008","93.72","Hotel Apartment","1","","","","Y","0","0","","3","Title Deed","Hotel Apartment","IFA","","Resale"
"8994072","2025-06-03","Palm Jumeirah","The Crescent","The 8","","","5050000","3797","40844","1330","123.64","Apartment","2","","","","Y","0","0","","5","Title Deed","","IFA","","Resale"
"8993568","2025-06-03","Palm Jumeirah","","","","","1610000","0","0","0","0","Land","","","","","","622","57.83","","","Title Deed","","","","Initial Sale"
"8993828","2025-06-03","Palm Jumeirah","","","","","1620000","0","0","0","0","Land","","","","","","625","58.04","","","Title Deed","","","","Initial Sale"
"8993834","2025-06-03","Palm Jumeirah","","","","","1620000","0","0","0","0","Land","","","","","","624","57.95","","","Title Deed","","","","Initial Sale"
"8993902","2025-06-03","Palm Jumeirah","Marina Residences","Marina Residences 5","","","4200000","2407","25897","1745","162.18","Apartment","2","","","","Y","0","0","","9","Title Deed","","Nakheel","","Resale"
"8993399","2025-06-03","Palm Jumeirah","The Crescent","The 8","","","5500000","4142","44567","1328","123.41","Apartment","2","","","","Y","0","0","","4","Title Deed","","IFA","","Resale"
"8993658","2025-06-03","Palm Jumeirah","Canal Cove Villas","Canal Cove East","","","16500000","4025","43318","4099","380.9","Villa","4","","","","","5060","470.08","","G+1","Title Deed","","Nakheel","","Resale"
"8993952","2025-06-03","Palm Jumeirah","The Crescent","Balqis Residences","Balqis Residence Block B","","4260000","2155","23189","1977","183.71","Apartment","2","","","","Y","0","0","","8","Title Deed","","IFA","","Resale"
"8992943","2025-06-03","Palm Jumeirah","","","","","1670000","0","0","0","0","Land","","","","","","644","59.82","","","Title Deed","","","","Initial Sale"
"8995254","2025-06-03","Palm Jumeirah","The Crescent","Ellington Beach House","","","9058127","4780","51437","1895","176.1","Apartment","2","","","","Y","0","0","","1","Title Deed","","Ellington Properties","","Resale"
"8993761","2025-06-03","Palm Jumeirah","The Fronds","Frond M","","","27110521","5422","58362","5000","464.52","Villa","4","","","","","7357","683.47","","G+1","Title Deed","","Nakheel","","Resale"
"8994025","2025-06-03","Palm Jumeirah","Shoreline Apartments","Al Habool","","","5250000","2634","28345","1993","185.22","Apartment","2","","","","Y","0","0","","8","Title Deed","","Nakheel","","Resale"
"8994032","2025-06-03","Palm Jumeirah","The Fairmont Palm Residences","The Fairmont Palm Residence North","","","8450000","1622","17452","5211","484.18","Apartment","3","Community","","","Y","0","0","","B1","Title Deed","","IFA","","Resale"
"8993777","2025-06-03","Palm Jumeirah","The Crescent","The 8","","","5000000","3333","35863","1500","139.42","Apartment","2","","","","Y","0","0","","2","Title Deed","","IFA","","Resale"
"8991748","2025-06-02","Palm Jumeirah","The Crescent","Serenia Living","Serenia Living Tower 2","","19200000","4303","46314","4462","414.56","Apartment","4","","","","Y","0","0","","13","Oqood","","Palma Holding","","Resale"
"8992530","2025-06-02","Palm Jumeirah","The Palm Tower","","","","4300000","4080","43900","1054","97.95","Apartment","1","","","","N","0","0","","34","Title Deed","","Nakheel","","Resale"
"8991511","2025-06-02","Palm Jumeirah","","","","","1820000","0","0","0","0","Land","","","","","","701","65.11","","","Title Deed","","","","Initial Sale"
"8991512","2025-06-02","Palm Jumeirah","","","","","1790000","0","0","0","0","Land","","","","","","690","64.1","","","Title Deed","","","","Initial Sale"
"8991514","2025-06-02","Palm Jumeirah","The Fronds","Frond K","","","1750000","0","0","0","0","Land","","","","","","677","62.85","","","Title Deed","","Nakheel","","Initial Sale"
"8991518","2025-06-02","Palm Jumeirah","The Fronds","Frond F","","","662530","0","0","0","0","Land","","","","","","602","55.96","","","Title Deed","","Nakheel","","Initial Sale"
"8991548","2025-06-02","Palm Jumeirah","","","","","1660000","0","0","0","0","Land","","","","","","641","59.58","","","Title Deed","","","","Initial Sale"
"8991831","2025-06-02","Palm Jumeirah","The Crescent","Anantara Residences","Anantara Residences South","","2700000","2346","25248","1151","106.94","Apartment","1","","","","Y","0","0","","3","Title Deed","","Seven Tides","","Resale"
"8991898","2025-06-02","Palm Jumeirah","The Fronds","Frond J","","","1650000","0","0","0","0","Land","","","","","","636","59.09","","","Title Deed","","Nakheel","","Initial Sale"
"8991904","2025-06-02","Palm Jumeirah","The Fronds","Frond O","","","1620000","0","0","0","0","Land","","","","","","625","58.1","","","Title Deed","","Nakheel","","Initial Sale"
"8991909","2025-06-02","Palm Jumeirah","The Crescent","Balqis Residences","Balqis Residence Block B","","4400000","2286","24591","1925","178.93","Apartment","2","","","","Y","0","0","","8","Title Deed","","IFA","","Resale"
"8991914","2025-06-02","Palm Jumeirah","","","","","3320000","0","0","0","0","Land","","","","","","1282","119.06","","","Title Deed","","","","Initial Sale"
"8991924","2025-06-02","Palm Jumeirah","","","","","1720000","0","0","0","0","Land","","","","","","664","61.68","","","Title Deed","","","","Initial Sale"
"8991955","2025-06-02","Palm Jumeirah","Five Palm Jumeirah","","","","6100000","3708","39895","1645","152.9","Apartment","2","","","","Y","0","0","","4","Title Deed","","Five Holdings","","Resale"
"8992495","2025-06-02","Palm Jumeirah","The Crescent","Kempinski Palm Residence","","","4650000","2369","25485","1963","182.46","Apartment","2","","","","Y","0","0","","GF","Title Deed","","Emerald Properties","","Resale"
"8991728","2025-06-02","Palm Jumeirah","The Crescent","Ocean House","","","18686828","5132","55236","3641","338.31","Apartment","3","","","","Y","0","0","","2","Oqood","","Ellington Properties","","Initial Sale"
"8991460","2025-06-01","Palm Jumeirah","","","","","1790000","0","0","0","0","Land","","","","","","691","64.2","","","Title Deed","","","","Initial Sale"
"8990779","2025-05-30","Palm Jumeirah","Marina Residences","Marina Residences 2","","","4300000","2418","26031","1778","165.19","Apartment","2","","","","Y","0","0","","11","Title Deed","","Nakheel","","Resale"
"8990088","2025-05-30","Palm Jumeirah","Oceana","Oceana Pacific","","","5650000","2313","24887","2443","227.03","Apartment","2","","","","Y","0","0","","B1","Title Deed","","Seven Tides","","Resale"
"8990158","2025-05-30","Palm Jumeirah","Marina Residences","Marina Residences 6","","","4200000","2056","22118","2043","189.89","Apartment","2","","","","Y","0","0","","2","Title Deed","","Nakheel","","Resale"
"8990181","2025-05-30","Palm Jumeirah","Golden Mile","Golden Mile 9","","","4600000","1767","19013","2604","241.94","Apartment","2","","","","Y","0","0","","1","Title Deed","","Nakheel","","Resale"
"8988673","2025-05-29","Palm Jumeirah","The Crescent","Kempinski Palm Residence","","","4650000","2385","25655","1950","181.25","Apartment","2","","","","Y","0","0","","1","Title Deed","","Emerald Properties","","Resale"
"8988674","2025-05-29","Palm Jumeirah","Golden Mile","Golden Mile 5","","","2000000","1531","16476","1306","121.39","Apartment","1","","","","Y","0","0","","2","Title Deed","","Nakheel","","Resale"
"8989203","2025-05-29","Palm Jumeirah","Palm Beach Towers","Palm Beach Tower 3","","","4000000","1567","16861","2553","237.23","Apartment","3","","","","Y","0","0","","17","Oqood","","Nakheel","","Resale"
"8988713","2025-05-29","Palm Jumeirah","Seven Palm","","","","4000000","3515","37807","1138","105.8","Apartment","2","","","","Y","0","0","","14","Title Deed","","Seven Tides","","Resale"
"8989501","2025-05-29","Palm Jumeirah","The Fairmont Palm Residences","The Fairmont Palm Residence North","","","5550000","3216","34595","1726","160.43","Apartment","2","","","","Y","0","0","","5","Title Deed","","IFA","","Resale"
"8989516","2025-05-29","Palm Jumeirah","Marina Residences","Marina Residences 4","","","3750000","2149","23122","1745","162.18","Apartment","2","","","","Y","0","0","","13","Title Deed","","Nakheel","","Resale"
"8989271","2025-05-29","Palm Jumeirah","The Crescent","The 8","","","6438000","5299","57014","1215","112.92","Hotel Apartment","2","","","","Y","0","0","","6","Title Deed","Hotel Apartment","IFA","","Resale"
"8988552","2025-05-29","Palm Jumeirah","The Crescent","The Alba Residences","The Alba Residences Building 1","","39968465","8661","93212","4615","428.79","Apartment","3","","","","Y","0","0","","5","Oqood","","Omniyat","","Initial Sale"
"8989334","2025-05-29","Palm Jumeirah","The Crescent","Serenia Residences","Serenia Residences West Wing","","7300000","3983","42863","1833","170.31","Apartment","2","Community, Sea, Swimming Pool","","","Y","0","0","","8","Title Deed","","Palma Holding","","Resale"
"8988823","2025-05-29","Palm Jumeirah","Palm Beach Towers","Palm Beach Tower 2","","","3000000","2606","28040","1151","106.99","Apartment","1","","","","Y","0","0","","17","Oqood","","Nakheel","","Resale"
"8989351","2025-05-29","Palm Jumeirah","The Fronds","Frond C","","","55000000","7858","84574","6999","650.32","Villa","6","","","","","13404","1245.26","","G+1","Title Deed","","Nakheel","","Initial Sale"
"8989354","2025-05-29","Palm Jumeirah","The Crescent","The 8","","","12926500","4924","52986","2625","243.96","Hotel Apartment","3","","","","Y","0","0","","6","Title Deed","Hotel Apartment","IFA","","Resale"
"8989104","2025-05-29","Palm Jumeirah","Palm Views","Palm Views East","","","1435000","2628","28248","546","50.8","Apartment","s","","","","Y","0","0","","3","Title Deed","","Nakheel","","Resale"
"8988595","2025-05-29","Palm Jumeirah","The Crescent","The 8","","","3000000","2259","24311","1328","123.4","Apartment","2","","","","Y","0","0","","5","Title Deed","","IFA","","Resale"
"8988887","2025-05-29","Palm Jumeirah","The Crescent","Luce","","","9800000","4106","44188","2387","221.78","Apartment","3","","","","Y","0","0","","6","Oqood","","Taraf","","Resale"
"8988664","2025-05-29","Palm Jumeirah","The Crescent","The 8","","","4380000","5111","54991","857","79.65","Hotel Apartment","1","","","","Y","0","0","","4","Title Deed","Hotel Apartment","IFA","","Resale"
"8987476","2025-05-28","Palm Jumeirah","Marina Residences","Marina Residences 4","","","4100000","2306","24820","1778","165.19","Apartment","2","Sea","","","Y","0","0","","12","Title Deed","","Nakheel","","Resale"
"8987565","2025-05-28","Palm Jumeirah","The Crescent","The Royal Atlantis Resort and Residences","","","31800000","9797","105427","3246","301.63","Apartment","3","","","","Y","0","0","","15","Title Deed","","Kerzner International","","Resale"
"8987879","2025-05-28","Palm Jumeirah","Oceana","Oceana Adriatic","","","7200000","2947","31714","2443","227.03","Apartment","2","","","","Y","0","0","","B1","Title Deed","","Seven Tides","","Resale"
"8986139","2025-05-27","Palm Jumeirah","The Crescent","Anantara Residences","Anantara Residences North","","2400000","2073","22307","1158","107.59","Apartment","1","","","","Y","0","0","","5","Title Deed","","Seven Tides","","Resale"
"8986599","2025-05-27","Palm Jumeirah","The Fronds","Frond N","","","61500000","10750","115706","5721","531.52","Villa","5","","","","","7736","718.74","","G+1","Title Deed","","Nakheel","","Resale"
"8986098","2025-05-27","Palm Jumeirah","Marina Residences","Marina Residences 5","","","3600000","2075","22331","1735","161.21","Apartment","2","","","","Y","0","0","","5","Title Deed","","Nakheel","","Resale"
"8984842","2025-05-26","Palm Jumeirah","Shoreline Apartments","Al Khudrawi","","","5800000","3742","40258","1550","144.07","Apartment","2","","","","Y","0","0","","2","Title Deed","","Nakheel","","Resale"
"8985897","2025-05-26","Palm Jumeirah","Tiara Residences","Tanzanite","","","5000000","2982","32092","1677","155.8","Apartment","2","","","","Y","0","0","","6","Title Deed","","Zabeel Properties","","Resale"
"8984453","2025-05-26","Palm Jumeirah","The Crescent","Six Senses The Palm","","","45000000","6970","75026","6456","599.79","Apartment","4","","","","Y","0","0","","2","Oqood","","Select Group","","Resale"
"8985004","2025-05-26","Palm Jumeirah","The Crescent","Balqis Residences","Balqis Residence Block C","","4100000","2095","22544","1957","181.87","Apartment","2","","","","Y","0","0","","8","Title Deed","","IFA","","Resale"
"8985006","2025-05-26","Palm Jumeirah","Seven Palm","","","","2050000","3037","32659","675","62.77","Apartment","1","","","","Y","0","0","","10","Title Deed","","Seven Tides","","Resale"
"8984509","2025-05-26","Palm Jumeirah","The Fairmont Palm Residences","The Fairmont Palm Residence North","","","12000000","2412","25956","4976","462.32","Apartment","4","","","","Y","0","0","","10","Title Deed","","IFA","","Resale"
"8984772","2025-05-26","Palm Jumeirah","Tiara Residences","Tanzanite","","","11500000","5075","54627","2266","210.52","Apartment","3","","","","Y","0","0","","11","Title Deed","","Zabeel Properties","","Resale"
"8985305","2025-05-26","Palm Jumeirah","The Crescent","Anantara Residences","Anantara Residences South","","2220000","1919","20640","1157","107.56","Apartment","1","Sea","","","Y","0","0","","2","Title Deed","","Seven Tides","","Resale"
"8984820","2025-05-26","Palm Jumeirah","Marina Residences","Marina Residences 5","","","17750000","1731","18632","10254","952.65","Apartment","4","","","","Y","0","0","","14","Title Deed","","Nakheel","","Resale"
"8985076","2025-05-26","Palm Jumeirah","The Fronds","Frond E","","","40500000","5787","62277","6999","650.32","Villa","6","","","","","13399","1244.81","","G+1","Title Deed","","Nakheel","","Resale"
"8983569","2025-05-23","Palm Jumeirah","The Crescent","The 8","","","8034000","4501","48444","1785","165.84","Hotel Apartment","3","","","","Y","0","0","","3","Title Deed","Hotel Apartment","IFA","","Resale"
"8983066","2025-05-23","Palm Jumeirah","The Crescent","The 8","","","8497000","4702","50604","1807","167.91","Hotel Apartment","3","","","","Y","0","0","","5","Title Deed","Hotel Apartment","IFA","","Resale"
"8983339","2025-05-23","Palm Jumeirah","The Crescent","The 8","","","3450500","4017","43207","859","79.86","Hotel Apartment","1","","","","Y","0","0","","4","Title Deed","Hotel Apartment","IFA","","Resale"
"8983341","2025-05-23","Palm Jumeirah","The Crescent","The 8","","","4120000","4091","44036","1007","93.56","Hotel Apartment","1","","","","Y","0","0","","3","Title Deed","Hotel Apartment","IFA","","Resale"
"8983854","2025-05-23","Palm Jumeirah","The Crescent","The Royal Atlantis Resort and Residences","","","38000000","10839","116650","3506","325.76","Apartment","3","","","","Y","0","0","","27","Title Deed","","Kerzner International","","Resale"
"8983384","2025-05-23","Palm Jumeirah","Marina Residences","Marina Residences 4","","","9400000","1901","20454","4946","459.56","Apartment","3","","","","Y","0","0","","G","Title Deed","","Nakheel","","Resale"
"8983179","2025-05-23","Palm Jumeirah","Tiara Residences","Emerald","","","3900000","3012","32392","1295","120.4","Apartment","1","","","","Y","0","0","","10","Title Deed","","Zabeel Properties","","Resale"
"8983204","2025-05-23","Palm Jumeirah","Marina Residences","Marina Residences 2","","","4180000","2411","25934","1734","161.18","Apartment","2","","","","Y","0","0","","5","Title Deed","","Nakheel","","Resale"
"8983212","2025-05-23","Palm Jumeirah","The Crescent","Anantara Residences","Anantara Residences South","","4200000","2385","25669","1761","163.62","Apartment","2","Atlantis/ Sea (assumed)","","","Y","0","0","","7","Title Deed","","Seven Tides","","Resale"
"8982992","2025-05-23","Palm Jumeirah","Oceana","Dukes Oceana","","","840000","1732","18617","485","45.12","Hotel Apartment","s","","","","Y","0","0","","1","Title Deed","Hotel Apartment","Seven Tides","","Resale"
"8982996","2025-05-23","Palm Jumeirah","Tiara Residences","Emerald","","","3900000","3012","32392","1295","120.4","Apartment","1","","","","Y","0","0","","9","Title Deed","","Zabeel Properties","","Resale"
"8982295","2025-05-22","Palm Jumeirah","The Crescent","Kempinski Palm Residence","","","6015000","2047","22037","2938","272.95","Apartment","3","","","","Y","0","0","","1","Title Deed","","Emerald Properties","","Resale"
"8982307","2025-05-22","Palm Jumeirah","Seven Palm","","","","1000000","1513","16271","661","61.46","Apartment","1","","","","Y","0","0","","9","Title Deed","","Seven Tides","","Resale"
"8982072","2025-05-22","Palm Jumeirah","Tiara Residences","Diamond","","","6800000","4055","43646","1677","155.8","Apartment","2","","","","Y","0","0","","4","Title Deed","","Zabeel Properties","","Resale"
"8982340","2025-05-22","Palm Jumeirah","Marina Residences","Marina Residences 1","","","3625000","1952","21004","1857","172.59","Apartment","2","","","","Y","0","0","","3","Title Deed","","Nakheel","","Resale"
"8982355","2025-05-22","Palm Jumeirah","The Palm Tower","","","","5550000","5158","55517","1076","99.97","Apartment","1","","","","N","0","0","","41","Title Deed","","Nakheel","","Resale"
"8982457","2025-05-22","Palm Jumeirah","Shoreline Apartments","Al Khudrawi","","","4140000","1898","20427","2181","202.67","Apartment","3","","","","Y","0","0","","LP","Title Deed","","Nakheel","","Resale"
"8982268","2025-05-22","Palm Jumeirah","The Crescent","Royal Bay","","","1650000","2010","21622","821","76.31","Hotel Apartment","1","","","","Y","0","0","","2","Title Deed","Hotel Apartment","Azizi","","Resale"
"8981014","2025-05-21","Palm Jumeirah","Five Palm Jumeirah","","","","6000000","3446","37085","1741","161.79","Apartment","2","","","","Y","0","0","","15","Title Deed","","Five Holdings","","Resale"
"8981272","2025-05-21","Palm Jumeirah","The Fronds","Frond O","","","23300000","4660","50159","5000","464.52","Villa","3","","","","","6708","623.22","","G+1","Title Deed","","Nakheel","","Resale"
"8981285","2025-05-21","Palm Jumeirah","The Crescent","The 8","","","3900000","4244","45662","919","85.41","Apartment","1","","","","Y","0","0","","4","Title Deed","","IFA","","Resale"
"8980867","2025-05-21","Palm Jumeirah","The Palm Tower","","","","2100000","4008","43121","524","48.7","Apartment","s","","","","N","0","0","","23","Title Deed","","Nakheel","","Resale"
"8980984","2025-05-21","Palm Jumeirah","The Fronds","Frond F","","","28250000","5650","60815","5000","464.52","Villa","4","","","","","7354","683.18","","G+1","Title Deed","","Nakheel","","Resale"
"8979394","2025-05-20","Palm Jumeirah","The Crescent","Anantara Residences","Anantara Residences South","","3400000","2232","24028","1523","141.5","Apartment","1","","","","Y","0","0","","4","Title Deed","","Seven Tides","","Resale"
"8979189","2025-05-20","Palm Jumeirah","The Crescent","Muraba Residences","","","7826921","3933","42317","1990","184.96","Apartment","2","","","","Y","0","0","","G","Title Deed","","Muraba","","Resale"
"8977991","2025-05-19","Palm Jumeirah","Oceana","Oceana Southern","","","2915000","2179","23448","1338","124.32","Apartment","1","","","","Y","0","0","","2","Title Deed","","Seven Tides","","Resale"
"8977786","2025-05-19","Palm Jumeirah","Shoreline Apartments","Al Haseer","","","5450000","3516","37847","1550","144","Apartment","2","","","","Y","0","0","","8","Title Deed","","Nakheel","","Resale"
"8978080","2025-05-19","Palm Jumeirah","Palm Views","Palm Views West","","","1350000","2689","28896","502","46.72","Apartment","s","","","","Y","0","0","","4","Title Deed","","Nakheel","","Resale"
"8977867","2025-05-19","Palm Jumeirah","Oceana","Oceana Pacific","","","3200000","2148","23108","1490","138.48","Apartment","1","","","","Y","0","0","","GF","Title Deed","","Seven Tides","","Resale"
"8977486","2025-05-18","Palm Jumeirah","The Crescent","Anantara Residences","Anantara Residences South","","4280000","2087","22453","2051","190.62","Apartment","2","","","","Y","0","0","","1","Title Deed","","Seven Tides","","Resale"
"8976733","2025-05-16","Palm Jumeirah","The Fronds","Frond P","","","34800000","6513","70095","5343","496.47","Villa","5","","","","","6699","622.35","","G+1","Title Deed","","Nakheel","","Resale"
"8976500","2025-05-16","Palm Jumeirah","Oceana","Oceana Baltic","","","4750000","3550","38208","1338","124.32","Apartment","1","","","","Y","0","0","","10","Title Deed","","Seven Tides","","Resale"
"8976507","2025-05-16","Palm Jumeirah","Tiara Residences","Tanzanite","","","12140514","5078","54633","2391","222.22","Apartment","3","","","","Y","0","0","","9","Title Deed","","Zabeel Properties","","Resale"
"8976528","2025-05-16","Palm Jumeirah","Palm Views","Palm Views East","","","1400000","2555","27494","548","50.92","Apartment","s","","","","Y","0","0","","2","Title Deed","","Nakheel","","Resale"
"8975621","2025-05-15","Palm Jumeirah","The Crescent","Raffles The Palm Dubai","","","25742777","8095","87125","3180","295.47","Apartment","3","","","","","0","0","","4","Title Deed","","Emerald Properties","","Resale"
"8975187","2025-05-15","Palm Jumeirah","Shoreline Apartments","Al Sultana","","","2400000","3333","35869","720","66.91","Apartment","1","","","","N","0","0","","1","Title Deed","","Nakheel","","Resale"
"8975444","2025-05-15","Palm Jumeirah","Golden Mile","Golden Mile 8","","","4100000","2285","24595","1794","166.7","Apartment","2","","","","Y","0","0","","3","Title Deed","","Nakheel","","Resale"
"8975013","2025-05-15","Palm Jumeirah","The Crescent","Kempinski Palm Residence","","","4600000","2359","25379","1950","181.25","Apartment","2","","","","Y","0","0","","1","Title Deed","","Emerald Properties","","Resale"
"8975330","2025-05-15","Palm Jumeirah","The Fronds","Frond E","","","33000000","5500","59201","6000","557.42","Villa","4","","","","","7364","684.18","","G+1","Title Deed","","Nakheel","","Resale"
"8974363","2025-05-14","Palm Jumeirah","Marina Residences","Marina Residences 4","","","4800000","1969","21186","2438","226.57","Apartment","3","","","","Y","0","0","","9","Title Deed","","Nakheel","","Resale"
"8972825","2025-05-13","Palm Jumeirah","The Crescent","Serenia Living","Serenia Living Tower 1","","7450000","4339","46688","1717","159.57","Apartment","2","","","","Y","0","0","","7","Oqood","","Palma Holding","","Resale"
"8973093","2025-05-13","Palm Jumeirah","Shoreline Apartments","Al Sarrood","","","1300000","1806","19429","720","66.91","Apartment","1","","","","N","0","0","","1","Title Deed","","Nakheel","","Resale"
"8972939","2025-05-13","Palm Jumeirah","The Crescent","The Royal Atlantis Resort and Residences","","","65000000","18294","196886","3553","330.14","Apartment","3","","","","Y","0","0","","21","Title Deed","","Kerzner International","","Resale"
"8973303","2025-05-13","Palm Jumeirah","The Crescent","Ellington Beach House","","","14900000","7286","78425","2045","189.99","Apartment","3","","","","Y","0","0","","2","Title Deed","","Ellington Properties","","Resale"
"8971521","2025-05-12","Palm Jumeirah","Marina Residences","Marina Residences 1","","","3320000","1868","20099","1777","165.18","Apartment","2","","","","Y","0","0","","12","Title Deed","","Nakheel","","Resale"
"8972548","2025-05-12","Palm Jumeirah","Seven Palm","","","","1800000","2799","30095","643","59.81","Apartment","1","","","","N","0","0","","M","Title Deed","","Seven Tides","","Resale"
"8972083","2025-05-12","Palm Jumeirah","Seven Palm","","","","2000000","2706","29099","739","68.73","Apartment","1","","","","Y","0","0","","13","Title Deed","","Seven Tides","","Resale"
"8971413","2025-05-12","Palm Jumeirah","Marina Residences","Marina Residences 2","","","3850000","1907","20525","2019","187.58","Apartment","2","","","","Y","0","0","","11","Title Deed","","Nakheel","","Resale"
"8971985","2025-05-12","Palm Jumeirah","The Crescent","Serenia Residences","Serenia Residences East Wing","","5150000","3276","35243","1572","146.13","Apartment","2","","","","Y","0","0","","3","Title Deed","","Palma Holding","","Resale"
"8971108","2025-05-11","Palm Jumeirah","Palm Views","Palm Views West","","","1500000","2970","31969","505","46.92","Apartment","s","Full Sea","","","Y","0","0","","4","Title Deed","","Nakheel","","Resale"
"8970006","2025-05-09","Palm Jumeirah","Shoreline Apartments","Al Khushkar","","","4835000","2243","24129","2156","200.38","Apartment","3","","","","Y","0","0","","5","Title Deed","","Nakheel","","Resale"
"8970432","2025-05-09","Palm Jumeirah","The Crescent","Azizi Mina","","","4300000","2870","30886","1498","139.22","Hotel Apartment","2","","","","Y","0","0","","8","Title Deed","Hotel Apartment","Azizi","","Resale"
"8969253","2025-05-08","Palm Jumeirah","Palma Residences","","","","20000000","5995","64516","3336","310","Townhouse","5","","","","","3663","340.29","","G+1","Title Deed","","Nakheel","","Resale"
"8969515","2025-05-08","Palm Jumeirah","The Crescent","Grandeur Residences","Mughal","","4200000","2062","22186","2037","189.31","Apartment","2","","","","Y","0","0","","2","Title Deed","","ETA Ascon","","Resale"
"8969007","2025-05-08","Palm Jumeirah","The Crescent","Royal Bay","","","2100000","1909","20540","1100","102.24","Hotel Apartment","1","","","","Y","0","0","","8","Title Deed","Hotel Apartment","Azizi","","Resale"
"8968533","2025-05-08","Palm Jumeirah","The Fronds","Frond C","","","32000000","6400","68888","5000","464.52","Villa","4","","","","","7344","682.3","","G+1","Title Deed","","Nakheel","","Resale"
"8969353","2025-05-08","Palm Jumeirah","The Crescent","Anantara Residences","Anantara Residences South","","2300000","1990","21413","1156","107.41","Apartment","1","","","","Y","0","0","","4","Title Deed","","Seven Tides","","Resale"
"8969122","2025-05-08","Palm Jumeirah","Palma Residences","","","","20900000","6265","67419","3336","310","Townhouse","5","","","","","3659","339.97","","G+1","Title Deed","","Nakheel","","Resale"
"8969938","2025-05-08","Palm Jumeirah","Marina Residences","Marina Residences 2","","","3400000","1722","18528","1975","183.51","Apartment","2","","","","Y","0","0","","1","Title Deed","","Nakheel","","Resale"
"8967439","2025-05-07","Palm Jumeirah","Como Residences","","","","33632800","5173","55678","6502","604.06","Apartment","3","","","","Y","0","0","","13","Oqood","","Nakheel","","Initial Sale"
"8966958","2025-05-07","Palm Jumeirah","Como Residences","","","","52513800","5603","60305","9373","870.81","Apartment","3","","","","Y","0","0","","38","Oqood","","Nakheel","","Initial Sale"
"8966973","2025-05-07","Palm Jumeirah","The Crescent","Anantara Residences","Anantara Residences North","","4350000","2386","25682","1823","169.38","Apartment","2","Community, Sea, Swimming Pool","","","Y","0","0","","4","Title Deed","","Seven Tides","","Resale"
"8967843","2025-05-07","Palm Jumeirah","Como Residences","","","","52691800","5602","60295","9406","873.9","Apartment","3","","","","Y","0","0","","37","Oqood","","Nakheel","","Initial Sale"
"8967362","2025-05-07","Palm Jumeirah","The Fairmont Palm Residences","The Fairmont Palm Residence North","","","19900000","4888","52607","4071","378.28","Apartment","3","","","","Y","0","0","","6","Title Deed","","IFA","","Resale"
"8966892","2025-05-07","Palm Jumeirah","The Crescent","EOME","","","300000000","18535","199501","16186","1503.75","Villa","6","","","","","26225","2436.34","","G+1","Oqood","","Blue Haven Real Estate Development LLC","","Initial Sale"
"8966421","2025-05-06","Palm Jumeirah","Palm Beach Towers","Palm Beach Tower 3","","","4000000","4338","46691","922","85.67","Apartment","1","","","","Y","0","0","","28","Oqood","","Nakheel","","Resale"
"8966264","2025-05-06","Palm Jumeirah","The Crescent","Xxii Carat (Club Villas)","","","22020000","3180","34230","6924","643.29","Hotel Apartment","5","","","","Y","0","0","","2","Title Deed","Hotel Apartment","Forum Group Development","","Resale"
"8966050","2025-05-06","Palm Jumeirah","Five Palm Jumeirah","","","","20000000","3752","40380","5331","495.29","Apartment","4","","","","Y","0","0","","5","Title Deed","","Five Holdings","","Resale"
"8966854","2025-05-06","Palm Jumeirah","Tiara Residences","Tanzanite","","","4100000","2158","23227","1900","176.52","Apartment","2","Community,Restricted Sea","","","Y","0","0","","G","Title Deed","","Zabeel Properties","","Resale"
"8966363","2025-05-06","Palm Jumeirah","Golden Mile","Golden Mile 5","","","6100000","1126","12121","5416","503.25","Apartment","3","Community","","","Y","0","0","","G","Title Deed","","Nakheel","","Resale"
"8964913","2025-05-05","Palm Jumeirah","Tiara Residences","Ruby","","","4010000","3097","33306","1295","120.4","Apartment","1","","","","Y","0","0","","4","Title Deed","","Zabeel Properties","","Resale"
"8964995","2025-05-05","Palm Jumeirah","Shoreline Apartments","Al Hatimi","","","3940000","2486","26743","1585","147.33","Apartment","2","","","","Y","0","0","","3","Title Deed","","Nakheel","","Resale"
"8965254","2025-05-05","Palm Jumeirah","Golden Mile","Golden Mile 8","","","3450000","1646","17715","2096","194.75","Apartment","2","","","","Y","0","0","","1","Title Deed","","Nakheel","","Resale"
"8965004","2025-05-05","Palm Jumeirah","The Crescent","Ellington Beach House","","","14000000","6846","73688","2045","189.99","Apartment","3","","","","Y","0","0","","2","Title Deed","","Ellington Properties","","Resale"
"8965028","2025-05-05","Palm Jumeirah","Shoreline Apartments","Al Sarrood","","","2300000","2010","21629","1144","106.34","Apartment","1","","","","Y","0","0","","1","Title Deed","","Nakheel","","Resale"
"8965303","2025-05-05","Palm Jumeirah","The Crescent","Kempinski Palm Residence","","","9000000","2126","22875","4234","393.44","Apartment","4","","","","Y","0","0","","6","Title Deed","","Emerald Properties","","Resale"
"8965816","2025-05-05","Palm Jumeirah","The Fronds","Frond F","","","1620000","0","0","0","0","Land","","","","","","626","58.19","","","Title Deed","","","","Initial Sale"
"8964823","2025-05-05","Palm Jumeirah","Oceana","Oceana Pacific","","","20000000","3771","40589","5303","492.75","Apartment","4","","","","Y","0","0","","14","Title Deed","","Seven Tides","","Resale"
"8964422","2025-05-04","Palm Jumeirah","The Fronds","Frond P","","","2050000","0","0","0","0","Land","","","","","","1705","158.43","","","Title Deed","","","","Initial Sale"
"8963843","2025-05-02","Palm Jumeirah","Marina Residences","Marina Residences 4","","","4450000","1825","19634","2439","226.65","Apartment","3","Sea View","","","Y","0","0","","3","Title Deed","","Nakheel","","Resale"
"8963859","2025-05-02","Palm Jumeirah","The Crescent","Serenia Living","Serenia Living Tower 2","","12600000","4968","53462","2536","235.68","Apartment","3","","","","Y","0","0","","10","Oqood","","Palma Holding","","Resale"
"8963791","2025-05-02","Palm Jumeirah","The Crescent","Six Senses The Palm","","","27500000","8088","87042","3400","315.94","Apartment","3","","","","Y","0","0","","9","Oqood","","Select Group","","Resale"
"8962095","2025-05-01","Palm Jumeirah","Canal Cove Villas","Canal Cove West","","","16500000","4343","46738","3799","353.03","Villa","3","","","","","4556","423.26","","G+1","Title Deed","","Nakheel","","Resale"
"8962360","2025-05-01","Palm Jumeirah","Tiara Residences","Diamond","","","3800000","2934","31561","1295","120.4","Apartment","1","","","","Y","0","0","","D","Title Deed","","Zabeel Properties","","Resale"
"8962622","2025-05-01","Palm Jumeirah","Oceana","Oceana Caribbean","","","4500000","3363","36197","1338","124.32","Apartment","1","","","","Y","0","0","","8","Title Deed","","Seven Tides","","Resale"
"8962644","2025-05-01","Palm Jumeirah","The Crescent","Serenia Living","Serenia Living Tower 2","","9042946","4041","43490","2238","207.93","Apartment","3","","","","Y","0","0","","14","Oqood","","Palma Holding","","Resale"
"8962652","2025-05-01","Palm Jumeirah","Shoreline Apartments","Al Sultana","","","6600000","2984","32107","2212","205.56","Apartment","3","","","","Y","0","0","","3","Title Deed","","Nakheel","","Resale"
"8962421","2025-05-01","Palm Jumeirah","The Crescent","Serenia Living","Serenia Living Tower 2","","9671827","4042","43490","2393","222.39","Apartment","3","","","","Y","0","0","","15","Oqood","","Palma Holding","","Resale"
"8962703","2025-05-01","Palm Jumeirah","The Crescent","Serenia Living","Serenia Living Tower 2","","10250799","4042","43495","2536","235.68","Apartment","3","","","","Y","0","0","","14","Oqood","","Palma Holding","","Resale"
"8962453","2025-05-01","Palm Jumeirah","The Crescent","Serenia Living","Serenia Living Tower 2","","10198930","4041","43490","2524","234.51","Apartment","3","","","","Y","0","0","","15","Oqood","","Palma Holding","","Resale"
"8962244","2025-05-01","Palm Jumeirah","The Palm Tower","","","","4000000","3795","40816","1054","98","Apartment","1","","","","N","0","0","","30","Title Deed","","Nakheel","","Resale"
"8960776","2025-04-30","Palm Jumeirah","Azure Residences","","","","4750000","2354","25331","2018","187.52","Apartment","2","","","","Y","0","0","","8","Title Deed","","Nakheel","","Resale"
"8960791","2025-04-30","Palm Jumeirah","The Fairmont Palm Residences","The Fairmont Palm Residence South","","","4350000","2117","22784","2055","190.92","Apartment","2","","","","Y","0","0","","3","Title Deed","","IFA","","Resale"
"8961065","2025-04-30","Palm Jumeirah","Palm Beach Towers","Palm Beach Tower 1","","","6590000","4860","52306","1356","125.99","Apartment","2","","","","Y","0","0","","30","Oqood","","Nakheel","","Resale"
"8960598","2025-04-30","Palm Jumeirah","Marina Residences","Marina Residences 6","","","4150000","2392","25743","1735","161.21","Apartment","2","","","","Y","0","0","","5","Title Deed","","Nakheel","","Resale"
"8961130","2025-04-30","Palm Jumeirah","Azure Residences","","","","4950000","2454","26408","2017","187.44","Apartment","2","","","","Y","0","0","","7","Title Deed","","Nakheel","","Resale"
"8961135","2025-04-30","Palm Jumeirah","Shoreline Apartments","Al Masalli","","","3650000","2307","24823","1582","147.04","Apartment","2","","","","Y","0","0","","6","Title Deed","","Nakheel","","Resale"
"8961394","2025-04-30","Palm Jumeirah","Palm Beach Towers","Palm Beach Tower 2","","","5800000","3752","40359","1546","143.71","Apartment","2","","","","Y","0","0","","31","Oqood","","Nakheel","","Resale"
"8961423","2025-04-30","Palm Jumeirah","The Crescent","Balqis Residences","Balqis Residence Block C","","1834385","1726","18574","1063","98.76","Hotel Apartment","1","","","","Y","0","0","","G","Title Deed","Hotel Apartment","IFA","","Resale"
"8960928","2025-04-30","Palm Jumeirah","The Crescent","Rixos The Palm","Dream Palm Residence","","6600000","2102","22623","3140","291.74","Apartment","3","","","","Y","0","0","","3","Title Deed","","Al Fattan Properties","","Resale"
"8961259","2025-04-30","Palm Jumeirah","The Crescent","Ellington Beach House","","","7128232","4816","51823","1480","137.55","Apartment","2","","","","Y","0","0","","6","Title Deed","","Ellington Properties","","Resale"
"8957719","2025-04-29","Palm Jumeirah","Azure Residences","","","","2776000","2431","26147","1142","106.17","Apartment","1","","","","Y","0","0","","2","Title Deed","","Nakheel","","Resale"
"8958776","2025-04-29","Palm Jumeirah","Seven Palm","","","","1320000","3376","36324","391","36.34","Apartment","s","","","","Y","0","0","","3","Title Deed","","Seven Tides","","Resale"
"8957505","2025-04-29","Palm Jumeirah","The Palm Tower","","","","2300000","4398","47267","523","48.66","Apartment","s","","","","N","0","0","","31","Title Deed","","Nakheel","","Resale"
"8957549","2025-04-29","Palm Jumeirah","Palm Beach Towers","Palm Beach Tower 3","","","5550000","4081","43908","1360","126.4","Apartment","2","","","","Y","0","0","","38","Oqood","","Nakheel","","Resale"
"8958068","2025-04-29","Palm Jumeirah","The Crescent","Anantara Residences","Anantara Residences North","","1600000","3019","32487","530","49.25","Apartment","s","","","","Y","0","0","","8","Title Deed","","Seven Tides","","Resale"
"8958102","2025-04-29","Palm Jumeirah","The Crescent","Serenia Residences","Serenia Residences West Wing","","4000000","2320","24973","1724","160.17","Apartment","2","","","","Y","0","0","","6","Title Deed","","Palma Holding","","Resale"
"8951568","2025-04-28","Palm Jumeirah","Oceana","Oceana Pacific","","","4350000","3251","34990","1338","124.32","Apartment","1","","","","Y","0","0","","13","Title Deed","","Seven Tides","","Resale"
"8951583","2025-04-28","Palm Jumeirah","Marina Residences","Marina Residences 4","","","3335000","1923","20691","1734","161.18","Apartment","2","","","","Y","0","0","","9","Title Deed","","Nakheel","","Resale"
"8952355","2025-04-28","Palm Jumeirah","The Crescent","The 8","","","2400000","2372","25502","1012","94.11","Apartment","1","","","","Y","0","0","","1","Title Deed","","IFA","","Resale"
"8952357","2025-04-28","Palm Jumeirah","The One at Palm Jumeirah","","","","60000000","8003","86141","7497","696.53","Apartment","4","Sea,Burj Al Arab,Swimming Pool,Community","","","Y","0","0","","18","Title Deed","","Omniyat","","Resale"
"8951602","2025-04-28","Palm Jumeirah","The Crescent","Six Senses The Palm","","","20700000","9067","97563","2283","212.17","Apartment","2","","","","Y","0","0","","8","Oqood","","Select Group","","Resale"
"8952416","2025-04-28","Palm Jumeirah","Palm Beach Towers","Palm Beach Tower 1","","","7209000","5360","57686","1345","124.97","Apartment","3","","","","Y","0","0","","15","Oqood","","Nakheel","","Resale"
"8951671","2025-04-28","Palm Jumeirah","Oceana","Oceana Pacific","","","7800000","3423","36825","2279","211.81","Apartment","3","","","","Y","0","0","","1","Title Deed","","Seven Tides","","Resale"
"8951195","2025-04-28","Palm Jumeirah","Shoreline Apartments","Abu Keibal","","","4350000","1941","20889","2241","208.24","Apartment","3","","","","Y","0","0","","1","Title Deed","","Nakheel","","Resale"
"8951478","2025-04-28","Palm Jumeirah","The Crescent","Grandeur Residences","Maurya","","2050000","1837","19755","1116","103.77","Apartment","1","","","","Y","0","0","","2","Title Deed","","ETA Ascon","","Resale"
"8951497","2025-04-28","Palm Jumeirah","The Crescent","Anantara Residences","Anantara Residences South","","2268173","1959","21080","1158","107.6","Apartment","1","","","","Y","0","0","","2","Title Deed","","Seven Tides","","Resale"
"8950590","2025-04-25","Palm Jumeirah","Golden Mile","Golden Mile 9","","","4030000","2246","24175","1794","166.7","Apartment","2","","","","Y","0","0","","5","Title Deed","","Nakheel","","Resale"
"8950601","2025-04-25","Palm Jumeirah","Seven Palm","","","","1380000","3909","42048","353","32.82","Apartment","s","","","","Y","0","0","","3","Title Deed","","Seven Tides","","Resale"
"8950372","2025-04-25","Palm Jumeirah","Palm Beach Towers","Palm Beach Tower 3","","","3878800","1519","16350","2553","237.23","Apartment","3","","","","Y","0","0","","21","Oqood","","Nakheel","","Resale"
"8950632","2025-04-25","Palm Jumeirah","Shoreline Apartments","Al Khudrawi","","","6100000","3061","32934","1993","185.22","Apartment","2","","","","Y","0","0","","7","Title Deed","","Nakheel","","Resale"
"8950148","2025-04-25","Palm Jumeirah","The Fronds","Frond M","","","32650000","6530","70288","5000","464.52","Villa","4","","","","","7373","684.99","","G+1","Title Deed","","Nakheel","","Resale"
"8950523","2025-04-25","Palm Jumeirah","Marina Residences","Marina Residences 2","","","10800000","2665","28680","4053","376.57","Apartment","3","","","","Y","0","0","","2","Title Deed","","Nakheel","","Resale"
"8949005","2025-04-24","Palm Jumeirah","Seven Palm","","","","1310000","2971","31959","441","40.99","Apartment","s","","","","Y","0","0","","2","Title Deed","","Seven Tides","","Resale"
"8949047","2025-04-24","Palm Jumeirah","The Palm Tower","","","","2000000","3328","35804","601","55.86","Apartment","s","","","","N","0","0","","22","Title Deed","","Nakheel","","Resale"
"8949355","2025-04-24","Palm Jumeirah","The Fronds","Frond O","","","33000000","6600","71041","5000","464.52","Villa","4","","","","","6702","622.63","","G+1","Title Deed","","Nakheel","","Resale"
"8949103","2025-04-24","Palm Jumeirah","Marina Residences","Marina Residences 5","","","4200000","2251","24216","1866","173.44","Apartment","2","","","","Y","0","0","","4","Title Deed","","Nakheel","","Resale"
"8948861","2025-04-24","Palm Jumeirah","Shoreline Apartments","Al Hatimi","","","4700000","3030","32623","1551","144.07","Apartment","2","","","","","0","0","","1","Title Deed","","Nakheel","","Resale"
"8949169","2025-04-24","Palm Jumeirah","The Crescent","Six Senses The Palm","","","16200000","7084","76239","2287","212.49","Apartment","2","","","","Y","0","0","","4","Oqood","","Select Group","","Resale"
"8948980","2025-04-24","Palm Jumeirah","The Crescent","Anantara Residences","Anantara Residences South","","2250000","1943","20899","1158","107.66","Apartment","1","","","","Y","0","0","","4","Title Deed","","Seven Tides","","Resale"
"8947969","2025-04-23","Palm Jumeirah","Palm Beach Towers","Palm Beach Tower 2","","","3350000","3032","32619","1105","102.7","Apartment","1","","","","Y","0","0","","21","Oqood","","Nakheel","","Resale"
"8947980","2025-04-23","Palm Jumeirah","Shoreline Apartments","Al Basri","","","6900000","3462","37253","1993","185.22","Apartment","2","","","","Y","0","0","","9","Title Deed","","Nakheel","","Resale"
"8947752","2025-04-23","Palm Jumeirah","Oceana","Oceana Pacific","","","7380000","3777","40639","1954","181.6","Apartment","2","","","","Y","0","0","","GF","Title Deed","","Seven Tides","","Resale"
"8948318","2025-04-23","Palm Jumeirah","The Crescent","Orla","","","81405869","7545","81203","10790","1002.5","Apartment","4","","","","Y","0","0","","10","Oqood","","Omniyat","","Initial Sale"
"8947825","2025-04-23","Palm Jumeirah","The Palm Tower","","","","2200000","4207","45193","523","48.68","Apartment","s","","","","N","0","0","","27","Title Deed","","Nakheel","","Resale"
"8947611","2025-04-23","Palm Jumeirah","Tiara Residences","Tanzanite","","","4400000","1823","19619","2414","224.27","Apartment","2","","","","Y","0","0","","P1","Title Deed","","Zabeel Properties","","Resale"
"8947919","2025-04-23","Palm Jumeirah","Marina Residences","Marina Residences 3","","","3250000","1598","17193","2034","189.03","Apartment","2","","","","Y","0","0","","G","Title Deed","","Nakheel","","Resale"
"8947924","2025-04-23","Palm Jumeirah","Tiara Residences","Aquamarine","","","6500000","3876","41720","1677","155.8","Apartment","2","","","","Y","0","0","","8","Title Deed","","Zabeel Properties","","Resale"
"8945940","2025-04-22","Palm Jumeirah","Marina Residences","Marina Residences 5","","","6100000","2217","23866","2751","255.59","Apartment","3","Partial Sea","","","Y","0","0","","LG","Title Deed","","Nakheel","","Resale"
"8946227","2025-04-22","Palm Jumeirah","The Crescent","Balqis Residences","Balqis Residence Block A","","3750000","1868","20106","2007","186.51","Apartment","2","","","","Y","0","0","","3","Title Deed","","IFA","","Resale"
"8946486","2025-04-22","Palm Jumeirah","The Crescent","Anantara Residences","Anantara Residences South","","4800000","3154","33925","1522","141.49","Apartment","1","","","","Y","0","0","","7","Title Deed","","Seven Tides","","Resale"
"8946314","2025-04-22","Palm Jumeirah","The Crescent","Serenia Residences","Serenia Residences North Wing","","3131590","2607","28051","1201","111.64","Apartment","1","","","","Y","0","0","","3","Title Deed","","Palma Holding","","Resale"
"8946326","2025-04-22","Palm Jumeirah","The Crescent","Grandeur Residences","Maurya","","4999900","1951","20994","2563","238.16","Apartment","3","","","","Y","0","0","","4","Title Deed","","ETA Ascon","","Resale"
"8946386","2025-04-22","Palm Jumeirah","The Crescent","Ellington Beach House","","","4200000","3697","39773","1136","105.6","Apartment","1","","","","Y","0","0","","6","Title Deed","","Ellington Properties","","Resale"
"8946423","2025-04-22","Palm Jumeirah","Seven Palm","","","","1100000","3116","33475","353","32.86","Apartment","s","","","","Y","0","0","","3","Title Deed","","Seven Tides","","Resale"
"8946426","2025-04-22","Palm Jumeirah","Shoreline Apartments","Al Sarrood","","","2960000","2585","27817","1145","106.41","Apartment","1","","","","Y","0","0","","5","Title Deed","","Nakheel","","Resale"
"8944910","2025-04-21","Palm Jumeirah","Oceana","Dukes Oceana","","","775000","2067","22232","375","34.86","Hotel Apartment","s","","","","Y","0","0","","13","Title Deed","","Seven Tides","","Resale"
"8944945","2025-04-21","Palm Jumeirah","Seven Palm","","","","1305000","3707","39811","352","32.78","Apartment","s","","","","Y","0","0","","1","Title Deed","","Seven Tides","","Resale"
"8944696","2025-04-21","Palm Jumeirah","The Crescent","The Royal Atlantis Resort and Residences","","","34500000","10070","108371","3426","318.35","Apartment","3","","","","Y","0","0","","12","Title Deed","","Kerzner International","","Resale"
"8944709","2025-04-21","Palm Jumeirah","The Fairmont Palm Residences","The Fairmont Palm Residence North","","","5650000","2927","31504","1930","179.34","Apartment","2","","","","Y","0","0","","2","Title Deed","","IFA","","Resale"
"8945478","2025-04-21","Palm Jumeirah","The Crescent","Azizi Mina","","","3100000","2067","22240","1500","139.39","Hotel Apartment","2","","","","Y","0","0","","7","Title Deed","Hotel Apartment","Azizi","","Resale"
"8944481","2025-04-21","Palm Jumeirah","Marina Residences","Marina Residences 1","","","4999999","1818","19563","2751","255.59","Apartment","3","Marine View","","","Y","0","0","","LG","Title Deed","","Nakheel","","Resale"
"8945508","2025-04-21","Palm Jumeirah","The Crescent","EOME","","","180000000","6552","70520","27474","2552.46","Villa","7","","","","","24509","2276.97","","G+2","Oqood","","Blue Haven Real Estate Development LLC","","Initial Sale"
"8944511","2025-04-21","Palm Jumeirah","The Crescent","Serenia Living","Serenia Living Tower 1","","7600000","4416","47512","1721","159.96","Apartment","2","","","","Y","0","0","","7","Oqood","","Palma Holding","","Resale"
"8944831","2025-04-21","Palm Jumeirah","The Crescent","Muraba Residences","","","10429897","4292","46197","2430","225.77","Apartment","3","","","","Y","0","0","","3","Title Deed","","Muraba","","Resale"
"8944847","2025-04-21","Palm Jumeirah","The Fairmont Palm Residences","The Fairmont Palm Residence North","","","5400000","2625","28253","2057","191.13","Apartment","2","","","","Y","0","0","","1","Title Deed","","IFA","","Resale"
"8943713","2025-04-18","Palm Jumeirah","Golden Mile","Golden Mile 10","","","5700000","1697","18267","3358","312.04","Apartment","3","","","","Y","0","0","","6","Title Deed","","Nakheel","","Resale"
"8943986","2025-04-18","Palm Jumeirah","The Fronds","Frond L","","","44000000","8800","94721","5000","464.52","Villa","4","","","","","9050","840.79","","G+1","Title Deed","","Nakheel","","Resale"
"8943995","2025-04-18","Palm Jumeirah","The One at Palm Jumeirah","","","","23500000","7713","83010","3047","283.1","Apartment","3","","","","Y","0","0","","2","Title Deed","","Omniyat","","Resale"
"8943552","2025-04-18","Palm Jumeirah","The Crescent","Balqis Residences","Balqis Residence Villas","","23500000","1683","18110","13967","1297.63","Apartment","5","","","","Y","0","0","","G","Title Deed","","IFA","","Resale"
"8943309","2025-04-18","Palm Jumeirah","Shoreline Apartments","Al Tamr","","","3560000","2297","24710","1550","144.07","Apartment","2","","","","Y","0","0","","6","Title Deed","","Nakheel","","Resale"
"8943586","2025-04-18","Palm Jumeirah","Five Palm Jumeirah","","","","7100000","4316","46436","1645","152.9","Apartment","2","","","","Y","0","0","","14","Title Deed","","Five Holdings","","Resale"
"8942375","2025-04-17","Palm Jumeirah","The Crescent","Balqis Residences","Balqis Residence Block A","","8800000","2619","28188","3360","312.19","Apartment","4","","","","Y","0","0","","6","Title Deed","","IFA","","Resale"
"8942141","2025-04-17","Palm Jumeirah","The Palm Tower","","","","4150000","3937","42356","1054","97.98","Apartment","1","","","","N","0","0","","35","Title Deed","","Nakheel","","Resale"
"8942403","2025-04-17","Palm Jumeirah","Oceana","Oceana Aegean","","","4425300","1814","19523","2439","226.67","Apartment","3","","","","Y","0","0","","7","Title Deed","","Seven Tides","","Resale"
"8942154","2025-04-17","Palm Jumeirah","The Crescent","Ocean House","","","18360828","5195","55918","3534","328.35","Apartment","3","","","","Y","0","0","","3","Oqood","","Ellington Properties","","Resale"
"8942158","2025-04-17","Palm Jumeirah","The Crescent","Grandeur Residences","Maurya","","4100000","1633","17582","2510","233.19","Apartment","2","","","","Y","0","0","","4","Title Deed","","ETA Ascon","","Resale"
"8942459","2025-04-17","Palm Jumeirah","The Crescent","Six Senses The Palm","","","22200000","6243","67195","3556","330.38","Apartment","3","","","","Y","0","0","","8","Oqood","","Select Group","","Resale"
"8942246","2025-04-17","Palm Jumeirah","Seven Palm","","","","1024000","2893","31115","354","32.91","Apartment","s","","","","Y","0","0","","1","Title Deed","","Seven Tides","","Resale"
"8942262","2025-04-17","Palm Jumeirah","The Crescent","Serenia Residences","Serenia Residences West Wing","","4000000","2320","24973","1724","160.17","Apartment","2","","","","Y","0","0","","7","Title Deed","","Palma Holding","","Resale"
"8942335","2025-04-17","Palm Jumeirah","Golden Mile","Golden Mile 10","","","6550000","1745","18782","3753","348.73","Apartment","3","","","","Y","0","0","","1","Title Deed","","Nakheel","","Resale"
"8936259","2025-04-16","Palm Jumeirah","The Crescent","The Alba Residences","The Alba Residences Building 1","","51569750","9273","99808","5561","516.69","Apartment","3","","","","Y","0","0","","5","Oqood","","Omniyat","","Initial Sale"
"8936537","2025-04-16","Palm Jumeirah","The Crescent","Six Senses The Palm","","","15800000","7826","84204","2019","187.64","Apartment","2","","","","Y","0","0","","8","Oqood","","Select Group","","Resale"
"8936538","2025-04-16","Palm Jumeirah","Shoreline Apartments","Al Khushkar","","","4450000","1986","21370","2241","208.24","Apartment","3","","","","Y","0","0","","1","Title Deed","","Nakheel","","Resale"
"8936321","2025-04-16","Palm Jumeirah","Shoreline Apartments","Al Nabat","","","5700000","2613","28119","2181","202.71","Apartment","3","","","","Y","0","0","","9","Title Deed","","Nakheel","","Resale"
"8936591","2025-04-16","Palm Jumeirah","The Crescent","Balqis Residences","Balqis Residence Block B","","5000000","2529","27215","1977","183.72","Apartment","2","","","","Y","0","0","","9","Title Deed","","IFA","","Resale"
"8936128","2025-04-16","Palm Jumeirah","The Crescent","The Alba Residences","The Alba Residences Building 1","","61260203","9448","101682","6484","602.47","Apartment","3","","","","Y","0","0","","7","Oqood","","Omniyat","","Initial Sale"
"8925962","2025-04-15","Palm Jumeirah","Marina Residences","Marina Residences 1","","","3900000","2249","24197","1734","161.18","Apartment","2","","","","Y","0","0","","5","Title Deed","","Nakheel","","Resale"
"8926799","2025-04-15","Palm Jumeirah","The Crescent","Azizi Mina","","","2000000","2193","23593","912","84.77","Hotel Apartment","1","","","","Y","0","0","","5","Title Deed","Hotel Apartment","Azizi","","Resale"
"8926397","2025-04-15","Palm Jumeirah","The Crescent","Grandeur Residences","Mughal","","2200000","1984","21351","1109","103.04","Apartment","1","","","","Y","0","0","","2","Title Deed","","ETA Ascon","","Resale"
"8926444","2025-04-15","Palm Jumeirah","Golden Mile","Golden Mile 7","","","7750000","1588","17090","4881","453.48","Apartment","3","","","","Y","0","0","","7","Title Deed","","Nakheel","","Resale"
"8926193","2025-04-15","Palm Jumeirah","Shoreline Apartments","Al Hamri","","","4100000","2645","28458","1550","144.07","Apartment","2","","","","Y","0","0","","8","Title Deed","","Nakheel","","Resale"
"8926196","2025-04-15","Palm Jumeirah","The Fairmont Palm Residences","The Fairmont Palm Residence South","","","5930000","3371","36278","1759","163.46","Apartment","2","","","","Y","0","0","","4","Title Deed","","IFA","","Resale"
"8924738","2025-04-14","Palm Jumeirah","Palm Beach Towers","Palm Beach Tower 1","","","6800000","4985","53624","1364","126.81","Apartment","2","","","","Y","0","0","","48","Oqood","","Nakheel","","Resale"
"8924488","2025-04-14","Palm Jumeirah","The Crescent","Balqis Residences","Balqis Residence Block A","","4000000","934","10054","4282","397.86","Apartment","3","","","","Y","0","0","","1","Title Deed","","IFA","","Resale"
"8924813","2025-04-14","Palm Jumeirah","Tiara Residences","Aquamarine","","","5500000","2975","32018","1849","171.78","Apartment","1","","","","Y","0","0","","P1","Title Deed","","Zabeel Properties","","Resale"
"8924817","2025-04-14","Palm Jumeirah","Tiara Residences","Aquamarine","","","6900000","4114","44288","1677","155.8","Apartment","2","Community,Marina,Palm Jumeirah","","","Y","0","0","","12","Title Deed","","Zabeel Properties","","Resale"
"8924075","2025-04-14","Palm Jumeirah","The Palm Tower","","","","2250000","4344","46748","518","48.13","Apartment","s","","","","N","0","0","","31","Title Deed","","Nakheel","","Resale"
"8924083","2025-04-14","Palm Jumeirah","The Palm Tower","","","","2250000","4294","46201","524","48.7","Apartment","s","","","","N","0","0","","31","Title Deed","","Nakheel","","Resale"
"8924902","2025-04-14","Palm Jumeirah","Oceana","Oceana Baltic","","","7100000","3115","33521","2279","211.81","Apartment","3","","","","Y","0","0","","8","Title Deed","","Seven Tides","","Resale"
"8923931","2025-04-11","Palm Jumeirah","The Fronds","Frond L","","","528847","0","0","0","0","Land","","","","","","630","58.49","","","Title Deed","","Nakheel","","Initial Sale"
"8923184","2025-04-11","Palm Jumeirah","The Crescent","Muraba Residences","","","8568233","3874","41676","2212","205.59","Apartment","2","","","","Y","0","0","","G","Title Deed","","Muraba","","Resale"
"8923540","2025-04-11","Palm Jumeirah","The Crescent","Serenia Living","Serenia Living Tower 2","","15300000","4536","48819","3373","313.4","Apartment","3","","","","Y","0","0","","13","Oqood","","Palma Holding","","Resale"
"8923566","2025-04-11","Palm Jumeirah","Seven Palm","","","","1350000","3824","41133","353","32.82","Apartment","s","","","","Y","0","0","","11","Title Deed","","Seven Tides","","Resale"
"8923599","2025-04-11","Palm Jumeirah","The Fairmont Palm Residences","The Fairmont Palm Residence South","","","6400000","3702","39828","1729","160.69","Apartment","2","","","","Y","0","0","","8","Title Deed","","IFA","","Resale"
"8922368","2025-04-10","Palm Jumeirah","Shoreline Apartments","Al Sarrood","","","1300000","1806","19429","720","66.91","Apartment","1","","","","N","0","0","","1","Title Deed","","Nakheel","","Resale"
"8922405","2025-04-10","Palm Jumeirah","Marina Residences","Marina Residences 2","","","3500000","2006","21581","1745","162.18","Apartment","2","","","","Y","0","0","","8","Title Deed","","Nakheel","","Resale"
"8922678","2025-04-10","Palm Jumeirah","The Fronds","Frond B","","","29000000","5800","62430","5000","464.52","Villa","4","","","","","6686","621.18","","G+1","Title Deed","","Nakheel","","Resale"
"8922935","2025-04-10","Palm Jumeirah","The Fronds","Frond D","","","35250000","6597","71001","5343","496.47","Villa","5","","","","","7755","720.49","","G+1","Title Deed","","Nakheel","","Resale"
"8922424","2025-04-10","Palm Jumeirah","Five Palm Jumeirah","","","","1450000","2362","25412","614","57.06","Apartment","s","Community","","","Y","0","0","","3","Title Deed","","Five Holdings","","Resale"
"8922983","2025-04-10","Palm Jumeirah","The Crescent","Luce","","","10477174","4028","43353","2601","241.67","Apartment","3","","","","Y","0","0","","2","Oqood","","Taraf","","Resale"
"8922487","2025-04-10","Palm Jumeirah","Palm Beach Towers","Palm Beach Tower 1","","","17700000","5110","54996","3464","321.84","Apartment","4","","","","Y","0","0","","41","Oqood","","Nakheel","","Resale"
"8922557","2025-04-10","Palm Jumeirah","Shoreline Apartments","Al Shahla","","","5050000","2310","24856","2186","203.17","Apartment","3","","","","Y","0","0","","LP","Title Deed","","Nakheel","","Resale"
"8922335","2025-04-10","Palm Jumeirah","The Fairmont Palm Residences","The Fairmont Palm Residence South","","","12500000","2573","27692","4858","451.4","Apartment","4","","","","Y","0","0","","10","Title Deed","","IFA","","Resale"
"8922343","2025-04-10","Palm Jumeirah","The Fairmont Palm Residences","The Fairmont Palm Residence South","","","4750000","2757","29671","1723","160.09","Apartment","2","","","","Y","0","0","","2","Title Deed","","IFA","","Resale"
"8921856","2025-04-09","Palm Jumeirah","The Fronds","Frond E","","","33000000","5500","59201","6000","557.42","Villa","4","","","","","7388","686.38","","G+1","Title Deed","","Nakheel","","Resale"
"8921351","2025-04-09","Palm Jumeirah","Palm Beach Towers","Palm Beach Tower 3","","","4858800","3560","38313","1365","126.82","Apartment","2","","","","Y","0","0","","36","Oqood","","Nakheel","","Resale"
"8921879","2025-04-09","Palm Jumeirah","The Crescent","W Residences","","","34000000","5543","59656","6134","569.93","Apartment","3","","","","Y","0","0","","3","Title Deed","","Al Sharq Investment LLC","","Resale"
"8921224","2025-04-09","Palm Jumeirah","Oceana","Oceana Aegean","","","3100000","2317","24936","1338","124.32","Apartment","1","","","","Y","0","0","","2","Title Deed","","Seven Tides","","Resale"
"8921240","2025-04-09","Palm Jumeirah","Palm Beach Towers","Palm Beach Tower 3","","","5053152","3705","39848","1364","126.81","Apartment","2","","","","Y","0","0","","50","Oqood","","Nakheel","","Resale"
"8921270","2025-04-09","Palm Jumeirah","Shoreline Apartments","Abu Keibal","","","2625000","2295","24685","1144","106.34","Apartment","1","","","","Y","0","0","","6","Title Deed","","Nakheel","","Resale"
"8921280","2025-04-09","Palm Jumeirah","Palm Beach Towers","Palm Beach Tower 3","","","4439552","3804","40914","1167","108.51","Apartment","1","","","","Y","0","0","","50","Oqood","","Nakheel","","Resale"
"8921281","2025-04-09","Palm Jumeirah","Palm Beach Towers","Palm Beach Tower 3","","","5697952","4190","45075","1360","126.41","Apartment","2","","","","Y","0","0","","50","Oqood","","Nakheel","","Resale"
"8921282","2025-04-09","Palm Jumeirah","Palm Beach Towers","Palm Beach Tower 3","","","8141952","3794","40834","2146","199.39","Apartment","3","","","","Y","0","0","","50","Oqood","","Nakheel","","Resale"
"8921283","2025-04-09","Palm Jumeirah","Palm Beach Towers","Palm Beach Tower 3","","","5032352","3700","39810","1360","126.41","Apartment","2","","","","Y","0","0","","50","Oqood","","Nakheel","","Resale"
"8921285","2025-04-09","Palm Jumeirah","Palm Beach Towers","Palm Beach Tower 3","","","4439552","3804","40929","1167","108.47","Apartment","1","","","","Y","0","0","","50","Oqood","","Nakheel","","Resale"
"8921544","2025-04-09","Palm Jumeirah","Seven Palm","","","","1400000","3966","42579","353","32.88","Apartment","s","","","","Y","0","0","","3","Title Deed","","Seven Tides","","Resale"
"8921289","2025-04-09","Palm Jumeirah","Palm Beach Towers","Palm Beach Tower 3","","","9202752","4288","46145","2146","199.43","Apartment","3","","","","Y","0","0","","50","Oqood","","Nakheel","","Resale"
"8921295","2025-04-09","Palm Jumeirah","Shoreline Apartments","Al Dabas","","","4575000","2952","31755","1550","144.07","Apartment","2","","","","Y","0","0","","1","Title Deed","","Nakheel","","Resale"
"8921336","2025-04-09","Palm Jumeirah","The Crescent","Six Senses The Palm","","","15200000","7143","76861","2128","197.76","Apartment","2","","","","Y","0","0","","5","Oqood","","Select Group","","Resale"
"8920066","2025-04-08","Palm Jumeirah","Palm Beach Towers","Palm Beach Tower 3","","","3857152","3305","35560","1167","108.47","Apartment","1","","","","Y","0","0","","50","Oqood","","Nakheel","","Resale"
"8920069","2025-04-08","Palm Jumeirah","Palm Beach Towers","Palm Beach Tower 3","","","5053152","3705","39848","1364","126.81","Apartment","2","","","","Y","0","0","","50","Oqood","","Nakheel","","Resale"
"8920089","2025-04-08","Palm Jumeirah","Palm Beach Towers","Palm Beach Tower 3","","","3867552","3311","35613","1168","108.6","Apartment","1","","","","Y","0","0","","50","Oqood","","Nakheel","","Resale"
"8920361","2025-04-08","Palm Jumeirah","Shoreline Apartments","Al Khudrawi","","","4250000","1969","21190","2158","200.57","Apartment","3","","","","Y","0","0","","3","Title Deed","","Nakheel","","Resale"
"8920159","2025-04-08","Palm Jumeirah","The Palm Tower","","","","2350000","4545","48897","517","48.06","Apartment","s","","","","N","0","0","","29","Title Deed","","Nakheel","","Resale"
"8920791","2025-04-08","Palm Jumeirah","Como Residences","","","","70062800","6085","65495","11514","1069.74","Apartment","5","","","","Y","0","0","","70","Oqood","","Nakheel","","Initial Sale"
"8920312","2025-04-08","Palm Jumeirah","Shoreline Apartments","Al Tamr","","","2900000","2533","27253","1145","106.41","Apartment","1","","","","Y","0","0","","9","Title Deed","","Nakheel","","Resale"
"8919825","2025-04-07","Palm Jumeirah","Seven Palm","","","","2100000","2937","31607","715","66.44","Apartment","1","","","","Y","0","0","","4","Title Deed","","Seven Tides","","Resale"
"8918823","2025-04-07","Palm Jumeirah","The Fairmont Palm Residences","The Fairmont Palm Residence South","","","3100000","2403","25859","1290","119.88","Apartment","1","","","","Y","0","0","","4","Title Deed","","IFA","","Resale"
"8918848","2025-04-07","Palm Jumeirah","Shoreline Apartments","Al Shahla","","","4750000","2203","23705","2156","200.38","Apartment","3","","","","Y","0","0","","4","Title Deed","","Nakheel","","Resale"
"8919366","2025-04-07","Palm Jumeirah","The Crescent","The 8","","","5400000","4042","43485","1336","124.18","Apartment","2","","","","Y","0","0","","6","Title Deed","","IFA","","Resale"
"8918643","2025-04-07","Palm Jumeirah","Shoreline Apartments","Al Khushkar","","","3200000","2014","21676","1589","147.63","Apartment","2","","","","Y","0","0","","5","Title Deed","","Nakheel","","Resale"
"8918662","2025-04-07","Palm Jumeirah","Marina Residences","Marina Residences 4","","","3900000","1912","20572","2040","189.58","Apartment","2","Community View","","","Y","0","0","","3","Title Deed","","Nakheel","","Resale"
"8918957","2025-04-07","Palm Jumeirah","Seven Palm","","","","1315000","2982","32081","441","40.99","Apartment","s","","","","Y","0","0","","3","Title Deed","","Seven Tides","","Resale"
"8918451","2025-04-07","Palm Jumeirah","Seven Palm","","","","1250000","3551","38203","352","32.72","Apartment","s","","","","Y","0","0","","4","Title Deed","","Seven Tides","","Resale"
"8917553","2025-04-04","Palm Jumeirah","Marina Residences","Marina Residences 5","","","4200000","2421","26053","1735","161.21","Apartment","2","","","","Y","0","0","","9","Title Deed","","Nakheel","","Resale"
"8916844","2025-04-03","Palm Jumeirah","The Fronds","Frond O","","","38000000","7112","76540","5343","496.47","Villa","5","","","","","7749","719.93","","G+1","Title Deed","","Nakheel","","Resale"
"8916857","2025-04-03","Palm Jumeirah","Seven Palm","","","","1262659","1946","20922","649","60.35","Apartment","1","","","","N","0","0","","M","Title Deed","","Seven Tides","","Resale"
"8916887","2025-04-03","Palm Jumeirah","The Crescent","Grandeur Residences","Maurya","","2450000","2188","23544","1120","104.06","Apartment","1","","","","Y","0","0","","3","Title Deed","","ETA Ascon","","Resale"
"8916889","2025-04-03","Palm Jumeirah","Five Palm Jumeirah","","","","3500000","2881","30998","1215","112.91","Apartment","1","","","","Y","0","0","","6","Title Deed","","Five Holdings","","Resale"
"8916701","2025-04-03","Palm Jumeirah","Seven Palm","","","","2950000","3593","38658","821","76.31","Apartment","1","","","","Y","0","0","","13","Title Deed","","Seven Tides","","Resale"
"8915863","2025-04-02","Palm Jumeirah","Marina Residences","Marina Residences 5","","","3600000","1767","19022","2037","189.25","Apartment","2","","","","Y","0","0","","2","Title Deed","","Nakheel","","Resale"
"8916143","2025-04-02","Palm Jumeirah","The Crescent","The 8","","","3539000","2683","28864","1319","122.61","Apartment","2","","","","Y","0","0","","4","Title Deed","","IFA","","Resale"
"8915093","2025-03-29","Palm Jumeirah","Oceana","Oceana Caribbean","","","6525000","3818","41092","1709","158.79","Apartment","2","","","","Y","0","0","","12","Title Deed","","Seven Tides","","Resale"
"8914479","2025-03-28","Palm Jumeirah","Golden Mile","Golden Mile 4","","","6100000","1832","19726","3329","309.24","Apartment","3","","","","Y","0","0","","3","Title Deed","","Nakheel","","Resale"
"8914591","2025-03-28","Palm Jumeirah","Golden Mile","Golden Mile 1","","","4650000","1791","19272","2597","241.28","Apartment","2","","","","Y","0","0","","1","Title Deed","","Nakheel","","Resale"
"8914385","2025-03-28","Palm Jumeirah","Como Residences","","","","52220800","5603","60306","9320","865.93","Apartment","3","","","","Y","0","0","","40","Oqood","","Nakheel","","Initial Sale"
"8914399","2025-03-28","Palm Jumeirah","Golden Mile","Golden Mile 10","","","2575000","1998","21494","1289","119.8","Apartment","1","","","","Y","0","0","","3","Title Deed","","Nakheel","","Resale"
"8914939","2025-03-28","Palm Jumeirah","The Fronds","Frond O","","","32500000","6500","69965","5000","464.52","Villa","4","","","","","7345","682.41","","G+1","Title Deed","","Nakheel","","Resale"
"8913666","2025-03-27","Palm Jumeirah","Golden Mile","Golden Mile 5","","","3750000","2090","22496","1794","166.7","Apartment","2","","","","Y","0","0","","5","Title Deed","","Nakheel","","Resale"
"8913159","2025-03-27","Palm Jumeirah","Golden Mile","Golden Mile 9","","","4000000","2230","23995","1794","166.7","Apartment","2","Community,Monorail,Walkway","","","Y","0","0","","4","Title Deed","","Nakheel","","Resale"
"8913678","2025-03-27","Palm Jumeirah","Shoreline Apartments","Al Masalli","","","3250000","2049","22055","1586","147.36","Apartment","2","","","","Y","0","0","","4","Title Deed","","Nakheel","","Resale"
"8913171","2025-03-27","Palm Jumeirah","The Fronds","Frond L","","","61240000","10207","109863","6000","557.42","Villa","4","","","","","6702","622.66","","G+1","Title Deed","","Nakheel","","Resale"
"8913710","2025-03-27","Palm Jumeirah","Golden Mile","Golden Mile 3","","","8250000","1614","17375","5111","474.82","Apartment","4","","","","Y","0","0","","7","Title Deed","","Nakheel","","Resale"
"8913218","2025-03-27","Palm Jumeirah","Azure Residences","","","","4590000","2278","24519","2015","187.2","Apartment","2","Sea","","","Y","0","0","","5","Title Deed","","Nakheel","","Resale"
"8913748","2025-03-27","Palm Jumeirah","Oceana","Oceana Atlantic","","","3600000","2691","28958","1338","124.32","Apartment","1","","","","Y","0","0","","10","Title Deed","","Seven Tides","","Resale"
"8913503","2025-03-27","Palm Jumeirah","Azure Residences","","","","2700000","2362","25433","1143","106.16","Apartment","1","","","","Y","0","0","","10","Title Deed","","Nakheel","","Resale"
"8913537","2025-03-27","Palm Jumeirah","Golden Mile","Golden Mile 1","","","8100000","1854","19958","4369","405.85","Apartment","4","","","","Y","0","0","","7","Title Deed","","Nakheel","","Resale"
"8913819","2025-03-27","Palm Jumeirah","Palm Beach Towers","Palm Beach Tower 1","","","14600000","4215","45364","3464","321.84","Apartment","4","","","","Y","0","0","","40","Oqood","","Nakheel","","Resale"
"8913627","2025-03-27","Palm Jumeirah","Oceana","Oceana Baltic","","","4500000","3363","36197","1338","124.32","Apartment","1","","","","Y","0","0","","9","Title Deed","","Seven Tides","","Resale"
"8912671","2025-03-26","Palm Jumeirah","The Palm Tower","","","","2100000","4008","43130","524","48.69","Apartment","s","","","","N","0","0","","20","Title Deed","","Nakheel","","Resale"
"8912595","2025-03-26","Palm Jumeirah","Palm Views","Palm Views West","","","1535000","2801","30145","548","50.92","Apartment","s","","","","Y","0","0","","3","Title Deed","","Nakheel","","Resale"
"8912596","2025-03-26","Palm Jumeirah","Palm Views","Palm Views West","","","1535000","2796","30098","549","51","Apartment","s","","","","Y","0","0","","3","Title Deed","","Nakheel","","Resale"
"8911678","2025-03-25","Palm Jumeirah","Palm Beach Towers","Palm Beach Tower 2","","","2715000","2951","31740","920","85.54","Apartment","1","","","","Y","0","0","","21","Oqood","","Nakheel","","Resale"
"8911680","2025-03-25","Palm Jumeirah","Tiara Residences","Aquamarine","","","3800000","2932","31561","1296","120.4","Apartment","1","","","","Y","0","0","","3","Title Deed","","Zabeel Properties","","Resale"
"8912707","2025-03-25","Palm Jumeirah","Five Palm Jumeirah","","","","5100000","2924","31462","1744","162.1","Apartment","2","","","","Y","0","0","","7","Title Deed","","Five Holdings","","Resale"
"8912204","2025-03-25","Palm Jumeirah","Oceana","Oceana Adriatic","","","4300000","3214","34588","1338","124.32","Apartment","1","","","","Y","0","0","","7","Title Deed","","Seven Tides","","Resale"
"8911704","2025-03-25","Palm Jumeirah","The Crescent","Serenia Living","Serenia Living Tower 2","","14000000","4151","44671","3373","313.4","Apartment","3","","","","Y","0","0","","11","Oqood","","Palma Holding","","Resale"
"8912005","2025-03-25","Palm Jumeirah","Golden Mile","Golden Mile 2","","","6350000","1358","14614","4676","434.5","Apartment","4","","","","Y","0","0","","7","Title Deed","","Nakheel","","Resale"
"8912072","2025-03-25","Palm Jumeirah","Palm Views","Palm Views West","","","1520000","2794","30057","544","50.57","Apartment","s","","","","Y","0","0","","2","Title Deed","","Nakheel","","Resale"
"8911592","2025-03-25","Palm Jumeirah","The Crescent","The Alba Residences","The Alba Residences Building 1","","61756765","8759","94266","7051","655.13","Apartment","4","","","","Y","0","0","","6","Oqood","","Omniyat","","Initial Sale"
"8911595","2025-03-25","Palm Jumeirah","The Crescent","The Alba Residences","The Alba Residences Building 1","","61570163","8488","91352","7254","673.99","Apartment","4","","","","Y","0","0","","3","Oqood","","Omniyat","","Initial Sale"
"8910880","2025-03-24","Palm Jumeirah","Palm Beach Towers","Palm Beach Tower 3","","","3838800","3588","38593","1070","99.47","Apartment","1","","","","Y","0","0","","19","Oqood","","Nakheel","","Resale"
"8909909","2025-03-24","Palm Jumeirah","The Palm Tower","","","","2550000","4876","52469","523","48.6","Apartment","s","","","","N","0","0","","44","Title Deed","","Nakheel","","Resale"
"8910717","2025-03-24","Palm Jumeirah","Seven Palm","","","","1375000","4104","44170","335","31.13","Apartment","s","","","","Y","0","0","","12","Title Deed","","Seven Tides","","Resale"
"8910745","2025-03-24","Palm Jumeirah","Oceana","Oceana Atlantic","","","3500000","2616","28153","1338","124.32","Apartment","1","","","","Y","0","0","","8","Title Deed","","Seven Tides","","Resale"
"8910494","2025-03-24","Palm Jumeirah","Marina Residences","Marina Residences 2","","","4200000","2364","25427","1777","165.18","Apartment","2","","","","Y","0","0","","11","Title Deed","","Nakheel","","Resale"
"8910806","2025-03-24","Palm Jumeirah","Marina Residences","Marina Residences 3","","","4000000","1956","21054","2045","189.99","Apartment","2","","","","Y","0","0","","1","Title Deed","","Nakheel","","Resale"
"8910564","2025-03-24","Palm Jumeirah","The Crescent","Serenia Living","Serenia Living Tower 1","","9300000","3942","42433","2359","219.17","Apartment","2","","","","Y","0","0","","10","Oqood","","Palma Holding","","Resale"
"8910087","2025-03-21","Palm Jumeirah","The Crescent","The 8","","","3000000","2256","24262","1330","123.65","Apartment","2","","","","Y","0","0","","2","Title Deed","","IFA","","Initial Sale"
"8911369","2025-03-21","Palm Jumeirah","The Fairmont Palm Residences","The Fairmont Palm Residence North","","","6500000","2990","32172","2174","202.04","Apartment","3","","","","Y","0","0","","6","Title Deed","","IFA","","Resale"
"8911157","2025-03-21","Palm Jumeirah","The Crescent","Anantara Residences","Anantara Residences South","","4450000","2552","27473","1744","161.98","Apartment","2","","","","Y","0","0","","7","Title Deed","","Seven Tides","","Resale"
"8911421","2025-03-21","Palm Jumeirah","Shoreline Apartments","Al Anbara","","","3300000","2083","22418","1584","147.2","Apartment","2","","","","Y","0","0","","4","Title Deed","","Nakheel","","Resale"
"8911185","2025-03-21","Palm Jumeirah","The Crescent","Serenia Living","Serenia Living Tower 1","","7350000","3624","39019","2028","188.37","Apartment","2","","","","Y","0","0","","6","Oqood","","Palma Holding","","Resale"
"8909204","2025-03-21","Palm Jumeirah","The Fronds","Frond H","","","11310000","0","0","0","0","Villa","","","","","","7844","728.76","","G+1","Title Deed","","","","Resale"
"8910028","2025-03-21","Palm Jumeirah","Shoreline Apartments","Al Habool","","","4800000","2228","23982","2154","200.15","Apartment","3","","","","Y","0","0","","9","Title Deed","","Nakheel","","Resale"
"8908815","2025-03-20","Palm Jumeirah","AVA at Palm Jumeirah","","","","73375000","4539","48862","16164","1501.68","Apartment","4","","","","Y","0","0","","18","Oqood","","Omniyat","","Resale"
"8908611","2025-03-20","Palm Jumeirah","Marina Residences","Marina Residences 3","","","6500000","2575","27715","2524","234.53","Apartment","3","","","","Y","0","0","","12","Title Deed","","Nakheel","","Resale"
"8908386","2025-03-20","Palm Jumeirah","Oceana","Oceana Pacific","","","4000000","2990","32175","1338","124.32","Apartment","1","","","","Y","0","0","","10","Title Deed","","Seven Tides","","Resale"
"8908672","2025-03-20","Palm Jumeirah","Palm Views","Palm Views East","","","1450000","2641","28431","549","51","Apartment","s","","","","Y","0","0","","3","Title Deed","","Nakheel","","Resale"
"8907909","2025-03-20","Palm Jumeirah","Marina Residences","Marina Residences 5","","","12000000","2961","31866","4053","376.58","Apartment","3","","","","Y","0","0","","7","Title Deed","","Nakheel","","Resale"
"8908168","2025-03-20","Palm Jumeirah","Golden Mile","Golden Mile 2","","","3700000","1848","19889","2002","186.03","Apartment","2","","","","Y","0","0","","1","Title Deed","","Nakheel","","Resale"
"8908179","2025-03-20","Palm Jumeirah","Five Palm Jumeirah","","","","5900000","3379","36355","1746","162.29","Apartment","2","","","","Y","0","0","","8","Title Deed","","Five Holdings","","Resale"
"8907956","2025-03-20","Palm Jumeirah","Shoreline Apartments","Al Hatimi","","","6500000","3032","32640","2144","199.14","Apartment","3","","","","Y","0","0","","LP","Title Deed","","Nakheel","","Resale"
"8908798","2025-03-20","Palm Jumeirah","The Fronds","Frond C","","","26500000","5300","57048","5000","464.52","Villa","4","","","","","7356","683.44","","G+1","Title Deed","","Nakheel","","Resale"
"8911131","2025-03-19","Palm Jumeirah","The One at Palm Jumeirah","","","","30000000","10784","116068","2782","258.47","Apartment","3","","","","Y","0","0","","17","Title Deed","","Omniyat","","Resale"
"8903470","2025-03-19","Palm Jumeirah","The Palm Tower","","","","2190000","4179","44969","524","48.7","Apartment","s","","","","N","0","0","","24","Title Deed","","Nakheel","","Resale"
"8907616","2025-03-19","Palm Jumeirah","Shoreline Apartments","Jash Hamad","","","2000000","1750","18827","1143","106.23","Apartment","1","","","","Y","0","0","","4","Title Deed","","Nakheel","","Resale"
"8903390","2025-03-19","Palm Jumeirah","The Crescent","The Alba Residences","The Alba Residences Building 1","","50857577","9157","98557","5554","516.02","Apartment","3","","","","Y","0","0","","5","Oqood","","Omniyat","","Initial Sale"
"8903392","2025-03-19","Palm Jumeirah","The Crescent","The Alba Residences","The Alba Residences Building 1","","49479770","8909","95884","5554","516.04","Apartment","3","","","","Y","0","0","","3","Oqood","","Omniyat","","Initial Sale"
"8902491","2025-03-18","Palm Jumeirah","Five Palm Jumeirah","","","","2920000","2382","25637","1226","113.9","Hotel Apartment","1","","","","Y","0","0","","12","Title Deed","Hotel Apartment","Five Holdings","","Resale"
"8902540","2025-03-18","Palm Jumeirah","The Fronds","Frond O","","","28000000","4667","50231","6000","557.42","Villa","4","","","","","6702","622.65","","G+1","Title Deed","","Nakheel","","Resale"
"8902554","2025-03-18","Palm Jumeirah","Marina Residences","Marina Residences 6","","","3600000","1760","18942","2046","190.05","Apartment","2","","","","Y","0","0","","1","Title Deed","","Nakheel","","Resale"
"8902563","2025-03-18","Palm Jumeirah","The Crescent","The 8","","","5613500","3508","37761","1600","148.66","Hotel Apartment","2","","","","Y","0","0","","4","Title Deed","Hotel Apartment","IFA","","Resale"
"8902654","2025-03-18","Palm Jumeirah","Oceana","Oceana Aegean","","","5600000","2295","24706","2440","226.67","Apartment","3","","","","Y","0","0","","2","Title Deed","","Seven Tides","","Resale"
"8901643","2025-03-17","Palm Jumeirah","The Crescent","The Royal Atlantis Resort and Residences","","","45000000","11092","119392","4057","376.91","Apartment","2","","","","Y","0","0","","G","Title Deed","","Kerzner International","","Resale"
"8901733","2025-03-17","Palm Jumeirah","Azure Residences","","","","2750000","2408","25902","1142","106.17","Apartment","1","","","","Y","0","0","","8","Title Deed","","Nakheel","","Resale"
"8901526","2025-03-17","Palm Jumeirah","Shoreline Apartments","Jash Hamad","","","4250000","2135","22968","1991","185.04","Apartment","2","","","","Y","0","0","","2","Title Deed","","Nakheel","","Resale"
"8901574","2025-03-17","Palm Jumeirah","Marina Residences","Marina Residences 6","","","4000000","2305","24812","1735","161.21","Apartment","2","","","","Y","0","0","","5","Title Deed","","Nakheel","","Resale"
"8901833","2025-03-17","Palm Jumeirah","The Crescent","Azizi Mina","","","2000000","2203","23688","908","84.43","Hotel Apartment","1","","","","Y","0","0","","7","Title Deed","Hotel Apartment","Azizi","","Resale"
"8902095","2025-03-17","Palm Jumeirah","The Crescent","Serenia Living","Serenia Living Tower 1","","7700000","4059","43693","1897","176.23","Apartment","2","","","","Y","0","0","","12","Oqood","","Palma Holding","","Resale"
"8901842","2025-03-17","Palm Jumeirah","The Palm Tower","","","","2200000","4247","45748","518","48.09","Apartment","s","","","","N","0","0","","27","Title Deed","","Nakheel","","Resale"
"8901357","2025-03-17","Palm Jumeirah","The Crescent","SLS Residences At Palm Jumeirah","","","7277490","3759","40453","1936","179.9","Apartment","2","","","","Y","0","0","","G","Oqood","","Roya Lifestyle Developments","","Resale"
"8901056","2025-03-15","Palm Jumeirah","Seven Palm","","","","1293000","3562","38288","363","33.77","Apartment","s","","","","N","0","0","","M","Title Deed","","Seven Tides","","Resale"
"8901065","2025-03-15","Palm Jumeirah","Seven Palm","","","","1750000","4137","44484","423","39.34","Apartment","s","","","","Y","0","0","","1","Title Deed","","Seven Tides","","Resale"
"8900918","2025-03-14","Palm Jumeirah","Shoreline Apartments","Al Dabas","","","4975000","2280","24547","2182","202.67","Apartment","3","","","","Y","0","0","","9","Title Deed","","Nakheel","","Initial Sale"
"8900669","2025-03-14","Palm Jumeirah","The Fronds","Frond A","","","26550000","5310","57156","5000","464.52","Villa","4","","","","","7350","682.82","","G+1","Title Deed","","Nakheel","","Resale"
"8900161","2025-03-14","Palm Jumeirah","The Crescent","The Alba Residences","The Alba Residences Building 1","","40139457","8716","93814","4605","427.86","Apartment","3","","","","Y","0","0","","5","Oqood","","Omniyat","","Initial Sale"
"8900433","2025-03-14","Palm Jumeirah","Marina Residences","Marina Residences 3","","","9500000","2344","25227","4053","376.58","Apartment","3","","","","Y","0","0","","4","Title Deed","","Nakheel","","Resale"
"8900790","2025-03-14","Palm Jumeirah","Shoreline Apartments","Al Khushkar","","","4800000","2195","23626","2187","203.17","Apartment","3","","","","Y","0","0","","7","Title Deed","","Nakheel","","Resale"
"8900543","2025-03-14","Palm Jumeirah","Five Palm Jumeirah","","","","6450000","3921","42182","1645","152.91","Apartment","2","","","","Y","0","0","","6","Title Deed","","Five Holdings","","Resale"
"8900316","2025-03-14","Palm Jumeirah","Shoreline Apartments","Al Haseer","","","5500000","3548","38194","1550","144","Apartment","2","","","","Y","0","0","","9","Title Deed","","Nakheel","","Resale"
"8899610","2025-03-13","Palm Jumeirah","The Fronds","Frond P","","","25000000","5000","53819","5000","464.52","Villa","3","","","","","7757","720.67","","G+1","Title Deed","","Nakheel","","Resale"
"8899879","2025-03-13","Palm Jumeirah","Palm Views","Palm Views West","","","1690000","3084","33137","548","51","Apartment","s","","","","Y","0","0","","3","Title Deed","","Nakheel","","Resale"
"8899898","2025-03-13","Palm Jumeirah","The Crescent","The Royal Atlantis Resort and Residences","","","45000000","11752","126490","3829","355.76","Apartment","3","","","","Y","0","0","","4","Title Deed","","Kerzner International","","Resale"
"8899476","2025-03-13","Palm Jumeirah","Golden Mile","Golden Mile 5","","","3988888","2223","23929","1794","166.7","Apartment","2","","","","Y","0","0","","2","Title Deed","","Nakheel","","Resale"
"8899294","2025-03-13","Palm Jumeirah","Shoreline Apartments","Al Hallawi","","","4600000","2109","22699","2181","202.65","Apartment","3","","","","Y","0","0","","LP","Title Deed","","Nakheel","","Resale"
"8898309","2025-03-12","Palm Jumeirah","Tiara Residences","Diamond","","","6350000","3787","40757","1677","155.8","Apartment","2","Sea And Skyline View","","","Y","0","0","","D","Title Deed","","Zabeel Properties","","Resale"
"8898314","2025-03-12","Palm Jumeirah","The Crescent","Anantara Residences","Anantara Residences South","","2480000","2142","23057","1158","107.56","Apartment","1","","","","Y","0","0","","3","Title Deed","","Seven Tides","","Resale"
"8898318","2025-03-12","Palm Jumeirah","Golden Mile","Golden Mile 10","","","7000000","1605","17271","4362","405.3","Apartment","3","Road,Park,Community","","","Y","0","0","","7","Title Deed","","Nakheel","","Resale"
"8898147","2025-03-12","Palm Jumeirah","Seven Palm","","","","1125000","3134","33693","359","33.39","Hotel Apartment","s","","","","Y","0","0","","14","Title Deed","Hotel Apartment","Seven Tides","","Resale"
"8898404","2025-03-12","Palm Jumeirah","Five Palm Jumeirah","","","","5580000","1874","20169","2977","276.66","Apartment","3","","","","Y","0","0","","1","Title Deed","","Five Holdings","","Resale"
"8898433","2025-03-12","Palm Jumeirah","The Palm Tower","","","","4995000","4484","48252","1114","103.52","Apartment","1","","","","N","0","0","","42","Title Deed","","Nakheel","","Resale"
"8898184","2025-03-12","Palm Jumeirah","Shoreline Apartments","Al Hamri","","","4400000","2185","23513","2014","187.13","Apartment","2","","","","Y","0","0","","5","Title Deed","","Nakheel","","Resale"
"8897024","2025-03-11","Palm Jumeirah","The Crescent","Balqis Residences","Balqis Residence Villas","","19000000","1935","20831","9818","912.09","Apartment","4","","","","Y","0","0","","G","Title Deed","","IFA","","Resale"
"8897933","2025-03-11","Palm Jumeirah","Palm Beach Towers","Palm Beach Tower 2","","","2748800","2492","26807","1103","102.54","Apartment","1","","","","Y","0","0","","25","Oqood","","Nakheel","","Resale"
"8897496","2025-03-11","Palm Jumeirah","The Crescent","Serenia Residences","Serenia Residences East Wing","","3800000","2417","26004","1572","146.13","Apartment","2","","","","Y","0","0","","3","Title Deed","","Palma Holding","","Resale"
"8896994","2025-03-11","Palm Jumeirah","Marina Residences","Marina Residences 2","","","3600000","1783","19192","2019","187.58","Apartment","2","","","","Y","0","0","","12","Title Deed","","Nakheel","","Resale"
"8896277","2025-03-10","Palm Jumeirah","The Crescent","The 8","","","5000000","3828","41193","1306","121.38","Apartment","2","Palm View","","","Y","0","0","","5","Title Deed","","IFA","","Resale"
"8896281","2025-03-10","Palm Jumeirah","The Crescent","The 8","","","5000000","3788","40756","1320","122.68","Apartment","2","Sea View","","","Y","0","0","","5","Title Deed","","IFA","","Resale"
"8896285","2025-03-10","Palm Jumeirah","The Crescent","The 8","","","5000000","3768","40535","1327","123.35","Apartment","2","","","","Y","0","0","","6","Title Deed","","IFA","","Resale"
"8897132","2025-03-10","Palm Jumeirah","The One at Palm Jumeirah","","","","53000000","7390","79539","7172","666.34","Apartment","4","","","","Y","0","0","","10","Title Deed","","Omniyat","","Resale"
"8896210","2025-03-10","Palm Jumeirah","The Crescent","Azizi Mina","","","2200000","2200","23692","1000","92.86","Hotel Apartment","1","","","","Y","0","0","","1","Title Deed","Hotel Apartment","Azizi","","Resale"
"8896226","2025-03-10","Palm Jumeirah","The Crescent","Six Senses The Palm","","","18200000","9010","96984","2020","187.66","Apartment","2","","","","Y","0","0","","4","Oqood","","Select Group","","Resale"
"8892767","2025-03-07","Palm Jumeirah","The Crescent","Serenia Residences","Serenia Residences North Wing","","3725000","3582","38537","1040","96.66","Apartment","1","","","","Y","0","0","","5","Title Deed","","Palma Holding","","Resale"
"8891168","2025-03-06","Palm Jumeirah","The Crescent","Balqis Residences","Balqis Residence Block C","","1100000","1389","14958","792","73.54","Hotel Apartment","s","","","","Y","0","0","","1","Title Deed","Hotel Apartment","IFA","","Resale"
"8891981","2025-03-06","Palm Jumeirah","Marina Residences","Marina Residences 5","","","3600000","2075","22331","1735","161.21","Apartment","2","","","","Y","0","0","","6","Title Deed","","Nakheel","","Resale"
"8891495","2025-03-06","Palm Jumeirah","Oceana","Oceana Pacific","","","9650000","4234","45560","2279","211.81","Apartment","3","","","","Y","0","0","","4","Title Deed","","Seven Tides","","Resale"
"8891505","2025-03-06","Palm Jumeirah","The Crescent","Kempinski Palm Residence","","","4600000","2580","27769","1783","165.65","Apartment","2","","","","Y","0","0","","5","Title Deed","","Emerald Properties","","Resale"
"8891526","2025-03-06","Palm Jumeirah","Oceana","Dukes Oceana","","","863000","1779","19123","485","45.13","Hotel Apartment","s","","","","Y","0","0","","10","Title Deed","Hotel Apartment","Seven Tides","","Resale"
"8891790","2025-03-06","Palm Jumeirah","Marina Residences","Marina Residences 5","","","3400000","1960","21091","1735","161.21","Apartment","2","","","","Y","0","0","","9","Title Deed","","Nakheel","","Resale"
"8891283","2025-03-06","Palm Jumeirah","Golden Mile","Golden Mile 3","","","3850000","2154","23180","1787","166.09","Apartment","2","","","","Y","0","0","","6","Title Deed","","Nakheel","","Resale"
"8891564","2025-03-06","Palm Jumeirah","Oceana","Oceana Atlantic","","","6950000","3048","32812","2280","211.81","Apartment","3","","","","Y","0","0","","7","Title Deed","","Seven Tides","","Resale"
"8891571","2025-03-06","Palm Jumeirah","The Crescent","Serenia Residences","Serenia Residences West Wing","","5995000","3271","35201","1833","170.31","Apartment","2","","","","Y","0","0","","2","Title Deed","","Palma Holding","","Resale"
"8891829","2025-03-06","Palm Jumeirah","Marina Residences","Marina Residences 2","","","3950000","2223","23913","1777","165.18","Apartment","2","","","","Y","0","0","","13","Title Deed","","Nakheel","","Resale"
"8891577","2025-03-06","Palm Jumeirah","The Crescent","Serenia Living","Serenia Living Tower 2","","14000000","5518","59405","2537","235.67","Apartment","3","","","","Y","0","0","","17","Oqood","","Palma Holding","","Resale"
"8891593","2025-03-06","Palm Jumeirah","The Crescent","The 8","","","3000000","2964","31878","1012","94.11","Apartment","1","","","","Y","0","0","","1","Title Deed","","IFA","","Resale"
"8890147","2025-03-05","Palm Jumeirah","Golden Mile","Golden Mile 6","","","4900000","2024","21783","2421","224.95","Apartment","3","","","","Y","0","0","","4","Title Deed","","Nakheel","","Resale"
"8890272","2025-03-05","Palm Jumeirah","Marina Residences","Marina Residences 2","","","3725000","2147","23107","1735","161.21","Apartment","2","","","","Y","0","0","","5","Title Deed","","Nakheel","","Resale"
"8890615","2025-03-05","Palm Jumeirah","Palm Beach Towers","Palm Beach Tower 1","","","4762954","2975","32020","1601","148.75","Apartment","2","","","","Y","0","0","","6","Oqood","","Nakheel","","Resale"
"8890620","2025-03-05","Palm Jumeirah","Palm Views","Palm Views East","","","1400000","2767","29775","506","47.02","Apartment","s","","","","Y","0","0","","4","Title Deed","","Nakheel","","Resale"
"8889695","2025-03-04","Palm Jumeirah","The Crescent","The Royal Atlantis Resort and Residences","","","30000000","8749","94159","3429","318.61","Apartment","3","Sea","","","Y","0","0","","7","Title Deed","","Kerzner International","","Resale"
"8889214","2025-03-04","Palm Jumeirah","The Palm Tower","","","","5500000","5112","55017","1076","99.97","Apartment","1","","","","N","0","0","","39","Title Deed","","Nakheel","","Resale"
"8889293","2025-03-04","Palm Jumeirah","Seven Palm","","","","1325000","3754","40372","353","32.82","Apartment","s","","","","Y","0","0","","3","Title Deed","","Seven Tides","","Resale"
"8888079","2025-03-03","Palm Jumeirah","Marina Residences","Marina Residences 4","","","3350000","1932","20784","1734","161.18","Apartment","2","","","","Y","0","0","","8","Title Deed","","Nakheel","","Resale"
"8888620","2025-03-03","Palm Jumeirah","Golden Mile","Golden Mile 1","","","3300000","1648","17739","2002","186.03","Apartment","2","","","","Y","0","0","","1","Title Deed","","Nakheel","","Resale"
"8888117","2025-03-03","Palm Jumeirah","The Crescent","The 8","","","8497500","4262","45868","1994","185.26","Hotel Apartment","3","","","","Y","0","0","","4","Title Deed","Hotel Apartment","IFA","","Resale"
"8888400","2025-03-03","Palm Jumeirah","Shoreline Apartments","Al Khushkar","","","3375000","2177","23424","1550","144.08","Apartment","2","","","","Y","0","0","","2","Title Deed","","Nakheel","","Resale"
"8888160","2025-03-03","Palm Jumeirah","Seven Palm","","","","1320000","3750","40342","352","32.72","Apartment","s","","","","Y","0","0","","3","Title Deed","","Seven Tides","","Resale"
"8888944","2025-03-03","Palm Jumeirah","Vitalia by Pinnacle","","","","16500000","6229","67043","2649","246.11","Apartment","3","","","","Y","0","0","","8","Oqood","","Pinnacle Developers","","Initial Sale"
"8888247","2025-03-03","Palm Jumeirah","The Crescent","Kempinski Palm Residence","","","9500000","1929","20767","4924","457.45","Apartment","4","","","","Y","0","0","","6","Title Deed","","Emerald Properties","","Resale"
"8888253","2025-03-03","Palm Jumeirah","Seven Palm","","","","1370000","2779","29880","493","45.85","Apartment","s","","","","Y","0","0","","5","Title Deed","","Seven Tides","","Resale"
"8888537","2025-03-03","Palm Jumeirah","Golden Mile","Golden Mile 9","","","2300000","1794","19297","1282","119.19","Apartment","1","","","","Y","0","0","","6","Title Deed","","Nakheel","","Resale"
"8889817","2025-03-03","Palm Jumeirah","The Crescent","SLS Residences At Palm Jumeirah","","","11361297","5001","53820","2272","211.1","Apartment","3","","","","Y","0","0","","5","Oqood","","Roya Lifestyle Developments","","Initial Sale"
"8887813","2025-03-02","Palm Jumeirah","The Crescent","Ocean House","","","16741828","5172","55671","3237","300.73","Apartment","3","","","","Y","0","0","","3","Oqood","","Ellington Properties","","Initial Sale"
"8887719","2025-03-01","Palm Jumeirah","Shoreline Apartments","Al Shahla","","","1900000","1661","17867","1144","106.34","Apartment","1","","","","Y","0","0","","6","Title Deed","","Nakheel","","Resale"
"8886833","2025-02-28","Palm Jumeirah","The Crescent","Serenia Living","Serenia Living Tower 2","","12000000","3962","42645","3029","281.39","Apartment","3","","","","Y","0","0","","10","Oqood","","Palma Holding","","Resale"
"8887601","2025-02-28","Palm Jumeirah","The Crescent","Orla","","","22412856","6794","73123","3299","306.51","Apartment","2","","","","Y","0","0","","11","Oqood","","Omniyat","","Initial Sale"
"8887123","2025-02-28","Palm Jumeirah","The Fairmont Palm Residences","The Fairmont Palm Residence North","","","4700000","2440","26267","1926","178.93","Apartment","2","","","","Y","0","0","","5","Title Deed","","IFA","","Resale"
"8887645","2025-02-28","Palm Jumeirah","The Fairmont Palm Residences","The Fairmont Palm Residence North","","","12354000","1804","19416","6849","636.29","Apartment","3","","","","Y","0","0","","B1","Title Deed","","IFA","","Resale"
"8886965","2025-02-28","Palm Jumeirah","Palm Beach Towers","Palm Beach Tower 3","","","4330000","4062","43698","1066","99.09","Apartment","1","","","","Y","0","0","","20","Oqood","","Nakheel","","Resale"
"8886037","2025-02-27","Palm Jumeirah","Palm Beach Towers","Palm Beach Tower 1","","","2895000","2933","31557","987","91.74","Apartment","1","","","","Y","0","0","","19","Oqood","","Nakheel","","Resale"
"8885844","2025-02-27","Palm Jumeirah","The Fronds","Frond C","","","2500000","500","5382","5000","464.52","Villa","4","","","","","7374","685.03","","G+1","Title Deed","","Nakheel","","Resale"
"8885848","2025-02-27","Palm Jumeirah","Shoreline Apartments","Al Hamri","","","4000000","1818","19568","2200","204.42","Apartment","3","","","","Y","0","0","","2","Title Deed","","Nakheel","","Initial Sale"
"8885635","2025-02-27","Palm Jumeirah","Tiara Residences","Ruby","","","8050000","3367","36225","2391","222.22","Apartment","3","","","","Y","0","0","","3","Title Deed","","Zabeel Properties","","Resale"
"8885676","2025-02-27","Palm Jumeirah","The Crescent","Anantara Residences","Anantara Residences South","","3650000","1998","21505","1827","169.73","Apartment","2","","","","Y","0","0","","1","Title Deed","","Seven Tides","","Resale"
"8886212","2025-02-27","Palm Jumeirah","The Crescent","Grandeur Residences","Maurya","","4400000","2490","26803","1767","164.16","Apartment","2","","","","Y","0","0","","5","Title Deed","","ETA Ascon","","Resale"
"8884239","2025-02-26","Palm Jumeirah","Shoreline Apartments","Al Khudrawi","","","5500000","2734","29421","2012","186.94","Apartment","2","","","","Y","0","0","","5","Title Deed","","Nakheel","","Resale"
"8885264","2025-02-26","Palm Jumeirah","The Crescent","Balqis Residences","Balqis Residence Villas","","33500000","2408","25918","13913","1292.52","Apartment","5","","","","Y","0","0","","G","Title Deed","","IFA","","Resale"
"8884244","2025-02-26","Palm Jumeirah","The Crescent","Kempinski Palm Residence","","","11550000","2346","25249","4924","457.45","Apartment","4","","","","Y","0","0","","6","Title Deed","","Emerald Properties","","Resale"
"8884539","2025-02-26","Palm Jumeirah","Shoreline Apartments","Al Anbara","","","4600000","2108","22697","2182","202.67","Apartment","3","","","","Y","0","0","","7","Title Deed","","Nakheel","","Resale"
"8884804","2025-02-26","Palm Jumeirah","The Crescent","The 8","","","2630000","2596","27952","1013","94.09","Apartment","1","","","","Y","0","0","","3","Title Deed","","IFA","","Resale"
"8884601","2025-02-26","Palm Jumeirah","Marina Residences","Marina Residences 4","","","2700000","1444","15541","1870","173.73","Apartment","2","","","","Y","0","0","","7","Title Deed","","Nakheel","","Resale"
"8884370","2025-02-26","Palm Jumeirah","The Crescent","Grandeur Residences","Maurya","","2200000","1998","21499","1101","102.33","Apartment","1","","","","Y","0","0","","2","Title Deed","","ETA Ascon","","Resale"
"8884401","2025-02-26","Palm Jumeirah","The Crescent","Anantara Residences","Anantara Residences South","","3350000","1892","20359","1771","164.55","Apartment","2","","","","Y","0","0","","3","Title Deed","","Seven Tides","","Resale"
"8884443","2025-02-26","Palm Jumeirah","Seven Palm","","","","3150000","2851","30678","1105","102.68","Apartment","2","","","","Y","0","0","","8","Title Deed","","Seven Tides","","Resale"
"8884471","2025-02-26","Palm Jumeirah","The Fairmont Palm Residences","The Fairmont Palm Residence North","","","3200000","2481","26693","1290","119.88","Apartment","1","","","","Y","0","0","","7","Title Deed","","IFA","","Resale"
"8883563","2025-02-25","Palm Jumeirah","The Crescent","Kempinski Palm Residence","","","4650000","2635","28359","1765","163.97","Apartment","2","","","","Y","0","0","","4","Title Deed","","Emerald Properties","","Resale"
"8882562","2025-02-25","Palm Jumeirah","Shoreline Apartments","Al Hamri","","","4950000","2270","24426","2181","202.65","Apartment","3","","","","Y","0","0","","LP","Title Deed","","Nakheel","","Resale"
"8882902","2025-02-25","Palm Jumeirah","Marina Residences","Marina Residences 1","","","5000000","2449","26359","2042","189.69","Apartment","2","","","","Y","0","0","","2","Title Deed","","Nakheel","","Resale"
"8881964","2025-02-24","Palm Jumeirah","The Fairmont Palm Residences","The Fairmont Palm Residence South","","","660000","500","5380","1321","122.68","Apartment","1","","","","Y","0","0","","6","Title Deed","","IFA","","Resale"
"8881552","2025-02-24","Palm Jumeirah","The Fronds","Frond F","","","28600000","5720","61569","5000","464.52","Villa","4","","","","","6701","622.54","","G+1","Title Deed","","Nakheel","","Resale"
"8882064","2025-02-24","Palm Jumeirah","Oceana","Oceana Baltic","","","3700000","2765","29762","1338","124.32","Apartment","1","","","","Y","0","0","","8","Title Deed","","Seven Tides","","Resale"
"8882093","2025-02-24","Palm Jumeirah","Oceana","Oceana Atlantic","","","3900000","2915","31371","1338","124.32","Apartment","1","","","","Y","0","0","","10","Title Deed","","Seven Tides","","Resale"
"8881907","2025-02-24","Palm Jumeirah","The Fronds","Frond P","","","5600001","1048","11280","5343","496.47","Villa","5","","","","","7390","686.59","","G+1","Title Deed","","Nakheel","","Resale"
"8880978","2025-02-21","Palm Jumeirah","Seven Palm","","","","1150000","3783","40593","304","28.33","Apartment","s","","","","N","0","0","","M","Title Deed","","Seven Tides","","Resale"
"8880726","2025-02-21","Palm Jumeirah","Seven Palm","","","","1260000","3580","38509","352","32.72","Apartment","s","","","","Y","0","0","","3","Title Deed","","Seven Tides","","Resale"
"8880568","2025-02-21","Palm Jumeirah","The Fronds","Frond N","","","82000000","7951","85586","10313","958.1","Land","","","","","","13762","1278.54","","","Title Deed","","Nakheel","","Resale"
"8879381","2025-02-20","Palm Jumeirah","The Crescent","W Residences","","","7202000","4510","48551","1597","148.34","Apartment","2","","","","","0","0","","21","Oqood","","Al Sharq Investment LLC","","Initial Sale"
"8879382","2025-02-20","Palm Jumeirah","The Crescent","W Residences","","","7202000","4510","48551","1597","148.34","Apartment","2","","","","","0","0","","23","Oqood","","Al Sharq Investment LLC","","Initial Sale"
"8880176","2025-02-20","Palm Jumeirah","The Palm Tower","","","","2200000","4198","45165","524","48.71","Apartment","s","","","","N","0","0","","35","Title Deed","","Nakheel","","Resale"
"8879421","2025-02-20","Palm Jumeirah","The Fairmont Palm Residences","The Fairmont Palm Residence North","","","4750000","2750","29595","1727","160.5","Apartment","2","","","","Y","0","0","","7","Title Deed","","IFA","","Resale"
"8879422","2025-02-20","Palm Jumeirah","The Fairmont Palm Residences","The Fairmont Palm Residence North","","","4650000","2694","28985","1726","160.43","Apartment","2","","","","Y","0","0","","5","Title Deed","","IFA","","Resale"
"8880483","2025-02-20","Palm Jumeirah","The One at Palm Jumeirah","","","","29000000","9455","101779","3067","284.93","Apartment","3","","","","Y","0","0","","3","Title Deed","","Omniyat","","Resale"
"8879723","2025-02-20","Palm Jumeirah","The Crescent","W Residences","","","7229000","4510","48549","1603","148.9","Apartment","2","","","","","0","0","","24","Oqood","","Al Sharq Investment LLC","","Initial Sale"
"8879509","2025-02-20","Palm Jumeirah","The Fronds","Frond L","","","23000000","4600","49513","5000","464.52","Villa","4","","","","","7063","656.14","","G+1","Title Deed","","Nakheel","","Resale"
"8880053","2025-02-20","Palm Jumeirah","The One at Palm Jumeirah","","","","27000000","8118","87387","3326","308.97","Apartment","3","","","","Y","0","0","","10","Title Deed","","Omniyat","","Resale"
"8879570","2025-02-20","Palm Jumeirah","Shoreline Apartments","Al Masalli","","","2871000","2510","27003","1144","106.32","Apartment","1","","","","Y","0","0","","1","Title Deed","","Nakheel","","Resale"
"8879590","2025-02-20","Palm Jumeirah","Tiara Residences","Tanzanite","","","5700000","2515","27076","2266","210.52","Apartment","3","","","","Y","0","0","","2","Title Deed","","Zabeel Properties","","Resale"
"8878368","2025-02-19","Palm Jumeirah","The Crescent","The Royal Atlantis Resort and Residences","","","190000","80","859","2380","221.16","Apartment","2","","","","Y","0","0","","5","Title Deed","","Kerzner International","","Resale"
"8878382","2025-02-19","Palm Jumeirah","The Crescent","The Royal Atlantis Resort and Residences","","","27000000","8604","92596","3138","291.59","Apartment","2","","","","Y","0","0","","17","Title Deed","","Kerzner International","","Resale"
"8878685","2025-02-19","Palm Jumeirah","Golden Mile","Golden Mile 6","","","3370000","1865","20067","1807","167.94","Apartment","2","","","","Y","0","0","","4","Title Deed","","Nakheel","","Resale"
"8878432","2025-02-19","Palm Jumeirah","The Crescent","Serenia Living","Serenia Living Tower 1","","8000000","4619","49723","1732","160.89","Apartment","2","","","","Y","0","0","","5","Oqood","","Palma Holding","","Resale"
"8879208","2025-02-19","Palm Jumeirah","The Crescent","EOME","","","115000000","7502","80752","15329","1424.12","Villa","6","","","","","19509","1812.41","","G+1","Oqood","","Blue Haven Real Estate Development LLC","","Initial Sale"
"8878441","2025-02-19","Palm Jumeirah","The Crescent","Royal Bay","","","3300000","2209","23780","1494","138.77","Hotel Apartment","2","","","","Y","0","0","","1","Title Deed","Hotel Apartment","Azizi","","Resale"
"8878478","2025-02-19","Palm Jumeirah","The Fronds","Frond D","","","48000000","9600","103332","5000","464.52","Villa","4","","","","","7407","688.16","","G+1","Title Deed","","Nakheel","","Resale"
"8878811","2025-02-19","Palm Jumeirah","The Crescent","Anantara Residences","Anantara Residences South","","3750000","2108","22686","1779","165.3","Apartment","2","","","","Y","0","0","","2","Title Deed","","Seven Tides","","Resale"
"8877350","2025-02-18","Palm Jumeirah","Shoreline Apartments","Jash Hamad","","","5600000","2543","27374","2202","204.57","Apartment","3","","","","Y","0","0","","8","Title Deed","","Nakheel","","Resale"
"8877620","2025-02-18","Palm Jumeirah","The Crescent","Serenia Residences","Serenia Residences East Wing","","6400000","3666","39455","1746","162.21","Apartment","2","","","","Y","0","0","","4","Title Deed","","Palma Holding","","Resale"
"8877382","2025-02-18","Palm Jumeirah","The Crescent","Balqis Residences","Balqis Residence Block A","","3850000","2096","22554","1837","170.7","Apartment","2","","","","Y","0","0","","4","Title Deed","","IFA","","Initial Sale"
"8878188","2025-02-18","Palm Jumeirah","The Crescent","Ocean House","","","11551828","6479","69749","1783","165.62","Apartment","2","","","","Y","0","0","","8","Oqood","","Ellington Properties","","Initial Sale"
"8877720","2025-02-18","Palm Jumeirah","Golden Mile","Golden Mile 2","","","2225000","1727","18591","1288","119.68","Apartment","1","","","","Y","0","0","","4","Title Deed","","Nakheel","","Resale"
"8877502","2025-02-18","Palm Jumeirah","Palm Views","Palm Views West","","","1480000","2701","29065","548","50.92","Apartment","s","Marina","","","Y","0","0","","2","Title Deed","","Nakheel","","Resale"
"8877512","2025-02-18","Palm Jumeirah","Golden Mile","Golden Mile 9","","","2150000","1195","12857","1799","167.22","Apartment","2","","","","Y","0","0","","4","Title Deed","","Nakheel","","Resale"
"8877539","2025-02-18","Palm Jumeirah","Shoreline Apartments","Al Haseer","","","5500000","2754","29645","1997","185.53","Apartment","2","","","","Y","0","0","","2","Title Deed","","Nakheel","","Resale"
"8876045","2025-02-17","Palm Jumeirah","Oceana","Oceana Baltic","","","6200000","2719","29272","2280","211.81","Apartment","3","","","","Y","0","0","","2","Title Deed","","Seven Tides","","Resale"
"8869724","2025-02-17","Palm Jumeirah","The Fronds","Frond E","","","74500000","10644","114559","6999","650.32","Villa","6","","","","","14692","1364.92","","G+1","Title Deed","","Nakheel","","Resale"
"8869798","2025-02-17","Palm Jumeirah","Oceana","Oceana Baltic","","","6000000","2632","28327","2280","211.81","Apartment","3","","","","Y","0","0","","3","Title Deed","","Seven Tides","","Resale"
"8869559","2025-02-17","Palm Jumeirah","The Fairmont Palm Residences","The Fairmont Palm Residence North","","","12500000","2871","30899","4354","404.54","Apartment","4","","","","Y","0","0","","10","Title Deed","","IFA","","Resale"
"8869608","2025-02-17","Palm Jumeirah","Shoreline Apartments","Al Tamr","","","4700000","2354","25322","1997","185.61","Apartment","2","","","","Y","0","0","","4","Title Deed","","Nakheel","","Resale"
"8869030","2025-02-14","Palm Jumeirah","Palm Beach Towers","Palm Beach Tower 3","","","3638800","1825","19643","1994","185.25","Apartment","3","","","","Y","0","0","","18","Oqood","","Nakheel","","Resale"
"8869092","2025-02-14","Palm Jumeirah","Shoreline Apartments","Jash Hamad","","","2700000","2362","25417","1143","106.23","Apartment","1","Community, Monorail","","","Y","0","0","","9","Title Deed","","Nakheel","","Resale"
"8859410","2025-02-13","Palm Jumeirah","Oceana","Dukes Oceana","","","850000","1868","20095","455","42.3","Hotel Apartment","s","","","","Y","0","0","","2","Title Deed","Hotel Apartment","Seven Tides","","Resale"
"8867895","2025-02-13","Palm Jumeirah","Palm Views","Palm Views West","","","1462000","2889","31106","506","47","Apartment","s","","","","Y","0","0","","4","Title Deed","","Nakheel","","Resale"
"8859470","2025-02-13","Palm Jumeirah","Canal Cove Villas","Canal Cove West","","","17250000","4541","48863","3799","353.03","Villa","3","","","","","4555","423.26","","G+1","Title Deed","","Nakheel","","Resale"
"8867952","2025-02-13","Palm Jumeirah","Marina Residences","Marina Residences 1","","","3575000","1847","19874","1936","179.88","Apartment","2","","","","Y","0","0","","4","Title Deed","","Nakheel","","Resale"
"8867715","2025-02-13","Palm Jumeirah","Golden Mile","Golden Mile 7","","","2950000","1563","16822","1887","175.37","Apartment","2","","","","Y","0","0","","3","Title Deed","","Nakheel","","Resale"
"8867727","2025-02-13","Palm Jumeirah","Shoreline Apartments","Al Sultana","","","4800000","2200","23684","2182","202.67","Apartment","3","","","","Y","0","0","","7","Title Deed","","Nakheel","","Resale"
"8868280","2025-02-13","Palm Jumeirah","Seven Palm","","","","1200000","3371","36232","356","33.12","Apartment","s","","","","Y","0","0","","2","Title Deed","","Seven Tides","","Resale"
"8867790","2025-02-13","Palm Jumeirah","Marina Residences","Marina Residences 1","","","3500000","1872","20146","1870","173.73","Apartment","2","","","","Y","0","0","","8","Title Deed","","Nakheel","","Resale"
"8858454","2025-02-12","Palm Jumeirah","Palm Beach Towers","Palm Beach Tower 3","","","4840000","3569","38416","1356","125.99","Apartment","2","","","","Y","0","0","","26","Oqood","","Nakheel","","Resale"
"8859335","2025-02-12","Palm Jumeirah","Shoreline Apartments","Al Dabas","","","3595000","3140","33807","1145","106.34","Apartment","1","","","","Y","0","0","","8","Title Deed","","Nakheel","","Resale"
"8856842","2025-02-11","Palm Jumeirah","The Crescent","The Alba Residences","The Alba Residences Building 1","","56329500","8404","90446","6703","622.8","Apartment","4","","","","Y","0","0","","5","Oqood","","Omniyat","","Initial Sale"
"8856870","2025-02-11","Palm Jumeirah","The Crescent","Orla Infinity by Omniyat","","","64500698","7582","81613","8507","790.32","Apartment","4","","","","Y","0","0","","1","Oqood","","Omniyat","","Initial Sale"
"8856927","2025-02-11","Palm Jumeirah","The Fairmont Palm Residences","The Fairmont Palm Residence North","","","3132550","2373","25534","1320","122.68","Apartment","1","","","","Y","0","0","","6","Title Deed","","IFA","","Resale"
"8857003","2025-02-11","Palm Jumeirah","Oceana","Oceana Aegean","","","3350000","2504","26947","1338","124.32","Apartment","1","Community,Sea,Swimming Pool,Dubai eye","","","Y","0","0","","8","Title Deed","","Seven Tides","","Resale"
"8857519","2025-02-11","Palm Jumeirah","The Fronds","Frond C","","","38000000","7112","76540","5343","496.47","Villa","5","Community,Sea,Atlantis,Atlantis Royal","","","","7079","657.63","","G+1","Title Deed","","Nakheel","","Initial Sale"
"8857064","2025-02-11","Palm Jumeirah","The Palm Crown","Crown Views","","","92126000","0","0","0","0","Land","","","","","","16438","1527.17","","","Title Deed","","Nakheel","","Resale"
"8857070","2025-02-11","Palm Jumeirah","The Palm Crown","Crown Views","","","89879000","0","0","0","0","Land","","","","","","16438","1527.17","","","Title Deed","","Nakheel","","Resale"
"8856381","2025-02-10","Palm Jumeirah","The Crescent","Serenia Living","Serenia Living Tower 1","","8500000","4148","44648","2049","190.38","Apartment","2","","","","Y","0","0","","5","Oqood","","Palma Holding","","Resale"
"8856387","2025-02-10","Palm Jumeirah","Marina Residences","Marina Residences 3","","","8700000","2147","23103","4053","376.58","Apartment","3","","","","Y","0","0","","12","Title Deed","","Nakheel","","Resale"
"8855663","2025-02-10","Palm Jumeirah","Palm Views","Palm Views West","","","1425000","2827","30449","504","46.8","Apartment","s","Community,Marina","","","Y","0","0","","4","Title Deed","","Nakheel","","Resale"
"8856445","2025-02-10","Palm Jumeirah","Golden Mile","Golden Mile 1","","","1700000","1207","12983","1409","130.94","Apartment","1","","","","Y","0","0","","1","Title Deed","","Nakheel","","Resale"
"8855972","2025-02-10","Palm Jumeirah","Golden Mile","Golden Mile 2","","","3150000","1670","17970","1886","175.29","Apartment","2","","","","Y","0","0","","6","Title Deed","","Nakheel","","Resale"
"8856031","2025-02-10","Palm Jumeirah","The Palm Tower","","","","6300000","2770","29818","2274","211.28","Apartment","2","","","","N","0","0","","27","Title Deed","","Nakheel","","Resale"
"8855783","2025-02-10","Palm Jumeirah","The Crescent","Azizi Mina","","","2300000","2408","25904","955","88.79","Hotel Apartment","1","Sea,Swimming Pool","","","Y","0","0","","7","Title Deed","Hotel Apartment","Azizi","","Resale"
"8856041","2025-02-10","Palm Jumeirah","The Palm Tower","","","","6900000","6222","66984","1109","103.01","Apartment","1","","","","N","0","0","","27","Title Deed","","Nakheel","","Resale"
"8855794","2025-02-10","Palm Jumeirah","Marina Residences","Marina Residences 2","","","10500000","2591","27883","4053","376.58","Apartment","3","","","","Y","0","0","","4","Title Deed","","Nakheel","","Resale"
"8855801","2025-02-10","Palm Jumeirah","Seven Palm","","","","1225000","3657","39364","335","31.12","Apartment","s","","","","Y","0","0","","11","Title Deed","","Seven Tides","","Resale"
"8856317","2025-02-10","Palm Jumeirah","The Crescent","Grandeur Residences","Maurya","","4800000","2586","27836","1856","172.44","Apartment","2","","","","Y","0","0","","4","Title Deed","","ETA Ascon","","Resale"
"8855574","2025-02-09","Palm Jumeirah","The Crescent","Orla Infinity by Omniyat","","","67813905","8112","87311","8360","776.69","Apartment","4","","","","Y","0","0","","3","Oqood","","Omniyat","","Initial Sale"
"8854567","2025-02-07","Palm Jumeirah","Seven Palm","","","","1100000","1215","13077","905","84.12","Hotel Apartment","1","","","","Y","0","0","","6","Title Deed","Hotel Apartment","Seven Tides","","Resale"
"8854312","2025-02-07","Palm Jumeirah","Seven Palm","","","","2525000","3531","38004","715","66.44","Apartment","1","","","","Y","0","0","","9","Title Deed","","Seven Tides","","Resale"
"8854623","2025-02-07","Palm Jumeirah","The Crescent","Serenia Residences","Serenia Residences West Wing","","58000000","4531","48772","12800","1189.2","Apartment","4","","","","Y","0","0","","9","Title Deed","","Palma Holding","","Resale"
"8854411","2025-02-07","Palm Jumeirah","The Fronds","Frond M","","","62000000","8857","95338","7000","650.32","Villa","6","","","","","13003","1208","","G+1","Title Deed","","Nakheel","","Resale"
"8853508","2025-02-06","Palm Jumeirah","The Fronds","Frond L","","","74000000","0","0","0","0","Villa","","","","","","18635","1731.25","","G+1","Title Deed","","Nakheel","","Resale"
"8853789","2025-02-06","Palm Jumeirah","Five Palm Jumeirah","","","","4000000","3281","35311","1219","113.28","Hotel Apartment","1","","","","Y","0","0","","15","Title Deed","Hotel Apartment","Five Holdings","","Resale"
"8853578","2025-02-06","Palm Jumeirah","Golden Mile","Golden Mile 9","","","5100000","2113","22736","2414","224.31","Apartment","3","","","","Y","0","0","","4","Title Deed","","Nakheel","","Resale"
"8853687","2025-02-06","Palm Jumeirah","The Crescent","The 8","","","6200000","4672","50284","1327","123.3","Apartment","2","Sea View","","","Y","0","0","","6","Title Deed","","IFA","","Resale"
