building_name,unit_number,bedrooms,size_sqft,contract_date,transaction_amount,floor_level,view,confidence,sources
Golden Mile,3212,3,2421.88,2024-12-27,,2,,HIGH,reidin
Golden Mile,OF02,,3059.32,2024-12-27,,MEZ,,HIGH,reidin
Al Shamsi,422,1,1059.38,2024-12-27,,4,,HIGH,reidin
Al Nabat,1211,2,2023.61,2024-12-27,,12,,HIGH,reidin
Balqis Residences,GR06,,1004.38,2024-12-26,,G,,HIGH,reidin
Balqis Residences,GR03,,1729.33,2024-12-26,,G,,HIGH,reidin
The Fairmont Palm Residences,414,2,2217.36,2024-12-26,,4,,HIGH,reidin
Balqis Residences,GR01,,548.64,2024-12-26,,G,,HIGH,reidin
Royal Atlantis,405,1,1142.8,2024-12-26,,4,,HIGH,reidin
Al Shirawi,808,2,1550.76,2024-12-26,,8,,HIGH,reidin
Al Mashraba,706,3,4057.99,2024-12-26,,7,,HIGH,reidin
Balqis Residences,GR11PB,,2801.84,2024-12-26,,G,,HIGH,reidin
Al Shirawi,PH06,4,5231.26,2024-12-26,,LP,,HIGH,reidin
Balqis Residences,GR04,,1788.74,2024-12-26,,G,,HIGH,reidin
Royal Atlantis,1507,2,2475.7,2024-12-25,,15,,HIGH,reidin
Al Ramth,608,2,1745.69,2024-12-25,,6,,HIGH,reidin
Al Msalli,501,2,1560.77,2024-12-25,,5,,HIGH,reidin
Seven Palm,M36,1,656.6,2024-12-25,,M,,HIGH,reidin
Club Vista Mare,102,0,606.87,2024-12-24,,1,,HIGH,reidin
Al Nabat,609,2,1732.99,2024-12-24,,6,,HIGH,reidin
Marina Residences,102N,2,1980.56,2024-12-24,,1,,HIGH,reidin
Marina Residences,615,1,1140.97,2024-12-24,,6,,HIGH,reidin
Al Shamsi,G56,3,2982.14,2024-12-24,,G,,HIGH,reidin
Golden Mile,6502,2,1797.57,2024-12-24,,5,,HIGH,reidin
The Fairmont Palm Residences,217,4,3326.05,2024-12-24,,2,,HIGH,reidin
The 8,20613,2,1323.96,2024-12-24,,6,,HIGH,reidin
Al Shamsi,254,1,1268.85,2024-12-24,,2,,HIGH,reidin
Al Murjan,1107,3,2529.52,2024-12-24,,11,,HIGH,reidin
Al Shamsi,137,1,1021.92,2024-12-24,,1,,HIGH,reidin
Al Murjan,1008,2,1745.69,2024-12-24,,10,,HIGH,reidin
Royal Atlantis,404,1,821.39,2024-12-24,,4,,HIGH,reidin
The Fairmont Palm Residences,824,2,1725.35,2024-12-24,,8,,HIGH,reidin
Royal Atlantis,605,1,1142.8,2024-12-24,,6,,HIGH,reidin
Al Nabat,1311,2,2019.09,2024-12-24,,13,,HIGH,reidin
Al Seef,PJFRM077,5,5343.95,2024-12-24,,nan,,HIGH,reidin
Al Khushkar,807,2,2002.09,2024-12-24,,8,,HIGH,reidin
Al Basri,PJFRD113,4,5000.05,2024-12-23,,nan,,HIGH,reidin
Palm Tower,3401,0,495.14,2024-12-23,,34,,HIGH,reidin
Al Msalli,F013A,,4505.98,2024-12-23,,1,,HIGH,reidin
The Fairmont Palm Residences,5V059,5,3336.81,2024-12-23,,nan,,HIGH,reidin
Al Mashraba,209,2,2045.14,2024-12-23,,2,,HIGH,reidin
Al Hamri,702,3,2185.07,2024-12-23,,7,,HIGH,reidin
Seven Palm,614,1,715.15,2024-12-23,,6,,HIGH,reidin
Al Shirawi,1108,2,1550.0,2024-12-23,,LP,,HIGH,reidin
Tiara Residences,501,2,1677.02,2024-12-23,,5,,HIGH,reidin
Balqis Residences,303,3,2357.29,2024-12-22,,3,,HIGH,reidin
Al Hallawi,807,2,1993.69,2024-12-21,,8,,HIGH,reidin
Oceana,806,2,1711.46,2024-12-20,,9,,HIGH,reidin
Marina Residences,402,1,1140.97,2024-12-20,,4,,HIGH,reidin
Golden Mile,RT02,,1620.51,2024-12-20,,B1,,HIGH,reidin
Seven Palm,1119,0,334.97,2024-12-20,,11,,HIGH,reidin
Al Khushkar,301,2,1585.85,2024-12-20,,3,,HIGH,reidin
Golden Mile,5611,2,1795.53,2024-12-20,,6,,HIGH,reidin
Al Hatmi,806,2,1993.69,2024-12-20,,8,,HIGH,reidin
Golden Mile,6407,2,1883.68,2024-12-20,,4,,HIGH,reidin
Azizi Mina,601,1,1014.82,2024-12-20,,6,,HIGH,reidin
Golden Mile,GM2B8RT27,,2101.33,2024-12-20,,B1,,HIGH,reidin
Tiara Residences,405,3,2271.18,2024-12-19,,4,,HIGH,reidin
Al Msalli,E063,,2059.03,2024-12-19,,2,,HIGH,reidin
Al Basri,PJFRD090,4,5000.05,2024-12-19,,nan,,HIGH,reidin
Al Basri,108,3,2241.47,2024-12-19,,1,,HIGH,reidin
Al Msalli,E037,,6243.28,2024-12-19,,2,,HIGH,reidin
Al Msalli,803,3,2141.69,2024-12-19,,8,,HIGH,reidin
Club Vista Mare,008,,7703.51,2024-12-19,,G,,HIGH,reidin
Al Hatmi,704,1,1140.97,2024-12-19,,7,,HIGH,reidin
Jash Hamad,306,2,1991.32,2024-12-19,,3,,HIGH,reidin
Al Hamri,612,2,1582.29,2024-12-19,,6,,HIGH,reidin
Serenia Residences,B602,3,4877.12,2024-12-19,,6,,HIGH,reidin
Al Hatmi,604,1,1140.97,2024-12-19,,6,,HIGH,reidin
The Fairmont Palm Residences,810,1,1549.79,2024-12-19,,8,,HIGH,reidin
Al Msalli,G03,,1858.6,2024-12-19,,G,,HIGH,reidin
Jash Hamad,107,1,1173.27,2024-12-19,,1,,HIGH,reidin
Jash Hamad,507,2,1991.32,2024-12-19,,5,,HIGH,reidin
Al Nabat,904,2,1745.69,2024-12-18,,9,,HIGH,reidin
Royal Atlantis,301,3,3530.56,2024-12-18,,3,,HIGH,reidin
Golden Mile,8605,2,1797.57,2024-12-18,,6,,HIGH,reidin
Seven Palm,31507,2,1645.91,2024-12-18,,15,,HIGH,reidin
Palm Tower,2019,1,1109.76,2024-12-18,,20,,HIGH,reidin
Balqis Residences,710,2,1965.06,2024-12-18,,7,,HIGH,reidin
The Fairmont Palm Residences,918,3,4071.77,2024-12-18,,9,,HIGH,reidin
Oceana,304,1,1334.72,2024-12-18,,4,,HIGH,reidin
Al Ghaf,PJFRC059,4,6000.01,2024-12-18,,nan,,HIGH,reidin
Al Seef,PJFRM028,4,5000.05,2024-12-18,,nan,,HIGH,reidin
Al Nabat,102,3,2201.0,2024-12-18,,1,,HIGH,reidin
Marina Residences,605,1,1140.97,2024-12-17,,6,,HIGH,reidin
Balqis Residences,GR13,,490.19,2024-12-17,,G,,HIGH,reidin
Golden Mile,FB10,,2049.23,2024-12-17,,B1,,HIGH,reidin
Tiara Residences,103,1,1295.97,2024-12-17,,2,,HIGH,reidin
Al Habool,PH12,4,4843.76,2024-12-17,,LP,,HIGH,reidin
The Fairmont Palm Residences,P313,,4625.36,2024-12-17,,10,,HIGH,reidin
Golden Mile,10702,3,4362.61,2024-12-17,,7,,HIGH,reidin
Al Mashraba,701,2,1872.92,2024-12-17,,7,,HIGH,reidin
Al Shamsi,242,2,1555.06,2024-12-17,,2,,HIGH,reidin
Balqis Residences,812,3,2389.59,2024-12-17,,8,,HIGH,reidin
Tiara Residences,1202,3,2391.95,2024-12-17,,12,,HIGH,reidin
Serenia Residences,A702,2,1625.35,2024-12-17,,7,,HIGH,reidin
Tiara Residences,1101,2,1677.02,2024-12-17,,11,,HIGH,reidin
Al Hatmi,305,2,1550.0,2024-12-17,,3,,HIGH,reidin
The Fairmont Palm Residences,614,2,1926.74,2024-12-17,,6,,HIGH,reidin
Palm Tower,4307,1,1044.1,2024-12-17,,43,,HIGH,reidin
Al Msalli,806,2,1993.69,2024-12-17,,8,,HIGH,reidin
Tiara Residences,906,2,1677.02,2024-12-17,,9,,HIGH,reidin
Kempinski Residences,OFFICE03,,4165.63,2024-12-16,,1,,HIGH,reidin
Al Das,605,4,1550.76,2024-12-16,,6,,HIGH,reidin
Al Sahab,PJFRO124,4,5000.05,2024-12-16,,nan,,HIGH,reidin
Al Hallawi,310,3,2163.54,2024-12-16,,3,,HIGH,reidin
Seven Palm,M37,0,377.81,2024-12-16,,M,,HIGH,reidin
The 8,3502,3,6522.92,2024-12-16,,5,,HIGH,reidin
Oceana,1201,2,1709.2,2024-12-16,,13,,HIGH,reidin
Oceana,403,1,1334.72,2024-12-16,,5,,HIGH,reidin
The Fairmont Palm Residences,505,1,1323.96,2024-12-16,,5,,HIGH,reidin
Kempinski Residences,RG17,,430.56,2024-12-16,,G,,HIGH,reidin
Oceana,1005,3,2281.95,2024-12-16,,11,,HIGH,reidin
Golden Mile,GM2B8RT26B,,726.35,2024-12-16,,B1,,HIGH,reidin
Al Khayali,1308,2,1743.75,2024-12-16,,13,,HIGH,reidin
The 8,20109,2,1337.63,2024-12-16,,1,,HIGH,reidin
Al Das,G01,,1671.2,2024-12-16,,G,,HIGH,reidin
Al Khayali,306,3,4057.99,2024-12-16,,3,,HIGH,reidin
Al Anbara,809,1,1140.97,2024-12-15,,8,,HIGH,reidin
Marina Residences,103N,2,1754.52,2024-12-15,,1,,HIGH,reidin
Al Shirawi,PH12,4,4838.16,2024-12-15,,LP,,HIGH,reidin
Golden Mile,3701,,4886.81,2024-12-15,,7,,HIGH,reidin
Marina Residences,A105,2,1754.52,2024-12-15,,1,,HIGH,reidin
Golden Mile,2305,2,1807.69,2024-12-14,,3,,HIGH,reidin
Al Sahab,PJFRO116,4,5000.05,2024-12-14,,nan,,HIGH,reidin
The 8,8402,4,8675.7,2024-12-14,,4,,HIGH,reidin
Tiara Residences,804,1,1291.67,2024-12-14,,8,,HIGH,reidin
The 8,10414,2,1328.16,2024-12-14,,4,,HIGH,reidin
Jash Falqa,308,2,1550.0,2024-12-13,,3,,HIGH,reidin
Tiara Residences,605,3,2264.94,2024-12-13,,6,,HIGH,reidin
Palm Tower,3806,0,527.43,2024-12-13,,38,,HIGH,reidin
Palm Tower,4004,0,516.67,2024-12-13,,40,,HIGH,reidin
The Fairmont Palm Residences,318,3,4239.9,2024-12-13,,3,,HIGH,reidin
Al Mashraba,TH01,2,4045.29,2024-12-13,,LG,,HIGH,reidin
Golden Mile,6309,2,1787.78,2024-12-13,,3,,HIGH,reidin
Seven Palm,620,0,315.06,2024-12-13,,6,,HIGH,reidin
Al Ghaf,PJFRB011,4,5000.05,2024-12-13,,nan,,HIGH,reidin
Al Hamri,906,2,1993.69,2024-12-13,,9,,HIGH,reidin
Kempinski Residences,607,3,3853.48,2024-12-13,,6,,HIGH,reidin
Golden Mile,10409,2,1787.78,2024-12-12,,4,,HIGH,reidin
Al Hallawi,302,3,2217.36,2024-12-12,,3,,HIGH,reidin
Golden Mile,9504,1,1306.63,2024-12-12,,5,,HIGH,reidin
Al Shirawi,1012,2,1582.72,2024-12-12,,10,,HIGH,reidin
Tiara Residences,401,2,1677.02,2024-12-12,,4,,HIGH,reidin
Royal Atlantis,107,1,1130.21,2024-12-12,,1,,HIGH,reidin
Tiara Residences,603,1,1291.67,2024-12-12,,6,,HIGH,reidin
Al Shirawi,303,3,2163.54,2024-12-12,,3,,HIGH,reidin
Golden Mile,2210,2,1794.34,2024-12-12,,2,,HIGH,reidin
Oceana,303,1,1334.72,2024-12-12,,4,,HIGH,reidin
Oceana,903,1,1334.72,2024-12-12,,10,,HIGH,reidin
Al Nabat,604,1,1130.21,2024-12-12,,6,,HIGH,reidin
Azizi Mina,106,1,927.85,2024-12-12,,1,,HIGH,reidin
Al Murjan,704,2,1745.69,2024-12-11,,7,,HIGH,reidin
Al Ghaf,PJFRC071,4,5000.05,2024-12-11,,nan,,HIGH,reidin
Al Nabat,LG01,3,2755.56,2024-12-11,,LG,,HIGH,reidin
Al Mashraba,1107,3,2529.52,2024-12-11,,11,,HIGH,reidin
Marina Residences,216,1,1140.97,2024-12-11,,2,,HIGH,reidin
The Fairmont Palm Residences,605,1,1323.96,2024-12-11,,6,,HIGH,reidin
Palm Tower,3116,0,523.56,2024-12-11,,31,,HIGH,reidin
Al Ramth,1104,2,1743.75,2024-12-11,,11,,HIGH,reidin
Tiara Residences,206,2,1668.4,2024-12-11,,2,,HIGH,reidin
Tiara Residences,1003,1,1291.67,2024-12-11,,10,,HIGH,reidin
Golden Mile,4109,2,2604.86,2024-12-11,,1,,HIGH,reidin
Al Das,311,5,2218.12,2024-12-11,,3,,HIGH,reidin
Seven Palm,50004,5,12324.02,2024-12-11,,G,,HIGH,reidin
Al Nabat,204,2,2034.38,2024-12-11,,2,,HIGH,reidin
Serenia Residences,A506,2,1474.65,2024-12-11,,5,,HIGH,reidin
Golden Mile,8403,2,1797.57,2024-12-11,,4,,HIGH,reidin
Al Ramth,506,3,4057.99,2024-12-11,,5,,HIGH,reidin
Kempinski Residences,310,3,3788.89,2024-12-10,,3,,HIGH,reidin
The 8,10211,3,1926.63,2024-12-10,,2,,HIGH,reidin
Oceana,D01,2,1711.46,2024-12-10,,1,,HIGH,reidin
Al Nabat,602,3,2181.95,2024-12-10,,6,,HIGH,reidin
Al Msalli,E022B,,1344.95,2024-12-10,,2,,HIGH,reidin
Golden Mile,KS01,,427.87,2024-12-10,,B1,,HIGH,reidin
Al Murjan,601,2,1870.01,2024-12-10,,6,,HIGH,reidin
Al Murjan,1105,3,2529.52,2024-12-10,,11,,HIGH,reidin
Al Nabat,709,1,1140.97,2024-12-10,,7,,HIGH,reidin
Marina Residences,709,1,1151.74,2024-12-10,,7,,HIGH,reidin
Marina Residences,A101,1,1097.92,2024-12-10,,1,,HIGH,reidin
Seven Palm,516,1,675.65,2024-12-10,,5,,HIGH,reidin
Kempinski Residences,RG14,,172.22,2024-12-10,,G,,HIGH,reidin
Al Anbara,502,3,2221.13,2024-12-10,,5,,HIGH,reidin
Al Sahab,PJFRO106,5,5343.95,2024-12-10,,nan,,HIGH,reidin
Al Nabat,402,3,2215.96,2024-12-10,,4,,HIGH,reidin
Golden Mile,1604,1,1302.43,2024-12-10,,6,,HIGH,reidin
Balqis Residences,703,3,2480.65,2024-12-10,,7,,HIGH,reidin
Jash Falqa,203,3,2158.92,2024-12-10,,2,,HIGH,reidin
Golden Mile,6707,,5112.85,2024-12-10,,7,,HIGH,reidin
Al Murjan,1009,2,1776.04,2024-12-10,,10,,HIGH,reidin
Al Malak,1108,2,1745.69,2024-12-10,,11,,HIGH,reidin
Jash Falqa,409,1,1140.97,2024-12-10,,4,,HIGH,reidin
The Fairmont Palm Residences,308,1,1356.25,2024-12-09,,3,,HIGH,reidin
Al Msalli,G07,,163.4,2024-12-09,,G,,HIGH,reidin
Golden Mile,4411,2,1797.57,2024-12-09,,4,,HIGH,reidin
Al Nabat,107,2,1991.32,2024-12-09,,1,,HIGH,reidin
The Fairmont Palm Residences,922,2,1717.16,2024-12-09,,9,,HIGH,reidin
Balqis Residences,1002,3,2281.95,2024-12-09,,10,,HIGH,reidin
Seven Palm,424,0,355.21,2024-12-09,,4,,HIGH,reidin
Al Ramth,904,2,1743.75,2024-12-09,,9,,HIGH,reidin
Al Hamri,311,3,2221.13,2024-12-09,,3,,HIGH,reidin
Al Shamsi,109,1,1031.72,2024-12-09,,1,,HIGH,reidin
Al Khushkar,1205,2,1550.0,2024-12-09,,LP,,HIGH,reidin
Jash Hamad,101,2,1614.59,2024-12-09,,1,,HIGH,reidin
Al Shamsi,413,1,1059.38,2024-12-09,,4,,HIGH,reidin
Jash Hamad,806,2,1991.32,2024-12-09,,8,,HIGH,reidin
Al Shamsi,205,3,2045.25,2024-12-09,,2,,HIGH,reidin
Al Sultana,412,2,1560.77,2024-12-09,,4,,HIGH,reidin
Oceana,1004,1,1334.72,2024-12-09,,11,,HIGH,reidin
Al Ramth,1002,2,1778.09,2024-12-08,,10,,HIGH,reidin
Al Mashraba,1305,3,2518.75,2024-12-07,,13,,HIGH,reidin
Tiara Residences,801,2,1679.17,2024-12-06,,8,,HIGH,reidin
Golden Mile,10704,4,10247.23,2024-12-06,,7,,HIGH,reidin
Al Das,707,4,1999.93,2024-12-06,,7,,HIGH,reidin
Oceana,503,1,1334.72,2024-12-06,,6,,HIGH,reidin
Oceana,803,1,1338.17,2024-12-06,,9,,HIGH,reidin
Al Nabat,502,3,2217.36,2024-12-06,,5,,HIGH,reidin
Al Shamsi,RETAIL7,,902.66,2024-12-06,,G,,HIGH,reidin
Tiara Residences,606,2,1677.02,2024-12-05,,6,,HIGH,reidin
Al Khayali,509,2,1732.99,2024-12-05,,5,,HIGH,reidin
Al Das,911,5,2186.9,2024-12-05,,9,,HIGH,reidin
Al Das,303,5,2156.87,2024-12-05,,3,,HIGH,reidin
Al Hallawi,601,2,1582.29,2024-12-05,,6,,HIGH,reidin
Jash Falqa,303,3,2163.54,2024-12-05,,3,,HIGH,reidin
Kempinski Residences,R105,,785.76,2024-12-05,,1,,HIGH,reidin
Al Ghaf,PJFRB031,5,6999.98,2024-12-05,,nan,,HIGH,reidin
Oceana,801,2,1711.46,2024-12-05,,9,,HIGH,reidin
Oceana,401,2,1711.46,2024-12-05,,5,,HIGH,reidin
Al Sahab,PJFRO139,5,5343.95,2024-12-05,,nan,,HIGH,reidin
Royal Atlantis,401,1,861.11,2024-12-05,,4,,HIGH,reidin
Palm Tower,2714,0,527.43,2024-12-05,,27,,HIGH,reidin
Al Basri,1110,3,2142.02,2024-12-04,,11,,HIGH,reidin
Tiara Residences,G02,1,1587.03,2024-12-04,,G,,HIGH,reidin
Al Das,204,2,1144.63,2024-12-04,,2,,HIGH,reidin
Al Malak,810,2,1735.25,2024-12-04,,8,,HIGH,reidin
Oceana,D04,1,1334.72,2024-12-04,,1,,HIGH,reidin
Golden Mile,2605,2,1807.69,2024-12-04,,6,,HIGH,reidin
Palm Tower,3503,0,516.67,2024-12-04,,35,,HIGH,reidin
The 8,10001,1,1345.49,2024-12-04,,G,,HIGH,reidin
Al Seef,PJFRM005,4,5000.05,2024-12-04,,nan,,HIGH,reidin
Oceana,1104,1,1338.17,2024-12-04,,12,,HIGH,reidin
The Fairmont Palm Residences,426,2,1996.17,2024-12-04,,4,,HIGH,reidin
Golden Mile,1310,2,1797.57,2024-12-04,,3,,HIGH,reidin
Al Das,708,4,1550.76,2024-12-04,,7,,HIGH,reidin
Al Hatmi,703,3,2152.78,2024-12-04,,7,,HIGH,reidin
Golden Mile,8310,2,1786.81,2024-12-03,,3,,HIGH,reidin
Al Basri,801,2,1582.29,2024-12-03,,8,,HIGH,reidin
Al Ramth,LG03,3,2744.79,2024-12-02,,LG,,HIGH,reidin
The Fairmont Palm Residences,705,1,1313.2,2024-12-01,,7,,HIGH,reidin
Marina Residences,1017,2,2023.61,2024-12-01,,10,,HIGH,reidin
Club Vista Mare,125,0,602.78,2024-12-01,,1,,HIGH,reidin
Al Anbara,805,2,1550.0,2024-12-01,,8,,HIGH,reidin
Marina Residences,511,1,1140.97,2024-12-01,,5,,HIGH,reidin
Seven Palm,1029,0,352.19,2024-11-30,,10,,HIGH,reidin
Palm Tower,4419,1,1114.71,2024-11-30,,44,,HIGH,reidin
Al Habool,1005,2,1550.0,2024-11-29,,LP,,HIGH,reidin
Palm Tower,4705,2,2325.0,2024-11-29,,47,,HIGH,reidin
Seven Palm,41009,2,2228.13,2024-11-29,,10,,HIGH,reidin
Tiara Residences,204,1,1291.67,2024-11-29,,2,,HIGH,reidin
Oceana,706,2,1711.46,2024-11-29,,8,,HIGH,reidin
Al Sultana,604,1,1140.97,2024-11-29,,6,,HIGH,reidin
Al Msalli,811,3,2185.07,2024-11-29,,8,,HIGH,reidin
Serenia Residences,A512,2,1603.82,2024-11-29,,5,,HIGH,reidin
Al Ramth,807,3,2443.41,2024-11-29,,8,,HIGH,reidin
Jash Hamad,501,2,1579.39,2024-11-29,,5,,HIGH,reidin
Serenia Residences,A602,2,1625.35,2024-11-29,,6,,HIGH,reidin
Al Habool,812,2,1582.72,2024-11-28,,8,,HIGH,reidin
Al Msalli,P006,,2538.02,2024-11-28,,G,,HIGH,reidin
Tiara Residences,105,3,2264.94,2024-11-28,,1,,HIGH,reidin
Al Msalli,B1010,,2559.98,2024-11-28,,LG,,HIGH,reidin
Palm Tower,3618,1,1076.39,2024-11-28,,36,,HIGH,reidin
Al Das,808,4,1550.76,2024-11-28,,8,,HIGH,reidin
Palm Tower,3103,0,524.2,2024-11-28,,31,,HIGH,reidin
Al Das,508,4,1550.76,2024-11-28,,5,,HIGH,reidin
Tiara Residences,P03,2,2413.91,2024-11-28,,PR3,,HIGH,reidin
Oceana,804,1,1334.72,2024-11-28,,9,,HIGH,reidin
Oceana,605,3,2271.18,2024-11-28,,7,,HIGH,reidin
Palm Tower,2905,1,1055.29,2024-11-28,,29,,HIGH,reidin
Al Msalli,B1011,,2603.03,2024-11-28,,LG,,HIGH,reidin
Al Ramth,1304,2,1743.75,2024-11-28,,13,,HIGH,reidin
Al Nabat,811,2,1862.15,2024-11-28,,8,,HIGH,reidin
Al Malak,805,3,2438.78,2024-11-28,,8,,HIGH,reidin
Al Nabat,908,2,1743.75,2024-11-28,,9,,HIGH,reidin
The Fairmont Palm Residences,220,2,2195.84,2024-11-28,,2,,HIGH,reidin
Al Nabat,401,2,1587.03,2024-11-28,,4,,HIGH,reidin
Balqis Residences,909,2,1969.79,2024-11-28,,9,,HIGH,reidin
Royal Atlantis,511,2,1442.36,2024-11-28,,5,,HIGH,reidin
Al Das,903,5,2137.93,2024-11-28,,9,,HIGH,reidin
Golden Mile,3209,2,1787.78,2024-11-28,,2,,HIGH,reidin
Golden Mile,1307,2,1886.8,2024-11-27,,3,,HIGH,reidin
Palm Tower,2715,0,527.43,2024-11-27,,27,,HIGH,reidin
Al Sultana,903,3,2142.02,2024-11-27,,LP,,HIGH,reidin
Al Ramth,G01,3,2734.03,2024-11-27,,G,,HIGH,reidin
Al Malak,PJFRE035,4,5000.05,2024-11-27,,nan,,HIGH,reidin
Al Das,711,5,2186.9,2024-11-27,,7,,HIGH,reidin
Al Malak,811,2,1872.92,2024-11-27,,8,,HIGH,reidin
Al Msalli,F018,,2531.02,2024-11-27,,1,,HIGH,reidin
Al Habool,303,3,2152.78,2024-11-27,,3,,HIGH,reidin
Al Shamsi,213,1,1188.33,2024-11-27,,2,,HIGH,reidin
The Fairmont Palm Residences,428,3,3541.32,2024-11-27,,4,,HIGH,reidin
Palm Tower,2315,0,524.2,2024-11-27,,23,,HIGH,reidin
Golden Mile,8407,2,1883.68,2024-11-27,,4,,HIGH,reidin
Golden Mile,3507,2,1886.8,2024-11-27,,5,,HIGH,reidin
Al Nabat,1109,2,1776.04,2024-11-27,,11,,HIGH,reidin
Seven Palm,515,1,715.15,2024-11-27,,5,,HIGH,reidin
Oceana,1106,2,1700.7,2024-11-27,,12,,HIGH,reidin
Jash Hamad,403,3,2163.54,2024-11-26,,4,,HIGH,reidin
Tiara Residences,G03,1,1356.25,2024-11-26,,G,,HIGH,reidin
Al Msalli,P057A,,1125.15,2024-11-26,,G,,HIGH,reidin
Al Msalli,P041A,,562.95,2024-11-26,,G,,HIGH,reidin
Oceana,602,3,2279.9,2024-11-26,,7,,HIGH,reidin
Al Mashraba,901,2,1862.15,2024-11-26,,9,,HIGH,reidin
Al Hallawi,305,2,1550.0,2024-11-26,,3,,HIGH,reidin
The 8,10508,2,1333.11,2024-11-26,,5,,HIGH,reidin
Al Mashraba,404,2,1862.15,2024-11-26,,4,,HIGH,reidin
Al Nabat,1302,2,1776.04,2024-11-26,,13,,HIGH,reidin
Al Khayali,908,2,1743.75,2024-11-26,,9,,HIGH,reidin
The Fairmont Palm Residences,621,2,1991.32,2024-11-26,,6,,HIGH,reidin
Al Basri,PJFRF025,4,5000.05,2024-11-26,,nan,,HIGH,reidin
Royal Atlantis,601,1,861.11,2024-11-26,,6,,HIGH,reidin
Al Khayali,706,3,4047.23,2024-11-26,,7,,HIGH,reidin
Palm Tower,3710,1,1119.45,2024-11-26,,37,,HIGH,reidin
Al Mashraba,1201,2,2012.85,2024-11-26,,12,,HIGH,reidin
Al Shirawi,701,2,1582.72,2024-11-26,,7,,HIGH,reidin
Al Anbara,1009,1,1140.97,2024-11-26,,LP,,HIGH,reidin
Al Ramth,704,2,1745.69,2024-11-26,,7,,HIGH,reidin
Al Msalli,706,2,2002.09,2024-11-26,,7,,HIGH,reidin
Marina Residences,806,1,1140.97,2024-11-26,,8,,HIGH,reidin
Al Msalli,F012,,319.04,2024-11-26,,1,,HIGH,reidin
Al Khayali,PJFRC081,6,6999.98,2024-11-26,,nan,,HIGH,reidin
Al Fahad,PJFRL004,5,6999.98,2024-11-25,,nan,,HIGH,reidin
Oceana,506,2,1711.46,2024-11-25,,6,,HIGH,reidin
The Fairmont Palm Residences,303,3,2992.36,2024-11-25,,3,,HIGH,reidin
The 8,20609,3,1761.73,2024-11-25,,6,,HIGH,reidin
Golden Mile,9608,3,3369.1,2024-11-25,,nan,,HIGH,reidin
The Fairmont Palm Residences,509,1,1292.21,2024-11-25,,5,,HIGH,reidin
The Fairmont Palm Residences,5V045,5,3379.86,2024-11-25,,nan,,HIGH,reidin
Al Nabat,1308,2,1743.75,2024-11-25,,13,,HIGH,reidin
Tiara Residences,805,3,2271.18,2024-11-25,,8,,HIGH,reidin
Al Malak,610,2,1732.99,2024-11-25,,6,,HIGH,reidin
Palm Tower,3709,1,1119.45,2024-11-25,,37,,HIGH,reidin
Al Khushkar,412,2,1582.29,2024-11-25,,4,,HIGH,reidin
Golden Mile,10311,2,1797.57,2024-11-25,,3,,HIGH,reidin
Kempinski Residences,123,4,5855.56,2024-11-24,,1,,HIGH,reidin
Al Ghaf,PJFRC122,4,5000.05,2024-11-24,,nan,,HIGH,reidin
Al Mashraba,810,2,1732.99,2024-11-22,,8,,HIGH,reidin
Golden Mile,1302,2,1799.08,2024-11-22,,3,,HIGH,reidin
The Fairmont Palm Residences,917,4,3169.97,2024-11-22,,9,,HIGH,reidin
Al Das,704,2,1144.63,2024-11-22,,7,,HIGH,reidin
Al Hatmi,PH12,4,4838.16,2024-11-22,,LP,,HIGH,reidin
Serenia Residences,A503,3,2615.63,2024-11-22,,5,,HIGH,reidin
Palm Tower,2510,1,1112.66,2024-11-22,,25,,HIGH,reidin
Oceana,G03,1,1485.42,2024-11-22,,G,,HIGH,reidin
The Fairmont Palm Residences,409,1,1291.67,2024-11-22,,4,,HIGH,reidin
The Fairmont Palm Residences,609,1,1292.21,2024-11-22,,6,,HIGH,reidin
Golden Mile,9401,1,1304.58,2024-11-22,,4,,HIGH,reidin
Al Khushkar,710,3,2152.78,2024-11-21,,7,,HIGH,reidin
Al Shirawi,311,3,2217.36,2024-11-21,,3,,HIGH,reidin
Jash Falqa,312,2,1582.29,2024-11-21,,3,,HIGH,reidin
Al Das,206,4,1996.7,2024-11-21,,2,,HIGH,reidin
Golden Mile,OF21,,4957.42,2024-11-21,,MEZ,,HIGH,reidin
Golden Mile,OF25,,4941.6,2024-11-21,,MEZ,,HIGH,reidin
Palm Tower,2010,1,1108.68,2024-11-21,,20,,HIGH,reidin
Golden Mile,9201,1,1302.43,2024-11-21,,2,,HIGH,reidin
Palm Tower,4011,1,1140.97,2024-11-21,,40,,HIGH,reidin
Azizi Mina,115,1,2034.38,2024-11-21,,1,,HIGH,reidin
Golden Mile,OF22,,6350.38,2024-11-21,,MEZ,,HIGH,reidin
Kempinski Residences,622,4,4919.1,2024-11-21,,6,,HIGH,reidin
Al Das,209,2,1144.63,2024-11-21,,2,,HIGH,reidin
Tiara Residences,D06,2,1677.02,2024-11-21,,DCK,,HIGH,reidin
Al Basri,PJFRD048,6,6999.98,2024-11-21,,nan,,HIGH,reidin
Serenia Residences,C403,4,3336.81,2024-11-21,,4,,HIGH,reidin
Al Anbara,308,2,1550.0,2024-11-20,,3,,HIGH,reidin
Kempinski Residences,V01,5,8349.66,2024-11-20,,nan,,HIGH,reidin
Jash Hamad,805,2,1550.0,2024-11-20,,8,,HIGH,reidin
The Fairmont Palm Residences,301,2,2325.0,2024-11-20,,3,,HIGH,reidin
Al Nabat,207,3,2443.41,2024-11-20,,2,,HIGH,reidin
Golden Mile,GM2B10RT44,,677.48,2024-11-20,,B1,,HIGH,reidin
Golden Mile,GM2B10RT32,,2353.85,2024-11-20,,B1,,HIGH,reidin
Al Msalli,P051C,,934.95,2024-11-20,,G,,HIGH,reidin
Marina Residences,C209,1,1117.51,2024-11-20,,2,,HIGH,reidin
Al Shirawi,407,2,1996.7,2024-11-20,,4,,HIGH,reidin
Al Seef,PJFRM071,4,6000.01,2024-11-20,,nan,,HIGH,reidin
Al Seef,PJFRM109,6,6999.98,2024-11-20,,nan,,HIGH,reidin
Al Malak,908,2,1743.75,2024-11-20,,9,,HIGH,reidin
Al Khushkar,601,2,1593.06,2024-11-20,,6,,HIGH,reidin
Al Nabat,307,3,2439.64,2024-11-20,,3,,HIGH,reidin
Al Basri,PJFRD018,4,5000.05,2024-11-20,,nan,,HIGH,reidin
Seven Palm,343,0,355.21,2024-11-20,,3,,HIGH,reidin
Tiara Residences,1002,3,2264.94,2024-11-20,,10,,HIGH,reidin
Al Anbara,601,2,1582.29,2024-11-20,,6,,HIGH,reidin
Golden Mile,1505,2,1807.69,2024-11-20,,5,,HIGH,reidin
Golden Mile,GM2B7RT21,,4279.08,2024-11-20,,B1,,HIGH,reidin
Serenia Residences,B506,2,1781.53,2024-11-19,,5,,HIGH,reidin
Al Mashraba,G05,3,2733.17,2024-11-19,,G,,HIGH,reidin
Serenia Residences,C105,1,1001.04,2024-11-19,,1,,HIGH,reidin
Golden Mile,5208,3,3326.05,2024-11-19,,2,,HIGH,reidin
Oceana,805,3,2271.18,2024-11-19,,9,,HIGH,reidin
Serenia Residences,A812,2,1604.9,2024-11-19,,8,,HIGH,reidin
The Fairmont Palm Residences,721,2,1732.99,2024-11-19,,7,,HIGH,reidin
Al Das,104,2,1144.63,2024-11-18,,1,,HIGH,reidin
Al Khayali,PJFRC092,6,6999.98,2024-11-18,,nan,,HIGH,reidin
Jash Hamad,211,3,2206.6,2024-11-18,,2,,HIGH,reidin
Tiara Residences,703,1,1295.97,2024-11-18,,7,,HIGH,reidin
Tiara Residences,504,1,1291.67,2024-11-18,,5,,HIGH,reidin
The Fairmont Palm Residences,823,2,1766.68,2024-11-18,,8,,HIGH,reidin
Oceana,101,2,1700.7,2024-11-18,,2,,HIGH,reidin
Al Habool,610,3,2152.78,2024-11-18,,6,,HIGH,reidin
Al Basri,902,3,2181.52,2024-11-18,,9,,HIGH,reidin
The 8,10012,4,5037.51,2024-11-18,,G,,HIGH,reidin
Golden Mile,6109,2,2594.1,2024-11-18,,1,,HIGH,reidin
Al Das,606,4,1999.93,2024-11-18,,6,,HIGH,reidin
Al Ramth,607,3,2443.41,2024-11-18,,6,,HIGH,reidin
Al Msalli,705,2,1550.86,2024-11-18,,7,,HIGH,reidin
Palm Tower,2906,0,527.43,2024-11-18,,29,,HIGH,reidin
Al Murjan,701,2,1862.15,2024-11-16,,7,,HIGH,reidin
Tiara Residences,1104,1,1291.67,2024-11-15,,11,,HIGH,reidin
Oceana,103,1,1338.17,2024-11-15,,2,,HIGH,reidin
Al Khushkar,504,1,1144.63,2024-11-15,,5,,HIGH,reidin
Al Basri,PJFRF016,6,6999.98,2024-11-15,,nan,,HIGH,reidin
Tiara Residences,G01,2,1898.97,2024-11-15,,G,,HIGH,reidin
Al Anbara,1010,3,2185.07,2024-11-15,,LP,,HIGH,reidin
Al Msalli,F088B,,1376.27,2024-11-15,,1,,HIGH,reidin
Kempinski Residences,521,2,1787.02,2024-11-15,,5,,HIGH,reidin
Tiara Residences,803,1,1291.67,2024-11-15,,8,,HIGH,reidin
Tiara Residences,503,1,1295.97,2024-11-15,,5,,HIGH,reidin
Royal Atlantis,205,2,2045.14,2024-11-15,,2,,HIGH,reidin
Golden Mile,RT05,,850.78,2024-11-15,,B1,,HIGH,reidin
Al Hatmi,401,2,1585.85,2024-11-15,,4,,HIGH,reidin
Al Msalli,F032,,2109.29,2024-11-15,,1,,HIGH,reidin
Al Ghaf,PJFRC072,5,5343.95,2024-11-15,,nan,,HIGH,reidin
Al Das,607,4,1999.93,2024-11-15,,6,,HIGH,reidin
Oceana,104,1,1334.72,2024-11-14,,2,,HIGH,reidin
Al Shirawi,301,2,1585.85,2024-11-14,,3,,HIGH,reidin
Al Murjan,610,2,1735.25,2024-11-14,,6,,HIGH,reidin
Golden Mile,9607,2,1888.63,2024-11-14,,6,,HIGH,reidin
Al Fahad,PJFRL068,4,5000.05,2024-11-14,,nan,,HIGH,reidin
Al Basri,PJFRD082,4,5000.05,2024-11-14,,nan,,HIGH,reidin
Oceana,G01,2,1959.03,2024-11-14,,G,,HIGH,reidin
Golden Mile,10402,2,1797.57,2024-11-14,,4,,HIGH,reidin
Al Msalli,P070,,2074.96,2024-11-14,,G,,HIGH,reidin
Al Hallawi,304,1,1140.97,2024-11-14,,3,,HIGH,reidin
Al Fahad,PJFRL057,4,5000.05,2024-11-13,,nan,,HIGH,reidin
Al Mashraba,311,2,1948.27,2024-11-13,,3,,HIGH,reidin
Kempinski Residences,305,2,1776.04,2024-11-13,,3,,HIGH,reidin
Club Vista Mare,110,0,606.87,2024-11-13,,1,,HIGH,reidin
Al Basri,PJFRD117,4,5000.05,2024-11-13,,nan,,HIGH,reidin
Golden Mile,GM2B8FB20,,722.8,2024-11-13,,B1,,HIGH,reidin
Tiara Residences,806,2,1677.02,2024-11-13,,8,,HIGH,reidin
Al Hatmi,511,3,2217.36,2024-11-13,,5,,HIGH,reidin
The Fairmont Palm Residences,5V050,5,3428.3,2024-11-13,,nan,,HIGH,reidin
The Fairmont Palm Residences,905,1,1320.52,2024-11-13,,9,,HIGH,reidin
Oceana,1002,3,2279.9,2024-11-13,,11,,HIGH,reidin
Oceana,204,1,1338.17,2024-11-13,,3,,HIGH,reidin
Balqis Residences,702,2,1978.94,2024-11-13,,7,,HIGH,reidin
Palm Tower,2219,1,1109.22,2024-11-13,,22,,HIGH,reidin
Al Anbara,312,2,1593.06,2024-11-13,,3,,HIGH,reidin
Kempinski Residences,422,2,1765.28,2024-11-12,,4,,HIGH,reidin
The Fairmont Palm Residences,B107,3,5198.96,2024-11-12,,B1,,HIGH,reidin
Club Vista Mare,109,0,606.87,2024-11-12,,1,,HIGH,reidin
Golden Mile,4703,,4676.91,2024-11-12,,7,,HIGH,reidin
Oceana,1003,1,1338.17,2024-11-12,,11,,HIGH,reidin
Tiara Residences,RB01,,3210.23,2024-11-12,,B1,,HIGH,reidin
Al Fahad,PJFRL113,4,9504.52,2024-11-12,,nan,,HIGH,reidin
The Fairmont Palm Residences,5V078,5,3799.66,2024-11-12,,nan,,HIGH,reidin
Tiara Residences,201,2,1677.02,2024-11-12,,2,,HIGH,reidin
Al Nabat,601,2,1582.29,2024-11-12,,6,,HIGH,reidin
Seven Palm,816,1,675.65,2024-11-12,,8,,HIGH,reidin
Tiara Residences,903,1,1302.43,2024-11-12,,9,,HIGH,reidin
The 8,20608,2,1313.2,2024-11-12,,6,,HIGH,reidin
Al Mashraba,202,2,2045.14,2024-11-12,,2,,HIGH,reidin
Al Das,405,4,1550.76,2024-11-12,,4,,HIGH,reidin
Al Murjan,108,2,2045.14,2024-11-11,,1,,HIGH,reidin
Balqis Residences,803,3,2484.74,2024-11-11,,8,,HIGH,reidin
The Fairmont Palm Residences,5V083,5,3880.39,2024-11-11,,nan,,HIGH,reidin
The Fairmont Palm Residences,122,2,2034.38,2024-11-11,,1,,HIGH,reidin
Marina Residences,C106,1,1115.57,2024-11-11,,1,,HIGH,reidin
Al Khayali,602,2,1735.25,2024-11-11,,6,,HIGH,reidin
The Fairmont Palm Residences,410,1,1550.0,2024-11-11,,4,,HIGH,reidin
Al Sahab,PJFRO019,4,5000.05,2024-11-11,,nan,,HIGH,reidin
Golden Mile,2104,1,1409.43,2024-11-11,,1,,HIGH,reidin
Al Malak,701,2,1872.92,2024-11-11,,7,,HIGH,reidin
Al Shamsi,408,1,1026.12,2024-11-09,,4,,HIGH,reidin
Al Hamri,601,2,1582.29,2024-11-09,,6,,HIGH,reidin
Al Basri,PJFRD044,4,5000.05,2024-11-09,,nan,,HIGH,reidin
Al Nabat,411,3,2215.0,2024-11-08,,4,,HIGH,reidin
Al Mashraba,1005,3,2529.52,2024-11-08,,10,,HIGH,reidin
Golden Mile,3610,2,1794.34,2024-11-08,,6,,HIGH,reidin
Tiara Residences,904,1,1291.67,2024-11-08,,9,,HIGH,reidin
Golden Mile,6404,1,1306.63,2024-11-08,,4,,HIGH,reidin
Golden Mile,2404,1,1302.43,2024-11-08,,4,,HIGH,reidin
The Fairmont Palm Residences,HEALTHCLUB,,19495.9,2024-11-08,,B1,,HIGH,reidin
Golden Mile,FB0303A,,974.78,2024-11-08,,B1,,HIGH,reidin
Oceana,603,1,1334.72,2024-11-08,,7,,HIGH,reidin
Al Msalli,605,2,1550.0,2024-11-08,,6,,HIGH,reidin
Golden Mile,4201,1,1302.43,2024-11-07,,2,,HIGH,reidin
Tiara Residences,G07,1,1332.03,2024-11-07,,G,,HIGH,reidin
Al Anbara,806,2,1993.69,2024-11-07,,8,,HIGH,reidin
Golden Mile,G103,3,3702.78,2024-11-07,,G,,HIGH,reidin
Al Hamri,502,3,2238.89,2024-11-07,,5,,HIGH,reidin
Oceana,902,3,2281.95,2024-11-07,,10,,HIGH,reidin
Al Khayali,1009,2,1776.04,2024-11-07,,10,,HIGH,reidin
Balqis Residences,302,3,2368.06,2024-11-07,,3,,HIGH,reidin
Kempinski Residences,208,2,1743.75,2024-11-07,,2,,HIGH,reidin
Al Hallawi,103,3,2241.69,2024-11-07,,1,,HIGH,reidin
Jash Falqa,810,3,2131.25,2024-11-07,,8,,HIGH,reidin
Al Msalli,P016,,1715.44,2024-11-07,,G,,HIGH,reidin
Al Msalli,P015,,1715.34,2024-11-07,,G,,HIGH,reidin
Seven Palm,40206,2,1743.75,2024-11-07,,2,,HIGH,reidin
Al Das,805,4,1550.76,2024-11-07,,8,,HIGH,reidin
The Fairmont Palm Residences,205,1,1506.95,2024-11-07,,2,,HIGH,reidin
Al Malak,1101,2,2019.09,2024-11-06,,11,,HIGH,reidin
The Fairmont Palm Residences,715,2,1727.61,2024-11-06,,7,,HIGH,reidin
Tiara Residences,702,3,2389.59,2024-11-06,,7,,HIGH,reidin
Balqis Residences,914,3,2368.06,2024-11-06,,9,,HIGH,reidin
Kempinski Residences,231,2,3046.18,2024-11-06,,2,,HIGH,reidin
Marina Residences,506,1,1140.97,2024-11-06,,5,,HIGH,reidin
Oceana,301,2,1709.2,2024-11-06,,4,,HIGH,reidin
The Fairmont Palm Residences,103,3,2777.09,2024-11-06,,1,,HIGH,reidin
Golden Mile,6202,2,1799.08,2024-11-06,,2,,HIGH,reidin
Golden Mile,7205,2,1808.34,2024-11-06,,2,,HIGH,reidin
Golden Mile,7610,2,1797.57,2024-11-06,,6,,HIGH,reidin
Oceana,1103,1,1334.72,2024-11-06,,12,,HIGH,reidin
Golden Mile,5107,2,1939.44,2024-11-06,,1,,HIGH,reidin
Oceana,206,2,1709.2,2024-11-06,,3,,HIGH,reidin
Marina Residences,CG07,1,1117.62,2024-11-06,,G,,HIGH,reidin
Al Khushkar,501,2,1589.07,2024-11-06,,5,,HIGH,reidin
Al Fahad,PJFRL024,6,6999.98,2024-11-06,,nan,,HIGH,reidin
Azizi Mina,617,1,914.93,2024-11-05,,6,,HIGH,reidin
Tiara Residences,PENTHOUSE2,4,5216.94,2024-11-05,,PH,,HIGH,reidin
The Fairmont Palm Residences,504,1,1334.72,2024-11-05,,5,,HIGH,reidin
Marina Residences,203,1,1142.7,2024-11-05,,2,,HIGH,reidin
The 8,G01,,2777.09,2024-11-05,,G,,HIGH,reidin
Al Hamri,802,3,2185.07,2024-11-05,,8,,HIGH,reidin
Palm Tower,3319,1,1119.45,2024-11-05,,33,,HIGH,reidin
The 8,18,4,2116.18,2024-11-05,,G,,HIGH,reidin
Palm Tower,3611,1,1140.97,2024-11-05,,36,,HIGH,reidin
Al Sultana,610,3,2163.54,2024-11-05,,6,,HIGH,reidin
The Fairmont Palm Residences,117,4,3589.55,2024-11-05,,1,,HIGH,reidin
Seven Palm,40903,2,1948.27,2024-11-05,,9,,HIGH,reidin
Al Khayali,1010,2,1776.04,2024-11-05,,10,,HIGH,reidin
Marina Residences,C206,1,1109.11,2024-11-05,,2,,HIGH,reidin
Kempinski Residences,236,2,1980.02,2024-11-05,,2,,HIGH,reidin
Al Seef,PJFRM058,4,5000.05,2024-11-05,,nan,,HIGH,reidin
Golden Mile,FB04,,2076.57,2024-11-05,,B1,,HIGH,reidin
Golden Mile,5403,2,1797.57,2024-11-05,,4,,HIGH,reidin
Al Sultana,307,2,1991.32,2024-11-05,,3,,HIGH,reidin
Al Basri,911,3,2181.52,2024-11-05,,9,,HIGH,reidin
Al Khushkar,1012,2,1593.06,2024-11-05,,10,,HIGH,reidin
Golden Mile,7706,3,4439.14,2024-11-05,,7,,HIGH,reidin
Balqis Residences,415,2,2002.09,2024-11-04,,4,,HIGH,reidin
Palm Tower,2103,0,527.43,2024-11-04,,21,,HIGH,reidin
The Fairmont Palm Residences,910,1,1549.79,2024-11-04,,9,,HIGH,reidin
Seven Palm,407,1,805.25,2024-11-04,,4,,HIGH,reidin
Oceana,306,2,1711.46,2024-11-04,,4,,HIGH,reidin
Marina Residences,C101,1,1097.92,2024-11-04,,1,,HIGH,reidin
Oceana,501,2,1709.2,2024-11-04,,6,,HIGH,reidin
Palm Tower,3314,0,528.72,2024-11-04,,33,,HIGH,reidin
Golden Mile,GM2B8RT26C,,278.57,2024-11-04,,B1,,HIGH,reidin
Golden Mile,6701,,4881.86,2024-11-04,,7,,HIGH,reidin
Tiara Residences,506,2,1679.17,2024-11-04,,5,,HIGH,reidin
Seven Palm,41408,1,1076.39,2024-11-04,,14,,HIGH,reidin
Al Habool,909,1,1140.97,2024-11-03,,9,,HIGH,reidin
Al Khayali,1110,2,1776.04,2024-11-03,,11,,HIGH,reidin
Marina Residences,403,1,1140.97,2024-11-03,,4,,HIGH,reidin
The Fairmont Palm Residences,507,1,1280.9,2024-11-03,,5,,HIGH,reidin
Al Shamsi,429,3,2194.87,2024-11-02,,4,,HIGH,reidin
Al Sultana,201,2,1585.85,2024-11-02,,2,,HIGH,reidin
Al Shamsi,421,1,1140.44,2024-11-02,,4,,HIGH,reidin
Oceana,G04,1,1882.61,2024-11-02,,G,,HIGH,reidin
Al Shamsi,404,2,1568.19,2024-11-02,,4,,HIGH,reidin
Al Msalli,709,1,1145.39,2024-11-02,,7,,HIGH,reidin
Al Hatmi,1010,3,2143.52,2024-11-01,,LP,,HIGH,reidin
The Fairmont Palm Residences,411,3,2174.74,2024-11-01,,4,,HIGH,reidin
Tiara Residences,PENTHOUSE1,4,5249.02,2024-11-01,,PH,,HIGH,reidin
Al Fahad,PJFRA035,4,5000.05,2024-11-01,,nan,,HIGH,reidin
Al Nabat,501,2,1587.03,2024-11-01,,5,,HIGH,reidin
Palm Tower,2313,1,1058.41,2024-11-01,,23,,HIGH,reidin
Jash Hamad,PH12,3,4962.16,2024-11-01,,9,,HIGH,reidin
Al Nabat,309,1,1136.99,2024-11-01,,3,,HIGH,reidin
Al Das,PH01,,1589.07,2024-11-01,,9,,HIGH,reidin
Oceana,102,3,2281.95,2024-11-01,,2,,HIGH,reidin
Seven Palm,136,1,796.53,2024-11-01,,1,,HIGH,reidin
Al Hamri,304,1,1140.97,2024-11-01,,3,,HIGH,reidin
Tiara Residences,106,2,1679.17,2024-11-01,,1,,HIGH,reidin
The Fairmont Palm Residences,709,1,1291.67,2024-11-01,,7,,HIGH,reidin
Al Mashraba,1001,2,1870.01,2024-11-01,,10,,HIGH,reidin
Club Vista Mare,111,0,606.87,2024-11-01,,1,,HIGH,reidin
Golden Mile,RT08C,,306.45,2024-10-31,,B1,,HIGH,reidin
Al Shamsi,324,1,1059.49,2024-10-31,,3,,HIGH,reidin
Al Shamsi,333,1,1026.01,2024-10-31,,3,,HIGH,reidin
Al Shamsi,325,1,1059.17,2024-10-31,,3,,HIGH,reidin
Kempinski Residences,415,2,1743.75,2024-10-31,,4,,HIGH,reidin
Marina Residences,713,1,1140.97,2024-10-31,,7,,HIGH,reidin
Al Msalli,P01920,,3179.44,2024-10-31,,G,,HIGH,reidin
Al Hatmi,501,2,1582.29,2024-10-31,,5,,HIGH,reidin
Marina Residences,A109,1,1120.09,2024-10-31,,1,,HIGH,reidin
Royal Atlantis,506,2,2486.46,2024-10-31,,5,,HIGH,reidin
Al Shamsi,337,2,1561.41,2024-10-31,,3,,HIGH,reidin
Golden Mile,3204,1,1302.43,2024-10-31,,2,,HIGH,reidin
Marina Residences,114,1,1386.5,2024-10-31,,1,,HIGH,reidin
Seven Palm,R07,,2325.0,2024-10-31,,G,,HIGH,reidin
Al Msalli,P020A,,999.97,2024-10-31,,G,,HIGH,reidin
Palm Tower,3018,1,1065.63,2024-10-31,,30,,HIGH,reidin
The Fairmont Palm Residences,B101,3,5532.64,2024-10-31,,B1,,HIGH,reidin
Golden Mile,5307,2,1883.68,2024-10-30,,3,,HIGH,reidin
Oceana,D06,2,1700.7,2024-10-30,,1,,HIGH,reidin
The Fairmont Palm Residences,5V036,5,3417.54,2024-10-30,,nan,,HIGH,reidin
Golden Mile,GM2B9RT39,,782.75,2024-10-30,,G,,HIGH,reidin
Golden Mile,4402,2,1797.57,2024-10-30,,4,,HIGH,reidin
Oceana,406,2,1700.7,2024-10-30,,5,,HIGH,reidin
Palm Tower,PWBB3FB2,,2124.47,2024-10-30,,G,,HIGH,reidin
Al Khushkar,705,2,1550.0,2024-10-30,,7,,HIGH,reidin
Al Nabat,509,1,1136.99,2024-10-30,,5,,HIGH,reidin
Oceana,702,3,2281.95,2024-10-30,,8,,HIGH,reidin
Seven Palm,1025,0,344.44,2024-10-30,,10,,HIGH,reidin
Al Khayali,1001,2,1872.92,2024-10-30,,10,,HIGH,reidin
Al Shamsi,306,1,1030.97,2024-10-30,,3,,HIGH,reidin
Al Shamsi,131,3,2171.94,2024-10-30,,1,,HIGH,reidin
Tiara Residences,402,3,2264.94,2024-10-30,,4,,HIGH,reidin
Al Basri,PJFRD027,4,5000.05,2024-10-30,,nan,,HIGH,reidin
Al Basri,PJFRD010,4,5000.05,2024-10-30,,nan,,HIGH,reidin
Al Das,212,4,1585.85,2024-10-30,,2,,HIGH,reidin
Al Das,105,4,1550.76,2024-10-30,,1,,HIGH,reidin
Oceana,704,1,1334.72,2024-10-30,,8,,HIGH,reidin
Jash Falqa,408,2,1550.0,2024-10-30,,4,,HIGH,reidin
Palm Tower,PWBB3FB1,,2124.47,2024-10-30,,G,,HIGH,reidin
Al Shamsi,305,1,1023.65,2024-10-30,,3,,HIGH,reidin
Jash Falqa,603,3,2163.54,2024-10-30,,6,,HIGH,reidin
Al Ramth,1307,3,2529.52,2024-10-30,,13,,HIGH,reidin
Golden Mile,1110,2,2604.86,2024-10-30,,1,,HIGH,reidin
Al Ramth,1310,2,1776.04,2024-10-30,,13,,HIGH,reidin
Al Nabat,805,3,2443.41,2024-10-29,,8,,HIGH,reidin
Al Sultana,812,2,1563.35,2024-10-29,,8,,HIGH,reidin
Jash Falqa,J2,1,744.0,2024-10-29,,1,,HIGH,reidin
Azizi Mina,302,1,1001.04,2024-10-29,,3,,HIGH,reidin
Tiara Residences,604,1,1291.67,2024-10-29,,6,,HIGH,reidin
Jash Hamad,902,3,2185.07,2024-10-29,,9,,HIGH,reidin
Al Basri,412,2,1582.29,2024-10-29,,4,,HIGH,reidin
Al Shirawi,401,2,1585.85,2024-10-29,,4,,HIGH,reidin
Al Mashraba,1308,2,1743.75,2024-10-29,,13,,HIGH,reidin
The Fairmont Palm Residences,214,2,2052.03,2024-10-29,,2,,HIGH,reidin
Al Basri,PJFRD025,4,5000.05,2024-10-29,,nan,,HIGH,reidin
Tiara Residences,802,3,2264.94,2024-10-29,,8,,HIGH,reidin
Al Msalli,E043,,1694.02,2024-10-29,,2,,HIGH,reidin
Al Seef,PJFRM044,5,5460.96,2024-10-29,,nan,,HIGH,reidin
Al Khushkar,912,2,1593.06,2024-10-28,,9,,HIGH,reidin
Golden Mile,8608,3,3358.77,2024-10-28,,6,,HIGH,reidin
Al Basri,PJFRD008,5,5460.96,2024-10-28,,nan,,HIGH,reidin
Golden Mile,8609,2,1786.81,2024-10-28,,6,,HIGH,reidin
Oceana,106,2,1709.2,2024-10-28,,2,,HIGH,reidin
Marina Residences,1004,1,1140.97,2024-10-28,,10,,HIGH,reidin
Jash Hamad,607,2,1991.32,2024-10-28,,6,,HIGH,reidin
Palm Tower,1913,1,1054.86,2024-10-28,,19,,HIGH,reidin
Golden Mile,7607,2,1888.63,2024-10-28,,6,,HIGH,reidin
Balqis Residences,306,2,2409.07,2024-10-28,,3,,HIGH,reidin
Al Das,111,3,2557.93,2024-10-28,,1,,HIGH,reidin
Azizi Mina,116,1,3218.41,2024-10-28,,1,,HIGH,reidin
Royal Atlantis,809,2,1424.17,2024-10-28,,8,,HIGH,reidin
Tiara Residences,1001,2,1677.02,2024-10-28,,10,,HIGH,reidin
The Fairmont Palm Residences,4V088,4,3100.0,2024-10-28,,nan,,HIGH,reidin
Tiara Residences,202,3,2264.94,2024-10-28,,2,,HIGH,reidin
Al Anbara,708,2,1550.0,2024-10-28,,7,,HIGH,reidin
Seven Palm,30407,2,1646.88,2024-10-28,,4,,HIGH,reidin
Golden Mile,5503,2,1797.57,2024-10-28,,5,,HIGH,reidin
Oceana,703,1,1338.17,2024-10-27,,8,,HIGH,reidin
Golden Mile,9409,2,1786.81,2024-10-25,,4,,HIGH,reidin
Al Sahab,202,4,6134.88,2024-10-25,,2,,HIGH,reidin
Al Hamri,307,2,2002.09,2024-10-25,,3,,HIGH,reidin
Al Ghaf,PJFRC096,5,5343.95,2024-10-25,,nan,,HIGH,reidin
Tiara Residences,1204,1,1291.67,2024-10-25,,12,,HIGH,reidin
Golden Mile,9107,2,1883.68,2024-10-25,,1,,HIGH,reidin
The Fairmont Palm Residences,613,3,3218.41,2024-10-25,,6,,HIGH,reidin
Balqis Residences,604,3,2368.06,2024-10-25,,6,,HIGH,reidin
The Fairmont Palm Residences,105,1,1506.95,2024-10-25,,1,,HIGH,reidin
Al Murjan,810,2,1732.99,2024-10-25,,8,,HIGH,reidin
The Fairmont Palm Residences,907,1,1291.67,2024-10-25,,9,,HIGH,reidin
Kempinski Residences,503,2,1770.02,2024-10-24,,5,,HIGH,reidin
Al Msalli,F004B,,2474.08,2024-10-24,,1,,HIGH,reidin
Al Khayali,PJFRC085,6,6999.98,2024-10-24,,nan,,HIGH,reidin
Al Ramth,103,2,2045.03,2024-10-24,,1,,HIGH,reidin
The Fairmont Palm Residences,807,1,1291.67,2024-10-24,,8,,HIGH,reidin
Oceana,402,3,2281.95,2024-10-24,,5,,HIGH,reidin
Al Nabat,206,2,1997.03,2024-10-24,,2,,HIGH,reidin
Oceana,404,1,1334.72,2024-10-24,,5,,HIGH,reidin
Jash Falqa,709,1,1140.97,2024-10-23,,7,,HIGH,reidin
Al Fahad,PJFRA016,4,5000.05,2024-10-23,,nan,,HIGH,reidin
Balqis Residences,206,4,8036.76,2024-10-23,,2,,HIGH,reidin
Al Hallawi,404,1,1140.97,2024-10-23,,4,,HIGH,reidin
Al Nabat,701,2,1870.01,2024-10-23,,7,,HIGH,reidin
Palm Tower,4310,1,1114.28,2024-10-23,,43,,HIGH,reidin
Marina Residences,207,1,1140.97,2024-10-23,,2,,HIGH,reidin
Al Shirawi,409,1,1140.97,2024-10-23,,4,,HIGH,reidin
Al Basri,1106,2,1993.8,2024-10-23,,11,,HIGH,reidin
Balqis Residences,615,2,1926.74,2024-10-23,,6,,HIGH,reidin
The Fairmont Palm Residences,107,1,1445.59,2024-10-23,,1,,HIGH,reidin
The Fairmont Palm Residences,114,2,2163.54,2024-10-23,,1,,HIGH,reidin
Al Murjan,1210,2,1776.04,2024-10-23,,12,,HIGH,reidin
Palm Tower,1909,1,1097.92,2024-10-23,,19,,HIGH,reidin
Jash Falqa,110,2,1593.06,2024-10-23,,1,,HIGH,reidin
Tiara Residences,404,1,1298.99,2024-10-23,,4,,HIGH,reidin
The Fairmont Palm Residences,827,2,1759.47,2024-10-23,,8,,HIGH,reidin
Golden Mile,OF24,,1660.87,2024-10-23,,MEZ,,HIGH,reidin
Club Vista Mare,122,0,606.87,2024-10-23,,1,,HIGH,reidin
Golden Mile,2304,1,1302.43,2024-10-22,,3,,HIGH,reidin
Al Khushkar,910,3,2142.02,2024-10-22,,9,,HIGH,reidin
The Fairmont Palm Residences,5V040,5,3379.86,2024-10-22,,nan,,HIGH,reidin
Royal Atlantis,310,1,1108.68,2024-10-22,,3,,HIGH,reidin
Al Nabat,PJFRN062B,6,7441.95,2024-10-22,,nan,,HIGH,reidin
Al Msalli,P042,,881.03,2024-10-22,,G,,HIGH,reidin
Al Msalli,B1026,,2815.94,2024-10-22,,LG,,HIGH,reidin
Palm Tower,2108,0,516.67,2024-10-22,,21,,HIGH,reidin
Palm Tower,3715,1,1054.86,2024-10-22,,37,,HIGH,reidin
Palm Tower,3901,1,1033.33,2024-10-22,,39,,HIGH,reidin
Royal Atlantis,604,1,821.39,2024-10-22,,6,,HIGH,reidin
Al Khushkar,509,1,1144.63,2024-10-22,,5,,HIGH,reidin
Oceana,1001,2,1709.2,2024-10-22,,11,,HIGH,reidin
Al Das,309,2,1144.63,2024-10-22,,3,,HIGH,reidin
The Fairmont Palm Residences,702,4,5973.96,2024-10-22,,7,,HIGH,reidin
The Fairmont Palm Residences,116,2,2077.43,2024-10-22,,1,,HIGH,reidin
Al Das,312,4,1585.85,2024-10-21,,3,,HIGH,reidin
Golden Mile,8601,1,1302.43,2024-10-21,,6,,HIGH,reidin
Jash Falqa,609,1,1140.97,2024-10-21,,6,,HIGH,reidin
Serenia Residences,A404,1,1040.44,2024-10-21,,4,,HIGH,reidin
Al Khayali,504,2,1743.75,2024-10-21,,5,,HIGH,reidin
Royal Atlantis,508,2,1485.42,2024-10-21,,5,,HIGH,reidin
Al Ghaf,PJFRB055,4,6000.01,2024-10-21,,nan,,HIGH,reidin
Golden Mile,4504,1,1302.43,2024-10-21,,5,,HIGH,reidin
Al Das,305,4,1550.76,2024-10-21,,3,,HIGH,reidin
Al Hallawi,709,1,1140.97,2024-10-21,,7,,HIGH,reidin
Al Ramth,703,2,1734.93,2024-10-21,,7,,HIGH,reidin
Palm Tower,1919,1,1097.92,2024-10-21,,19,,HIGH,reidin
Al Basri,PJFRD087,4,6000.01,2024-10-21,,nan,,HIGH,reidin
Oceana,1206,2,1709.2,2024-10-21,,13,,HIGH,reidin
Al Msalli,E085,,2845.65,2024-10-21,,2,,HIGH,reidin
Balqis Residences,308,2,2088.2,2024-10-21,,3,,HIGH,reidin
The Fairmont Palm Residences,P305,,4976.37,2024-10-21,,10,,HIGH,reidin
Tiara Residences,V09,4,11662.58,2024-10-21,,nan,,HIGH,reidin
Al Msalli,G05,,929.03,2024-10-21,,G,,HIGH,reidin
Al Ramth,1210,2,1776.04,2024-10-21,,12,,HIGH,reidin
Al Ramth,601,2,1872.92,2024-10-21,,6,,HIGH,reidin
Balqis Residences,606,2,1956.77,2024-10-21,,6,,HIGH,reidin
Serenia Residences,A301,1,936.46,2024-10-21,,3,,HIGH,reidin
Golden Mile,10411,2,1797.57,2024-10-21,,4,,HIGH,reidin
Golden Mile,9611,2,1794.45,2024-10-21,,6,,HIGH,reidin
Seven Palm,1313,1,710.42,2024-10-20,,13,,HIGH,reidin
Marina Residences,417,2,2012.85,2024-10-20,,4,,HIGH,reidin
The Fairmont Palm Residences,5V044,5,3379.86,2024-10-19,,nan,,HIGH,reidin
Palm Tower,1906,0,527.43,2024-10-18,,19,,HIGH,reidin
Tiara Residences,601,2,1677.02,2024-10-18,,6,,HIGH,reidin
Al Hatmi,1008,2,1550.0,2024-10-18,,LP,,HIGH,reidin
Oceana,203,1,1334.72,2024-10-18,,3,,HIGH,reidin
The 8,20314,1,925.7,2024-10-18,,3,,HIGH,reidin
Al Basri,909,1,1140.97,2024-10-18,,9,,HIGH,reidin
Golden Mile,6503,2,1799.62,2024-10-18,,5,,HIGH,reidin
Tiara Residences,G08,2,1905.21,2024-10-18,,G,,HIGH,reidin
Royal Atlantis,1705,3,3401.39,2024-10-18,,17,,HIGH,reidin
Oceana,505,3,2281.95,2024-10-18,,6,,HIGH,reidin
Tiara Residences,D03,1,1295.97,2024-10-18,,DCK,,HIGH,reidin
Golden Mile,4203,2,1797.57,2024-10-18,,2,,HIGH,reidin
Marina Residences,710,1,1140.97,2024-10-18,,7,,HIGH,reidin
Al Msalli,F003C,,932.05,2024-10-18,,1,,HIGH,reidin
Al Das,412,4,1585.85,2024-10-18,,4,,HIGH,reidin
Royal Atlantis,F&B01,,5694.1,2024-10-18,,G,,HIGH,reidin
Al Ghaf,PJFRC066,4,5000.05,2024-10-18,,nan,,HIGH,reidin
Al Habool,512,2,1582.29,2024-10-18,,5,,HIGH,reidin
Al Hallawi,712,2,1582.29,2024-10-18,,7,,HIGH,reidin
Palm Tower,3419,1,1108.68,2024-10-18,,34,,HIGH,reidin
Tiara Residences,G04,1,1722.22,2024-10-17,,G,,HIGH,reidin
Al Ghaf,PJFRB049,5,5001.77,2024-10-17,,nan,,HIGH,reidin
Al Malak,1309,2,1776.04,2024-10-17,,13,,HIGH,reidin
Al Sultana,203,3,2163.54,2024-10-17,,2,,HIGH,reidin
Golden Mile,10602,2,1797.57,2024-10-17,,6,,HIGH,reidin
Al Nabat,801,2,1872.92,2024-10-17,,8,,HIGH,reidin
Al Murjan,903,2,1734.93,2024-10-17,,9,,HIGH,reidin
Al Mashraba,302,2,2040.62,2024-10-17,,3,,HIGH,reidin
Al Ramth,610,2,1732.99,2024-10-17,,6,,HIGH,reidin
Al Khayali,705,3,2438.78,2024-10-17,,7,,HIGH,reidin
Palm Tower,2417,0,523.99,2024-10-17,,24,,HIGH,reidin
Oceana,904,1,1334.72,2024-10-17,,10,,HIGH,reidin
Marina Residences,A209,1,1117.51,2024-10-17,,2,,HIGH,reidin
The Fairmont Palm Residences,307,1,1356.25,2024-10-17,,3,,HIGH,reidin
Tiara Residences,104,1,1295.97,2024-10-17,,1,,HIGH,reidin
Al Msalli,F080A,,861.0,2024-10-17,,1,,HIGH,reidin
Al Sultana,908,2,1550.76,2024-10-16,,LP,,HIGH,reidin
Al Malak,PJFRE120,6,6999.98,2024-10-16,,nan,,HIGH,reidin
Golden Mile,1209,2,1787.78,2024-10-16,,2,,HIGH,reidin
The 8,8302,4,8874.94,2024-10-16,,3,,HIGH,reidin
Balqis Residences,911,3,2392.28,2024-10-16,,9,,HIGH,reidin
Al Fahad,PJFRA007,4,5000.05,2024-10-16,,nan,,HIGH,reidin
Al Msalli,G04,,1864.42,2024-10-16,,G,,HIGH,reidin
Al Nabat,1309,2,1777.98,2024-10-16,,13,,HIGH,reidin
Al Das,511,5,2218.12,2024-10-16,,5,,HIGH,reidin
Al Das,512,4,1589.07,2024-10-16,,5,,HIGH,reidin
Al Nabat,212,2,1590.04,2024-10-16,,2,,HIGH,reidin
Jash Falqa,804,1,1140.97,2024-10-16,,8,,HIGH,reidin
Royal Atlantis,106,1,850.13,2024-10-16,,1,,HIGH,reidin
Al Das,PH07,,1999.93,2024-10-16,,9,,HIGH,reidin
Al Msalli,B106,,438.41,2024-10-16,,B1,,HIGH,reidin
Al Msalli,B105,,356.61,2024-10-16,,B1,,HIGH,reidin
Azizi Mina,620,1,1111.05,2024-10-16,,6,,HIGH,reidin
Al Murjan,710,2,1732.99,2024-10-15,,7,,HIGH,reidin
Al Basri,608,2,1550.0,2024-10-15,,6,,HIGH,reidin
Seven Palm,41307,2,1646.88,2024-10-15,,13,,HIGH,reidin
Al Hamri,911,3,2185.07,2024-10-15,,9,,HIGH,reidin
The Fairmont Palm Residences,701,2,1920.5,2024-10-15,,7,,HIGH,reidin
Al Hamri,810,3,2152.78,2024-10-15,,8,,HIGH,reidin
Tiara Residences,203,1,1309.0,2024-10-15,,2,,HIGH,reidin
Al Khushkar,209,1,1140.97,2024-10-15,,2,,HIGH,reidin
Al Malak,710,2,1732.99,2024-10-15,,7,,HIGH,reidin
Tiara Residences,902,3,2271.18,2024-10-15,,9,,HIGH,reidin
Balqis Residences,902,4,3492.99,2024-10-15,,9,,HIGH,reidin
Marina Residences,104,1,1388.11,2024-10-15,,1,,HIGH,reidin
Palm Tower,2310,1,1108.68,2024-10-15,,23,,HIGH,reidin
Al Fahad,PJFRA030,4,5000.05,2024-10-15,,nan,,HIGH,reidin
Al Sultana,409,1,1140.97,2024-10-15,,4,,HIGH,reidin
Royal Atlantis,804,1,818.06,2024-10-15,,8,,HIGH,reidin
Palm Tower,2712,0,516.67,2024-10-15,,27,,HIGH,reidin
Oceana,302,3,2279.9,2024-10-15,,4,,HIGH,reidin
Palm Tower,2111,0,602.78,2024-10-15,,21,,HIGH,reidin
Marina Residences,107,1,1386.71,2024-10-15,,1,,HIGH,reidin
Al Murjan,109,2,2045.14,2024-10-15,,1,,HIGH,reidin
Golden Mile,8702,3,4359.38,2024-10-15,,7,,HIGH,reidin
Golden Mile,7705,3,3939.59,2024-10-15,,7,,HIGH,reidin
The Fairmont Palm Residences,306,1,1344.84,2024-10-14,,3,,HIGH,reidin
Golden Mile,2101,1,1303.83,2024-10-14,,1,,HIGH,reidin
Serenia Residences,C508,1,1109.11,2024-10-14,,5,,HIGH,reidin
Marina Residences,A201,1,1097.92,2024-10-14,,2,,HIGH,reidin
Seven Palm,1414,1,710.42,2024-10-14,,14,,HIGH,reidin
Seven Palm,914,1,710.42,2024-10-14,,9,,HIGH,reidin
Palm Tower,2113,1,1058.41,2024-10-14,,21,,HIGH,reidin
Al Basri,811,3,2185.07,2024-10-14,,8,,HIGH,reidin
Al Das,904,2,1144.63,2024-10-14,,9,,HIGH,reidin
Al Mashraba,LG01,2,1946.65,2024-10-14,,LG,,HIGH,reidin
The Fairmont Palm Residences,5V056,5,3417.54,2024-10-14,,nan,,HIGH,reidin
Al Nabat,G03,3,2238.89,2024-10-14,,G,,HIGH,reidin
The Fairmont Palm Residences,828,3,3382.02,2024-10-14,,8,,HIGH,reidin
Oceana,502,3,2279.9,2024-10-14,,6,,HIGH,reidin
Al Ramth,304,2,1857.74,2024-10-14,,3,,HIGH,reidin
Golden Mile,6411,2,1797.57,2024-10-13,,4,,HIGH,reidin
Golden Mile,1408,3,3326.05,2024-10-13,,4,,HIGH,reidin
Palm Tower,3318,1,1075.42,2024-10-12,,33,,HIGH,reidin
Golden Mile,9207,2,1883.68,2024-10-12,,2,,HIGH,reidin
Royal Atlantis,1902,3,3495.58,2024-10-12,,19,,HIGH,reidin
Palm Tower,1901,0,485.34,2024-10-12,,19,,HIGH,reidin
Al Ghaf,PJFRC013,4,5000.05,2024-10-12,,nan,,HIGH,reidin
Golden Mile,8103,2,2098.96,2024-10-11,,1,,HIGH,reidin
Al Basri,906,2,1991.32,2024-10-11,,9,,HIGH,reidin
Kempinski Residences,202,2,1754.52,2024-10-11,,2,,HIGH,reidin
Al Nabat,802,3,2181.95,2024-10-11,,8,,HIGH,reidin
Tiara Residences,205,3,2264.94,2024-10-11,,2,,HIGH,reidin
Al Das,501,4,1589.07,2024-10-11,,5,,HIGH,reidin
Jash Hamad,109,1,2228.13,2024-10-11,,1,,HIGH,reidin
Seven Palm,520,0,315.06,2024-10-11,,5,,HIGH,reidin
Tiara Residences,D01,2,1679.17,2024-10-11,,D,,HIGH,reidin
Seven Palm,235,1,678.13,2024-10-11,,2,,HIGH,reidin
Al Msalli,P012A,,493.96,2024-10-11,,G,,HIGH,reidin
The Fairmont Palm Residences,118,3,4391.67,2024-10-11,,1,,HIGH,reidin
Palm Tower,2309,1,1108.68,2024-10-11,,23,,HIGH,reidin
The 8,10408,2,1334.72,2024-10-11,,4,,HIGH,reidin
The 8,10213,3,4327.09,2024-10-10,,2,,HIGH,reidin
Al Khushkar,1204,1,1140.97,2024-10-10,,LP,,HIGH,reidin
The Fairmont Palm Residences,104,1,1528.47,2024-10-10,,1,,HIGH,reidin
Al Shamsi,321,1,1140.54,2024-10-10,,3,,HIGH,reidin
Al Ghaf,PJFRC045,5,5343.95,2024-10-10,,nan,,HIGH,reidin
Al Murjan,305,3,2439.64,2024-10-10,,3,,HIGH,reidin
Al Khushkar,1104,1,1140.97,2024-10-10,,11,,HIGH,reidin
Al Ramth,TH07,2,4097.49,2024-10-10,,LG,,HIGH,reidin
Al Hamri,705,2,1550.76,2024-10-10,,7,,HIGH,reidin
Golden Mile,4605,2,1808.34,2024-10-10,,6,,HIGH,reidin
Al Fahad,PJFRL012,5,5343.95,2024-10-10,,nan,,HIGH,reidin
Al Ramth,1010,2,1776.04,2024-10-10,,10,,HIGH,reidin
Seven Palm,30606,2,1743.75,2024-10-10,,6,,HIGH,reidin
Al Sultana,612,2,1563.35,2024-10-10,,6,,HIGH,reidin
Al Khushkar,406,2,2002.09,2024-10-10,,4,,HIGH,reidin
The Fairmont Palm Residences,718,3,4068.75,2024-10-10,,7,,HIGH,reidin
Golden Mile,8204,1,1306.63,2024-10-09,,2,,HIGH,reidin
Golden Mile,8211,2,1797.57,2024-10-09,,2,,HIGH,reidin
Al Nabat,901,2,1872.92,2024-10-09,,9,,HIGH,reidin
Al Shamsi,207,1,1025.91,2024-10-09,,2,,HIGH,reidin
Al Malak,PJFRE024,4,6000.01,2024-10-09,,nan,,HIGH,reidin
Al Malak,PJFRE056,5,5460.96,2024-10-09,,nan,,HIGH,reidin
Al Msalli,PH06,4,5242.02,2024-10-09,,LP,,HIGH,reidin
Al Msalli,F025,,2235.98,2024-10-09,,1,,HIGH,reidin
Tiara Residences,P02,2,2389.59,2024-10-09,,P1,,HIGH,reidin
Al Shirawi,412,2,1585.85,2024-10-09,,4,,HIGH,reidin
Azizi Mina,711,2,1345.49,2024-10-09,,7,,HIGH,reidin
Golden Mile,5406,1,1291.67,2024-10-09,,4,,HIGH,reidin
Al Msalli,F023,,2940.59,2024-10-09,,1,,HIGH,reidin
Marina Residences,914,1,1142.8,2024-10-09,,9,,HIGH,reidin
The Fairmont Palm Residences,522,2,1722.22,2024-10-09,,5,,HIGH,reidin
Royal Atlantis,811,2,1399.31,2024-10-09,,8,,HIGH,reidin
Al Fahad,PJFRA029,5,5343.95,2024-10-09,,nan,,HIGH,reidin
Al Hatmi,710,3,2158.92,2024-10-09,,7,,HIGH,reidin
Al Msalli,F024,,2235.02,2024-10-09,,1,,HIGH,reidin
Golden Mile,GM2B10AN01,,40725.43,2024-10-09,,G,,HIGH,reidin
Al Msalli,F084A,,1395.97,2024-10-09,,1,,HIGH,reidin
Al Seef,PJFRM123,4,6000.01,2024-10-08,,nan,,HIGH,reidin
Al Shamsi,327,1,1139.57,2024-10-08,,3,,HIGH,reidin
Golden Mile,7310,2,1797.57,2024-10-08,,3,,HIGH,reidin
Al Shamsi,202,2,1517.93,2024-10-08,,2,,HIGH,reidin
Al Nabat,PJFRN077A,5,4999.94,2024-10-08,,nan,,HIGH,reidin
The Fairmont Palm Residences,R9,,180.94,2024-10-08,,G,,HIGH,reidin
Al Fahad,PJFRA021,5,6999.98,2024-10-08,,nan,,HIGH,reidin
Al Shamsi,210,1,1025.91,2024-10-08,,2,,HIGH,reidin
Al Msalli,B1019A,,475.01,2024-10-08,,LG,,HIGH,reidin
Al Malak,404,2,1862.15,2024-10-08,,4,,HIGH,reidin
Oceana,201,2,1709.2,2024-10-08,,3,,HIGH,reidin
Al Shamsi,225,1,1188.33,2024-10-08,,2,,HIGH,reidin
Al Msalli,R012,,7023.01,2024-10-08,,R,,HIGH,reidin
Al Sultana,PJFRP025,6,6999.98,2024-10-08,,nan,,HIGH,reidin
Palm Tower,4003,0,527.43,2024-10-08,,40,,HIGH,reidin
Al Shirawi,509,1,1140.97,2024-10-07,,5,,HIGH,reidin
Seven Palm,704,1,839.58,2024-10-07,,7,,HIGH,reidin
Al Nabat,1206,3,4057.99,2024-10-07,,12,,HIGH,reidin
Al Murjan,1111,2,2023.61,2024-10-07,,11,,HIGH,reidin
The 8,20312,2,1323.96,2024-10-07,,3,,HIGH,reidin
Tiara Residences,G05,1,1716.95,2024-10-07,,G,,HIGH,reidin
Seven Palm,1425,0,352.19,2024-10-07,,14,,HIGH,reidin
Azizi Mina,618,1,925.7,2024-10-07,,6,,HIGH,reidin
Al Shirawi,909,1,1144.63,2024-10-07,,9,,HIGH,reidin
Tiara Residences,505,3,2264.94,2024-10-07,,5,,HIGH,reidin
The 8,10608,2,1550.0,2024-10-07,,6,,HIGH,reidin
Palm Tower,2904,0,527.43,2024-10-07,,29,,HIGH,reidin
Golden Mile,5512,3,2421.88,2024-10-07,,5,,HIGH,reidin
Al Anbara,908,2,1550.0,2024-10-07,,9,,HIGH,reidin
Al Sultana,703,3,2131.25,2024-10-07,,7,,HIGH,reidin
Tiara Residences,101,2,1677.02,2024-10-07,,1,,HIGH,reidin
Al Shirawi,1102,3,2185.07,2024-10-06,,LP,,HIGH,reidin
Al Basri,J1,1,720.21,2024-10-05,,1,,HIGH,reidin
Al Basri,1003,3,2131.25,2024-10-05,,10,,HIGH,reidin
Al Fahad,PJFRA036,6,6999.98,2024-10-04,,nan,,HIGH,reidin
The 8,20111,2,1324.5,2024-10-04,,1,,HIGH,reidin
Marina Residences,415,1,1140.97,2024-10-04,,4,,HIGH,reidin
Al Sahab,PJFRO021,4,5000.05,2024-10-04,,nan,,HIGH,reidin
Al Msalli,P014B,,1181.98,2024-10-04,,G,,HIGH,reidin
Al Msalli,P014A,,830.97,2024-10-04,,G,,HIGH,reidin
Tiara Residences,306,2,1677.02,2024-10-04,,3,,HIGH,reidin
Al Nabat,G11,3,2228.13,2024-10-04,,G,,HIGH,reidin
Al Seef,PJFRM008,5,6999.98,2024-10-04,,nan,,HIGH,reidin
Al Malak,1308,2,1743.75,2024-10-04,,13,,HIGH,reidin
Oceana,1006,2,1711.46,2024-10-04,,11,,HIGH,reidin
Oceana,802,3,2281.95,2024-10-04,,9,,HIGH,reidin
Al Anbara,901,2,1582.29,2024-10-03,,9,,HIGH,reidin
Oceana,PR03,2,2443.73,2024-10-03,,B1,,HIGH,reidin
Oceana,205,3,2443.41,2024-10-03,,3,,HIGH,reidin
Al Das,506,4,2018.55,2024-10-03,,5,,HIGH,reidin
Al Basri,PJFRD111,6,6999.98,2024-10-03,,nan,,HIGH,reidin
Seven Palm,149,1,742.71,2024-10-03,,1,,HIGH,reidin
Al Khushkar,106,2,1550.0,2024-10-03,,1,,HIGH,reidin
Al Khayali,903,2,1732.99,2024-10-03,,9,,HIGH,reidin
Balqis Residences,901,2,2008.97,2024-10-03,,9,,HIGH,reidin
Al Habool,803,3,2142.02,2024-10-03,,8,,HIGH,reidin
Golden Mile,2307,2,1883.68,2024-10-02,,3,,HIGH,reidin
Al Das,302,5,2218.12,2024-10-02,,3,,HIGH,reidin
Al Das,110,4,1602.96,2024-10-02,,1,,HIGH,reidin
Palm Tower,2013,1,1054.86,2024-10-02,,20,,HIGH,reidin
Al Sahab,PJFRO060,4,5000.05,2024-10-02,,nan,,HIGH,reidin
Al Khayali,305,3,2439.64,2024-10-02,,3,,HIGH,reidin
Golden Mile,5302,2,1797.57,2024-10-02,,3,,HIGH,reidin
The 8,10109,2,1289.73,2024-10-02,,1,,HIGH,reidin
Marina Residences,C504,1,1120.09,2024-10-02,,5,,HIGH,reidin
Jash Falqa,307,2,2002.09,2024-10-02,,3,,HIGH,reidin
Tiara Residences,1205,3,2389.59,2024-10-02,,12,,HIGH,reidin
Al Das,102,5,2232.33,2024-10-02,,1,,HIGH,reidin
Marina Residences,201,2,2012.85,2024-10-02,,2,,HIGH,reidin
Al Ramth,309,2,1937.5,2024-10-02,,3,,HIGH,reidin
Golden Mile,6507,2,1883.68,2024-10-02,,5,,HIGH,reidin
Al Msalli,G06,,162.53,2024-10-02,,G,,HIGH,reidin
Al Msalli,812,2,1582.29,2024-10-02,,8,,HIGH,reidin
Al Khushkar,1105,2,1550.0,2024-10-02,,11,,HIGH,reidin
Al Msalli,F046E,,569.95,2024-10-01,,1,,HIGH,reidin
Tiara Residences,406,2,1677.02,2024-10-01,,4,,HIGH,reidin
Al Das,811,5,2186.9,2024-10-01,,8,,HIGH,reidin
Al Das,806,4,1999.93,2024-10-01,,8,,HIGH,reidin
Al Fahad,PJFRL090,4,5000.05,2024-10-01,,nan,,HIGH,reidin
Al Das,509,2,1144.63,2024-10-01,,5,,HIGH,reidin
Golden Mile,7305,2,1808.34,2024-10-01,,3,,HIGH,reidin
Al Anbara,210,3,2160.96,2024-10-01,,2,,HIGH,reidin
Tiara Residences,1106,2,1668.4,2024-10-01,,11,,HIGH,reidin
Al Hatmi,410,3,2163.54,2024-10-01,,4,,HIGH,reidin
Al Hallawi,108,3,2228.13,2024-10-01,,1,,HIGH,reidin
Al Malak,1209,2,1777.98,2024-10-01,,12,,HIGH,reidin
Golden Mile,1309,2,1786.81,2024-10-01,,3,,HIGH,reidin
Al Msalli,1009,1,1145.39,2024-10-01,,LP,,HIGH,reidin
Al Khayali,PJFRC004,6,6999.98,2024-10-01,,nan,,HIGH,reidin
Al Basri,1009,1,1140.97,2024-09-30,,10,,HIGH,reidin
Marina Residences,A405,1,1120.09,2024-09-30,,4,,HIGH,reidin
Azizi Mina,515,2,1506.95,2024-09-30,,5,,HIGH,reidin
Royal Atlantis,502,1,947.22,2024-09-30,,5,,HIGH,reidin
Azizi Mina,818,1,904.17,2024-09-30,,8,,HIGH,reidin
Al Malak,201,2,1948.27,2024-09-30,,2,,HIGH,reidin
Palm Tower,2119,1,1108.68,2024-09-30,,21,,HIGH,reidin
Al Mashraba,1103,2,1776.04,2024-09-30,,11,,HIGH,reidin
Al Nabat,507,2,1994.01,2024-09-30,,5,,HIGH,reidin
Al Das,109,5,2208.86,2024-09-30,,1,,HIGH,reidin
Al Ghaf,PJFRB015,4,5000.05,2024-09-30,,nan,,HIGH,reidin
Al Hamri,806,2,1991.32,2024-09-30,,8,,HIGH,reidin
Al Malak,1305,3,2529.52,2024-09-30,,13,,HIGH,reidin
Golden Mile,1608,3,3328.63,2024-09-30,,6,,HIGH,reidin
Palm Tower,3008,0,517.85,2024-09-30,,30,,HIGH,reidin
Al Murjan,1403,5,13095.47,2024-09-30,,14,,HIGH,reidin
Al Hallawi,1003,3,2142.02,2024-09-30,,10,,HIGH,reidin
Al Hatmi,807,2,1993.69,2024-09-30,,8,,HIGH,reidin
Al Hamri,508,2,1550.0,2024-09-30,,5,,HIGH,reidin
Kempinski Residences,RG04,,301.39,2024-09-30,,G,,HIGH,reidin
Al Hallawi,602,3,2217.36,2024-09-30,,6,,HIGH,reidin
Palm Tower,2002,0,527.43,2024-09-30,,20,,HIGH,reidin
Al Sultana,611,3,2185.07,2024-09-29,,6,,HIGH,reidin
Al Nabat,704,1,1140.97,2024-09-29,,7,,HIGH,reidin
Serenia Residences,A601,1,936.46,2024-09-28,,6,,HIGH,reidin
Al Nabat,1205,3,2529.52,2024-09-27,,12,,HIGH,reidin
Balqis Residences,704,3,2366.77,2024-09-27,,7,,HIGH,reidin
Tiara Residences,706,2,1677.02,2024-09-27,,7,,HIGH,reidin
Al Anbara,305,2,1550.0,2024-09-27,,3,,HIGH,reidin
Al Malak,1311,2,2023.61,2024-09-27,,13,,HIGH,reidin
The Fairmont Palm Residences,5V081,5,3799.66,2024-09-27,,nan,,HIGH,reidin
The Fairmont Palm Residences,813,2,1722.22,2024-09-27,,8,,HIGH,reidin
Al Habool,809,1,1145.39,2024-09-27,,8,,HIGH,reidin
Golden Mile,4204,1,1306.63,2024-09-27,,2,,HIGH,reidin
Al Malak,PJFRE090,4,5000.05,2024-09-26,,nan,,HIGH,reidin
Palm Tower,2911,1,1140.97,2024-09-26,,29,,HIGH,reidin
Balqis Residences,216,3,3046.18,2024-09-26,,2,,HIGH,reidin
Al Khushkar,204,1,1140.97,2024-09-26,,2,,HIGH,reidin
Palm Tower,3805,1,1054.86,2024-09-26,,38,,HIGH,reidin
Marina Residences,601,2,2012.85,2024-09-26,,6,,HIGH,reidin
Palm Tower,3713,1,1054.86,2024-09-26,,37,,HIGH,reidin
Al Basri,PJFRD119,4,5000.05,2024-09-26,,nan,,HIGH,reidin
Royal Atlantis,104,1,796.53,2024-09-26,,1,,HIGH,reidin
The Fairmont Palm Residences,4V091,4,3024.66,2024-09-26,,nan,,HIGH,reidin
Al Malak,PJFRE107,7,6999.98,2024-09-26,,nan,,HIGH,reidin
Al Hatmi,J1,1,721.18,2024-09-26,,1,,HIGH,reidin
Al Fahad,PJFRA019,5,6999.98,2024-09-26,,nan,,HIGH,reidin
Jash Hamad,310,3,2163.54,2024-09-26,,3,,HIGH,reidin
Golden Mile,1603,2,1799.62,2024-09-26,,6,,HIGH,reidin
Golden Mile,GM2B8GR15,,1791.76,2024-09-25,,G,,HIGH,reidin
Golden Mile,GM2B8GR16,,1800.59,2024-09-25,,G,,HIGH,reidin
Palm Tower,3711,1,1140.97,2024-09-25,,37,,HIGH,reidin
Al Basri,404,1,1144.63,2024-09-25,,4,,HIGH,reidin
Al Malak,1110,2,1778.09,2024-09-25,,11,,HIGH,reidin
Al Malak,PJFRE038,4,5000.05,2024-09-25,,nan,,HIGH,reidin
Golden Mile,9111,2,2443.41,2024-09-25,,1,,HIGH,reidin
Al Ghaf,PJFRC019,5,5460.96,2024-09-25,,nan,,HIGH,reidin
Palm Tower,3619,1,1114.71,2024-09-25,,36,,HIGH,reidin
Al Das,208,4,1550.76,2024-09-25,,2,,HIGH,reidin
Al Shamsi,G55,3,3150.92,2024-09-25,,G,,HIGH,reidin
Al Das,203,5,2156.87,2024-09-25,,2,,HIGH,reidin
Al Hamri,409,1,1145.39,2024-09-25,,4,,HIGH,reidin
Al Murjan,607,3,2438.78,2024-09-25,,6,,HIGH,reidin
Al Basri,PJFRF008,4,5000.05,2024-09-25,,nan,,HIGH,reidin
Marina Residences,115,1,1386.5,2024-09-24,,1,,HIGH,reidin
Oceana,PR01,1,1894.45,2024-09-24,,B1,,HIGH,reidin
Golden Mile,7609,2,1786.81,2024-09-24,,6,,HIGH,reidin
Kempinski Residences,322,4,4531.6,2024-09-24,,3,,HIGH,reidin
Al Msalli,B1016,,2575.05,2024-09-24,,LG,,HIGH,reidin
Al Ramth,107,3,2734.03,2024-09-24,,1,,HIGH,reidin
Royal Atlantis,603,2,1517.71,2024-09-24,,6,,HIGH,reidin
Tiara Residences,102,3,2266.02,2024-09-24,,1,,HIGH,reidin
Al Basri,PJFRD120,4,5000.05,2024-09-24,,nan,,HIGH,reidin
Al Msalli,B1017,,1554.41,2024-09-24,,LG,,HIGH,reidin
Al Malak,PJFRE104,4,5000.05,2024-09-24,,nan,,HIGH,reidin
Al Nabat,310,2,2045.14,2024-09-24,,3,,HIGH,reidin
Al Ramth,805,3,2438.78,2024-09-24,,8,,HIGH,reidin
Golden Mile,6105,2,2002.09,2024-09-24,,1,,HIGH,reidin
Palm Tower,4014,1,1054.86,2024-09-24,,40,,HIGH,reidin
Balqis Residences,1013,2,1930.07,2024-09-23,,10,,HIGH,reidin
Kempinski Residences,RG31,,398.26,2024-09-23,,nan,,HIGH,reidin
Al Sahab,PJFRO085,4,5000.05,2024-09-23,,nan,,HIGH,reidin
Golden Mile,G402,5,5274.31,2024-09-23,,G,,HIGH,reidin
Seven Palm,531,1,740.45,2024-09-23,,5,,HIGH,reidin
Al Hamri,PJJPFI03,5,12499.9,2024-09-23,,nan,,HIGH,reidin
Al Murjan,1305,3,2529.52,2024-09-23,,13,,HIGH,reidin
Al Habool,405,2,1550.0,2024-09-23,,4,,HIGH,reidin
Kempinski Residences,RG32,,559.72,2024-09-23,,nan,,HIGH,reidin
The Fairmont Palm Residences,R13,,12261.59,2024-09-23,,G,,HIGH,reidin
Jash Hamad,601,2,1582.29,2024-09-23,,6,,HIGH,reidin
Balqis Residences,715,2,1926.74,2024-09-23,,7,,HIGH,reidin
Royal Atlantis,2304,2,2859.11,2024-09-23,,23,,HIGH,reidin
Al Ramth,308,2,1862.15,2024-09-23,,3,,HIGH,reidin
The 8,20510,3,1732.99,2024-09-23,,5,,HIGH,reidin
Balqis Residences,903,3,2364.83,2024-09-23,,9,,HIGH,reidin
Balqis Residences,613,3,2927.78,2024-09-23,,6,,HIGH,reidin
Balqis Residences,504,3,2368.06,2024-09-23,,5,,HIGH,reidin
Azizi Mina,615,2,1496.18,2024-09-23,,6,,HIGH,reidin
Al Hamri,404,1,1140.97,2024-09-23,,4,,HIGH,reidin
Marina Residences,405,1,1140.97,2024-09-23,,4,,HIGH,reidin
Al Murjan,703,2,1732.99,2024-09-22,,7,,HIGH,reidin
Al Khayali,1301,2,2023.61,2024-09-22,,13,,HIGH,reidin
Al Hamri,901,2,1582.29,2024-09-21,,9,,HIGH,reidin
Kempinski Residences,225,2,1980.56,2024-09-20,,2,,HIGH,reidin
The Fairmont Palm Residences,704,1,1334.72,2024-09-20,,7,,HIGH,reidin
Seven Palm,40608,1,1216.32,2024-09-20,,6,,HIGH,reidin
Golden Mile,6103,2,2098.96,2024-09-20,,1,,HIGH,reidin
Tiara Residences,D04,1,1298.99,2024-09-20,,DCK,,HIGH,reidin
Seven Palm,40702,1,1227.08,2024-09-20,,7,,HIGH,reidin
Al Msalli,R001,,5928.97,2024-09-20,,R,,HIGH,reidin
Golden Mile,7106,1,1334.72,2024-09-20,,1,,HIGH,reidin
Al Khayali,210,2,2045.14,2024-09-20,,2,,HIGH,reidin
Al Khushkar,801,2,1593.06,2024-09-20,,8,,HIGH,reidin
Seven Palm,125,0,396.43,2024-09-20,,1,,HIGH,reidin
Balqis Residences,505,4,3347.57,2024-09-20,,5,,HIGH,reidin
Al Habool,J2,1,721.18,2024-09-20,,1,,HIGH,reidin
Al Ghaf,PJFRC097,4,5000.05,2024-09-19,,nan,,HIGH,reidin
Balqis Residences,1008,2,1959.03,2024-09-19,,10,,HIGH,reidin
Al Malak,906,3,4057.99,2024-09-19,,9,,HIGH,reidin
Oceana,901,2,1711.46,2024-09-19,,10,,HIGH,reidin
The 8,10405,2,1334.72,2024-09-19,,4,,HIGH,reidin
Al Hallawi,710,3,2160.96,2024-09-19,,7,,HIGH,reidin
Golden Mile,3210,2,1794.34,2024-09-19,,2,,HIGH,reidin
Palm Tower,3104,0,523.56,2024-09-19,,31,,HIGH,reidin
Al Murjan,1209,2,1777.98,2024-09-19,,12,,HIGH,reidin
Al Hallawi,908,2,1550.0,2024-09-19,,9,,HIGH,reidin
Oceana,1203,1,1334.72,2024-09-19,,13,,HIGH,reidin
Kempinski Residences,OFFICE02,,4154.87,2024-09-19,,2,,HIGH,reidin
Al Msalli,P002,,4714.59,2024-09-18,,G,,HIGH,reidin
Al Hallawi,509,1,1145.39,2024-09-18,,5,,HIGH,reidin
Al Msalli,703,3,2160.96,2024-09-18,,7,,HIGH,reidin
Al Hamri,606,2,1883.68,2024-09-18,,6,,HIGH,reidin
Golden Mile,8302,2,1799.4,2024-09-18,,3,,HIGH,reidin
The Fairmont Palm Residences,403,1,1291.67,2024-09-18,,4,,HIGH,reidin
Al Malak,403,2,1926.74,2024-09-18,,4,,HIGH,reidin
Marina Residences,314,1,1140.97,2024-09-18,,3,,HIGH,reidin
Al Murjan,1206,3,4057.99,2024-09-18,,12,,HIGH,reidin
The Fairmont Palm Residences,805,1,1320.52,2024-09-18,,8,,HIGH,reidin
Al Nabat,605,2,1550.0,2024-09-17,,6,,HIGH,reidin
Al Msalli,F035A,,4347.75,2024-09-17,,1,,HIGH,reidin
Marina Residences,B202,1,1208.25,2024-09-17,,2,,HIGH,reidin
The Fairmont Palm Residences,420,2,1998.96,2024-09-17,,4,,HIGH,reidin
Golden Mile,4602,2,1797.57,2024-09-17,,6,,HIGH,reidin
Balqis Residences,801,3,2432.64,2024-09-17,,8,,HIGH,reidin
The Fairmont Palm Residences,5V071,5,3417.54,2024-09-17,,nan,,HIGH,reidin
Al Das,301,4,1585.85,2024-09-17,,3,,HIGH,reidin
Al Msalli,F044,,1694.99,2024-09-17,,1,,HIGH,reidin
Al Murjan,511,2,1872.92,2024-09-17,,5,,HIGH,reidin
Al Mashraba,101,2,1969.79,2024-09-17,,1,,HIGH,reidin
Oceana,405,3,2281.95,2024-09-17,,5,,HIGH,reidin
Tiara Residences,1005,3,2264.94,2024-09-17,,10,,HIGH,reidin
Golden Mile,6605,2,1808.34,2024-09-17,,6,,HIGH,reidin
Palm Tower,3303,0,527.43,2024-09-17,,33,,HIGH,reidin
Al Ghaf,PJFRB002,6,6999.98,2024-09-17,,nan,,HIGH,reidin
Al Anbara,109,3,2217.36,2024-09-17,,1,,HIGH,reidin
Golden Mile,1108,3,3328.63,2024-09-17,,1,,HIGH,reidin
Al Msalli,909,1,1140.97,2024-09-17,,9,,HIGH,reidin
Golden Mile,10607,2,1883.68,2024-09-16,,6,,HIGH,reidin
Palm Tower,3208,0,517.96,2024-09-16,,32,,HIGH,reidin
Al Hamri,808,2,1550.0,2024-09-16,,8,,HIGH,reidin
Kempinski Residences,612,4,4230.21,2024-09-16,,6,,HIGH,reidin
Marina Residences,303,1,1140.97,2024-09-16,,3,,HIGH,reidin
Seven Palm,1309,1,710.42,2024-09-16,,13,,HIGH,reidin
Al Shamsi,105,3,2044.93,2024-09-16,,1,,HIGH,reidin
Oceana,D02,3,2439.85,2024-09-16,,1,,HIGH,reidin
Al Khayali,PJFRC001,6,6999.98,2024-09-16,,nan,,HIGH,reidin
Palm Tower,2008,0,516.67,2024-09-16,,20,,HIGH,reidin
Marina Residences,716,1,1140.97,2024-09-16,,7,,HIGH,reidin
The Fairmont Palm Residences,127,2,1959.03,2024-09-16,,1,,HIGH,reidin
Royal Atlantis,505,1,981.34,2024-09-16,,5,,HIGH,reidin
Al Msalli,E013,,6881.04,2024-09-16,,2,,HIGH,reidin
Marina Residences,BG03,2,2497.22,2024-09-16,,G,,HIGH,reidin
Al Mashraba,802,2,1732.99,2024-09-16,,8,,HIGH,reidin
Al Das,507,4,2018.55,2024-09-16,,5,,HIGH,reidin
Balqis Residences,414,2,2002.09,2024-09-14,,4,,HIGH,reidin
Al Fahad,PJFRL097,3,5000.05,2024-09-13,,nan,,HIGH,reidin
Al Msalli,B1003A,,1683.04,2024-09-13,,LG,,HIGH,reidin
Al Msalli,B1002,,2555.03,2024-09-13,,LG,,HIGH,reidin
Al Malak,209,2,2045.14,2024-09-13,,2,,HIGH,reidin
Serenia Residences,A607,2,1334.72,2024-09-13,,6,,HIGH,reidin
The 8,20208,3,1754.52,2024-09-13,,2,,HIGH,reidin
Marina Residences,A206,1,1108.68,2024-09-13,,2,,HIGH,reidin
Al Basri,809,1,1140.97,2024-09-13,,8,,HIGH,reidin
Al Msalli,B1001A,,1856.88,2024-09-13,,LG,,HIGH,reidin
Al Malak,1109,2,1776.04,2024-09-13,,11,,HIGH,reidin
Golden Mile,7210,2,1786.81,2024-09-13,,2,,HIGH,reidin
Al Ramth,903,2,1734.93,2024-09-13,,9,,HIGH,reidin
Golden Mile,9211,2,1794.45,2024-09-12,,2,,HIGH,reidin
The 8,20505,2,1334.72,2024-09-12,,5,,HIGH,reidin
Oceana,PR04,1,1915.97,2024-09-12,,B1,,HIGH,reidin
Al Das,407,4,1996.7,2024-09-12,,4,,HIGH,reidin
Al Fahad,PJFRA022,4,5000.05,2024-09-12,,nan,,HIGH,reidin
Kempinski Residences,423,2,1764.96,2024-09-12,,4,,HIGH,reidin
Marina Residences,217,2,2012.85,2024-09-12,,2,,HIGH,reidin
Al Sahab,PJFRO120,5,5460.96,2024-09-12,,nan,,HIGH,reidin
Azizi Mina,402,1,996.41,2024-09-12,,4,,HIGH,reidin
Oceana,606,2,1709.2,2024-09-12,,7,,HIGH,reidin
Azizi Mina,720,1,973.81,2024-09-12,,7,,HIGH,reidin
Oceana,1205,3,2281.95,2024-09-12,,13,,HIGH,reidin
Golden Mile,7304,1,1302.43,2024-09-12,,3,,HIGH,reidin
Oceana,601,2,1700.7,2024-09-12,,7,,HIGH,reidin
Al Khayali,503,2,1732.99,2024-09-11,,5,,HIGH,reidin
Oceana,202,3,2281.95,2024-09-11,,3,,HIGH,reidin
Al Fahad,PJFRA009,4,5000.05,2024-09-11,,nan,,HIGH,reidin
Al Shirawi,612,2,1582.72,2024-09-11,,6,,HIGH,reidin
Seven Palm,618,0,495.14,2024-09-11,,6,,HIGH,reidin
Seven Palm,M52,0,301.39,2024-09-11,,M,,HIGH,reidin
Al Hatmi,208,2,1550.76,2024-09-11,,2,,HIGH,reidin
Al Hallawi,507,2,2012.85,2024-09-11,,5,,HIGH,reidin
The Fairmont Palm Residences,407,1,1290.38,2024-09-11,,4,,HIGH,reidin
Golden Mile,1103,2,2098.96,2024-09-11,,1,,HIGH,reidin
Palm Tower,4213,1,1056.48,2024-09-11,,42,,HIGH,reidin
Al Nabat,TH03,2,4143.99,2024-09-11,,nan,,HIGH,reidin
The 8,10309,2,1329.88,2024-09-11,,3,,HIGH,reidin
Al Murjan,G06,2,2034.7,2024-09-11,,G,,HIGH,reidin
Marina Residences,502,1,1141.73,2024-09-11,,5,,HIGH,reidin
Al Khushkar,502,3,2217.36,2024-09-11,,5,,HIGH,reidin
Azizi Mina,310,1,947.65,2024-09-11,,3,,HIGH,reidin
Balqis Residences,502,2,1980.56,2024-09-11,,5,,HIGH,reidin
Serenia Residences,A511,1,1205.56,2024-09-11,,5,,HIGH,reidin
Al Msalli,F015,,3500.1,2024-09-10,,1,,HIGH,reidin
Al Shirawi,105,2,1550.0,2024-09-10,,1,,HIGH,reidin
Golden Mile,6207,2,1883.68,2024-09-10,,2,,HIGH,reidin
Al Anbara,408,2,1550.0,2024-09-10,,4,,HIGH,reidin
Al Hamri,805,2,1550.0,2024-09-10,,8,,HIGH,reidin
Golden Mile,10201,1,1304.58,2024-09-10,,2,,HIGH,reidin
Golden Mile,4103,2,2096.7,2024-09-10,,1,,HIGH,reidin
Al Mashraba,908,2,1743.75,2024-09-10,,9,,HIGH,reidin
Al Hatmi,507,2,2012.85,2024-09-10,,5,,HIGH,reidin
Al Basri,606,2,1991.32,2024-09-10,,6,,HIGH,reidin
Al Murjan,1308,2,1743.75,2024-09-10,,13,,HIGH,reidin
Palm Tower,2018,1,1065.63,2024-09-10,,20,,HIGH,reidin
Jash Hamad,104,1,1140.97,2024-09-10,,1,,HIGH,reidin
Al Sultana,408,2,1550.0,2024-09-10,,4,,HIGH,reidin
Al Das,601,4,1589.07,2024-09-09,,6,,HIGH,reidin
Marina Residences,AG06,2,2195.84,2024-09-09,,G,,HIGH,reidin
Al Anbara,906,2,1991.32,2024-09-09,,9,,HIGH,reidin
Jash Hamad,809,1,1140.97,2024-09-09,,8,,HIGH,reidin
Jash Hamad,509,1,1143.45,2024-09-09,,5,,HIGH,reidin
Tiara Residences,1004,1,1295.97,2024-09-09,,10,,HIGH,reidin
Serenia Residences,A410,1,947.22,2024-09-09,,4,,HIGH,reidin
The Fairmont Palm Residences,5V049,5,3428.3,2024-09-09,,nan,,HIGH,reidin
Al Basri,304,1,1140.97,2024-09-09,,3,,HIGH,reidin
Al Msalli,E010C,,2150.41,2024-09-09,,G,,HIGH,reidin
Al Malak,408,2,1862.15,2024-09-09,,4,,HIGH,reidin
Golden Mile,4501,1,1302.43,2024-09-09,,5,,HIGH,reidin
Golden Mile,2105,2,2002.09,2024-09-09,,1,,HIGH,reidin
Marina Residences,606,1,1140.97,2024-09-09,,6,,HIGH,reidin
Al Khushkar,410,3,2152.78,2024-09-09,,4,,HIGH,reidin
Kempinski Residences,232,2,1980.56,2024-09-09,,2,,HIGH,reidin
Marina Residences,205,1,1142.7,2024-09-09,,2,,HIGH,reidin
Marina Residences,805,1,1142.7,2024-09-09,,8,,HIGH,reidin
Kempinski Residences,604,4,4230.21,2024-09-09,,6,,HIGH,reidin
Marina Residences,905,1,1140.97,2024-09-08,,9,,HIGH,reidin
Marina Residences,304,1,1140.97,2024-09-08,,3,,HIGH,reidin
Palm Tower,3508,0,517.64,2024-09-07,,35,,HIGH,reidin
Golden Mile,6206,1,1288.22,2024-09-07,,2,,HIGH,reidin
Golden Mile,1403,2,1799.62,2024-09-07,,4,,HIGH,reidin
Marina Residences,112,1,1386.39,2024-09-06,,1,,HIGH,reidin
Al Ramth,1308,2,1743.75,2024-09-06,,13,,HIGH,reidin
Balqis Residences,714,2,1948.27,2024-09-06,,7,,HIGH,reidin
Golden Mile,2511,2,1796.82,2024-09-06,,5,,HIGH,reidin
Golden Mile,4303,2,1797.57,2024-09-06,,3,,HIGH,reidin
Tiara Residences,301,2,1677.02,2024-09-06,,3,,HIGH,reidin
Marina Residences,915,1,1140.97,2024-09-06,,9,,HIGH,reidin
Marina Residences,604,1,1140.97,2024-09-06,,6,,HIGH,reidin
The 8,20102,2,1323.85,2024-09-06,,1,,HIGH,reidin
Palm Tower,4315,1,1054.43,2024-09-06,,43,,HIGH,reidin
Al Ramth,908,2,1743.75,2024-09-06,,9,,HIGH,reidin
Al Mashraba,709,2,1732.99,2024-09-06,,7,,HIGH,reidin
Balqis Residences,614,2,1949.67,2024-09-06,,6,,HIGH,reidin
Al Das,802,5,2186.9,2024-09-06,,8,,HIGH,reidin
Al Murjan,904,2,1745.69,2024-09-06,,9,,HIGH,reidin
The Fairmont Palm Residences,P210,,4176.39,2024-09-06,,10,,HIGH,reidin
Al Sultana,503,3,2152.78,2024-09-06,,5,,HIGH,reidin
Al Seef,PJFRM079,5,5460.96,2024-09-05,,nan,,HIGH,reidin
Al Khayali,801,2,1870.01,2024-09-05,,8,,HIGH,reidin
Jash Falqa,509,1,1140.97,2024-09-05,,5,,HIGH,reidin
Golden Mile,RT14,,835.39,2024-09-05,,B1,,HIGH,reidin
Al Khayali,301,2,1948.27,2024-09-05,,3,,HIGH,reidin
Golden Mile,9411,2,1797.57,2024-09-05,,nan,,HIGH,reidin
Al Msalli,707,2,1991.32,2024-09-04,,7,,HIGH,reidin
Al Malak,804,2,1743.75,2024-09-04,,8,,HIGH,reidin
Al Malak,PJFRE040,4,6000.01,2024-09-04,,nan,,HIGH,reidin
Al Hatmi,610,3,2163.54,2024-09-04,,6,,HIGH,reidin
Tiara Residences,D02,3,2391.95,2024-09-04,,DCK,,HIGH,reidin
Tiara Residences,704,1,1291.67,2024-09-04,,7,,HIGH,reidin
Serenia Residences,A210,1,947.22,2024-09-04,,2,,HIGH,reidin
Seven Palm,30608,3,2325.0,2024-09-04,,6,,HIGH,reidin
Palm Tower,2405,1,1055.08,2024-09-04,,24,,HIGH,reidin
Al Khayali,TH01,2,4045.29,2024-09-04,,LG,,HIGH,reidin
Al Nabat,710,2,1732.99,2024-09-04,,7,,HIGH,reidin
Al Das,410,5,2156.87,2024-09-04,,4,,HIGH,reidin
Palm Tower,3905,1,1056.69,2024-09-04,,39,,HIGH,reidin
Palm Tower,3911,1,1143.66,2024-09-04,,39,,HIGH,reidin
Tiara Residences,P01,1,1849.02,2024-09-03,,1,,HIGH,reidin
Marina Residences,509,1,1151.74,2024-09-03,,5,,HIGH,reidin
Marina Residences,B205,1,1205.56,2024-09-03,,2,,HIGH,reidin
Golden Mile,6104,1,1410.07,2024-09-03,,1,,HIGH,reidin
Al Hatmi,J2,1,720.21,2024-09-03,,1,,HIGH,reidin
Seven Palm,808,1,715.15,2024-09-03,,8,,HIGH,reidin
Jash Hamad,PH06,3,5242.02,2024-09-03,,9,,HIGH,reidin
Jash Falqa,206,2,1996.7,2024-09-03,,2,,HIGH,reidin
The Fairmont Palm Residences,625,2,1991.32,2024-09-03,,6,,HIGH,reidin
Golden Mile,7410,2,1794.34,2024-09-03,,4,,HIGH,reidin
Golden Mile,9510,2,1797.57,2024-09-03,,5,,HIGH,reidin
Oceana,305,3,2281.95,2024-09-03,,4,,HIGH,reidin
Golden Mile,10505,2,1797.57,2024-09-03,,5,,HIGH,reidin
The Fairmont Palm Residences,120,2,2191.85,2024-09-03,,1,,HIGH,reidin
Golden Mile,2206,1,1291.67,2024-09-03,,2,,HIGH,reidin
The Fairmont Palm Residences,5V027,5,3336.81,2024-09-03,,nan,,HIGH,reidin
Balqis Residences,908,2,2107.03,2024-09-03,,9,,HIGH,reidin
Azizi Mina,719,1,893.4,2024-09-03,,7,,HIGH,reidin
Al Malak,PJFRE014,5,5343.95,2024-09-02,,nan,,HIGH,reidin
Al Msalli,312,2,1586.17,2024-09-02,,3,,HIGH,reidin
Al Khayali,TH06,2,4089.74,2024-09-02,,LG,,HIGH,reidin
Seven Palm,527,0,355.21,2024-09-02,,5,,HIGH,reidin
Oceana,1102,3,2281.95,2024-09-02,,12,,HIGH,reidin
Golden Mile,4111,2,2443.41,2024-09-02,,1,,HIGH,reidin
Marina Residences,105,1,1388.11,2024-09-02,,1,,HIGH,reidin
Palm Tower,PWBCFB08,,1463.89,2024-09-02,,G,,HIGH,reidin
Balqis Residences,405,3,2366.55,2024-09-02,,4,,HIGH,reidin
Al Anbara,606,2,1993.69,2024-09-02,,6,,HIGH,reidin
Al Msalli,606,2,1991.32,2024-09-02,,6,,HIGH,reidin
Al Basri,PJFRD130,6,6999.98,2024-09-02,,nan,,HIGH,reidin
Al Hallawi,1012,2,1582.29,2024-09-02,,10,,HIGH,reidin
Golden Mile,2608,3,3328.63,2024-09-02,,6,,HIGH,reidin
The Fairmont Palm Residences,417,4,3250.7,2024-09-02,,4,,HIGH,reidin
The 8,20605,2,1334.72,2024-09-02,,6,,HIGH,reidin
Al Malak,105,3,2734.03,2024-09-02,,1,,HIGH,reidin
Al Hatmi,306,2,1996.7,2024-09-02,,3,,HIGH,reidin
Al Mashraba,1303,2,1776.04,2024-09-02,,13,,HIGH,reidin
Al Basri,PJFRF043,5,6999.98,2024-09-02,,nan,,HIGH,reidin
Golden Mile,3107,2,1939.44,2024-09-01,,1,,HIGH,reidin
Palm Tower,2317,0,527.43,2024-09-01,,23,,HIGH,reidin
The Fairmont Palm Residences,803,1,1288.44,2024-09-01,,8,,HIGH,reidin
Jash Falqa,304,1,1144.63,2024-08-30,,3,,HIGH,reidin
The 8,20202,1,914.93,2024-08-30,,2,,HIGH,reidin
Balqis Residences,616,3,2518.75,2024-08-30,,6,,HIGH,reidin
Balqis Residences,1005,3,2328.23,2024-08-30,,10,,HIGH,reidin
Golden Mile,3411,2,1797.57,2024-08-30,,4,,HIGH,reidin
Al Hamri,211,3,2200.36,2024-08-30,,2,,HIGH,reidin
Royal Atlantis,306,1,850.35,2024-08-30,,3,,HIGH,reidin
Al Mashraba,911,2,1870.01,2024-08-30,,9,,HIGH,reidin
Al Murjan,1207,3,2529.52,2024-08-30,,12,,HIGH,reidin
Golden Mile,5103,2,2098.96,2024-08-30,,1,,HIGH,reidin
Al Msalli,P079,,12648.98,2024-08-30,,G,,HIGH,reidin
Golden Mile,FB11,,2069.36,2024-08-30,,B1,,HIGH,reidin
Al Malak,PJFRE108,5,5343.95,2024-08-30,,nan,,HIGH,reidin
Al Malak,208,2,2034.38,2024-08-30,,2,,HIGH,reidin
Al Murjan,409,2,1927.49,2024-08-30,,4,,HIGH,reidin
Golden Mile,1104,1,1409.43,2024-08-30,,1,,HIGH,reidin
Al Shirawi,711,3,2185.07,2024-08-29,,7,,HIGH,reidin
The Fairmont Palm Residences,811,3,2174.31,2024-08-29,,8,,HIGH,reidin
Jash Hamad,110,3,1608.88,2024-08-29,,1,,HIGH,reidin
Azizi Mina,809,1,1108.68,2024-08-29,,8,,HIGH,reidin
Al Hamri,902,3,2185.07,2024-08-29,,9,,HIGH,reidin
Al Hamri,807,2,1991.32,2024-08-29,,8,,HIGH,reidin
Tiara Residences,403,1,1291.67,2024-08-29,,4,,HIGH,reidin
Golden Mile,5305,2,1808.34,2024-08-29,,3,,HIGH,reidin
The Fairmont Palm Residences,712,2,1722.22,2024-08-29,,7,,HIGH,reidin
Palm Tower,4402,1,1054.86,2024-08-29,,44,,HIGH,reidin
Golden Mile,3702,,4368.53,2024-08-29,,7,,HIGH,reidin
Al Ramth,1305,3,2524.46,2024-08-29,,13,,HIGH,reidin
Al Shirawi,109,3,2217.36,2024-08-29,,1,,HIGH,reidin
Jash Hamad,910,3,2143.31,2024-08-28,,9,,HIGH,reidin
Al Khayali,TH04,2,3993.41,2024-08-28,,LG,,HIGH,reidin
Al Ramth,1401,4,10254.23,2024-08-28,,14,,HIGH,reidin
Al Shamsi,326,1,1146.79,2024-08-28,,3,,HIGH,reidin
Golden Mile,9106,1,1289.52,2024-08-28,,1,,HIGH,reidin
The Fairmont Palm Residences,206,1,1345.49,2024-08-28,,2,,HIGH,reidin
Jash Hamad,708,2,1550.0,2024-08-28,,7,,HIGH,reidin
Balqis Residences,310,3,2411.11,2024-08-28,,3,,HIGH,reidin
Kempinski Residences,RETAIL04,,236.81,2024-08-28,,G,,HIGH,reidin
Al Shamsi,308,1,1020.53,2024-08-28,,3,,HIGH,reidin
Serenia Residences,C605,1,1004.38,2024-08-28,,6,,HIGH,reidin
Palm Tower,3519,1,1114.71,2024-08-28,,35,,HIGH,reidin
Al Msalli,F076A,,1076.39,2024-08-28,,1,,HIGH,reidin
Golden Mile,9101,1,1302.43,2024-08-27,,1,,HIGH,reidin
Al Basri,410,3,2158.92,2024-08-27,,4,,HIGH,reidin
Al Anbara,405,2,1550.0,2024-08-27,,4,,HIGH,reidin
Palm Tower,2903,0,527.43,2024-08-27,,29,,HIGH,reidin
Al Ghaf,PJFRC007,4,6000.01,2024-08-27,,nan,,HIGH,reidin
Al Nabat,603,3,2155.04,2024-08-27,,6,,HIGH,reidin
Golden Mile,7206,1,1289.52,2024-08-27,,2,,HIGH,reidin
Al Nabat,1310,2,1776.04,2024-08-27,,13,,HIGH,reidin
Golden Mile,6302,2,1797.57,2024-08-27,,3,,HIGH,reidin
Golden Mile,2302,2,1797.57,2024-08-27,,3,,HIGH,reidin
Seven Palm,701,1,839.58,2024-08-27,,7,,HIGH,reidin
Seven Palm,805,1,764.24,2024-08-27,,8,,HIGH,reidin
Serenia Residences,C303,4,3336.81,2024-08-27,,3,,HIGH,reidin
Azizi Mina,820,1,1097.92,2024-08-27,,8,,HIGH,reidin
Golden Mile,5211,2,1797.57,2024-08-27,,2,,HIGH,reidin
Golden Mile,8111,2,2443.41,2024-08-27,,1,,HIGH,reidin
Marina Residences,PJAZFB09,,3768.33,2024-08-27,,G,,HIGH,reidin
Al Nabat,PJFRN022A,5,5135.03,2024-08-27,,nan,,HIGH,reidin
Al Hamri,507,2,2012.85,2024-08-27,,5,,HIGH,reidin
Al Murjan,910,2,1735.25,2024-08-27,,9,,HIGH,reidin
Jash Hamad,804,1,1173.27,2024-08-26,,8,,HIGH,reidin
Marina Residences,02,,1822.44,2024-08-26,,G,,HIGH,reidin
Al Mashraba,705,3,2432.64,2024-08-26,,7,,HIGH,reidin
Al Hamri,208,2,1550.0,2024-08-26,,2,,HIGH,reidin
Marina Residences,01,,2273.34,2024-08-26,,G,,HIGH,reidin
Golden Mile,2505,2,1807.69,2024-08-26,,5,,HIGH,reidin
Al Basri,PJFRF002,5,5898.62,2024-08-26,,nan,,HIGH,reidin
Golden Mile,1406,1,1288.22,2024-08-26,,4,,HIGH,reidin
Al Khayali,1211,2,2019.09,2024-08-26,,12,,HIGH,reidin
Seven Palm,1001,1,839.58,2024-08-26,,10,,HIGH,reidin
Seven Palm,M02,1,850.35,2024-08-26,,M,,HIGH,reidin
Azizi Mina,517,1,925.7,2024-08-26,,5,,HIGH,reidin
Marina Residences,04,,2522.41,2024-08-26,,G,,HIGH,reidin
Tiara Residences,905,3,2264.94,2024-08-26,,9,,HIGH,reidin
Tiara Residences,1206,2,1677.02,2024-08-26,,12,,HIGH,reidin
Marina Residences,03,,1799.08,2024-08-26,,G,,HIGH,reidin
Al Khushkar,901,2,1593.06,2024-08-25,,9,,HIGH,reidin
Al Msalli,701,2,1582.29,2024-08-25,,7,,HIGH,reidin
Al Sultana,603,3,2163.54,2024-08-25,,6,,HIGH,reidin
Al Hallawi,210,3,2160.96,2024-08-24,,2,,HIGH,reidin
Al Habool,409,1,1140.97,2024-08-24,,4,,HIGH,reidin
Serenia Residences,A101,1,1040.22,2024-08-23,,1,,HIGH,reidin
Golden Mile,1606,1,1280.9,2024-08-23,,6,,HIGH,reidin
Al Nabat,308,2,1862.15,2024-08-23,,3,,HIGH,reidin
Seven Palm,RETAIL6,,1004.81,2024-08-23,,G,,HIGH,reidin
The Fairmont Palm Residences,215,2,2055.9,2024-08-23,,2,,HIGH,reidin
Al Hamri,306,2,1991.32,2024-08-23,,3,,HIGH,reidin
Al Habool,209,1,1140.97,2024-08-23,,2,,HIGH,reidin
Al Anbara,909,1,1140.97,2024-08-23,,9,,HIGH,reidin
Palm Tower,1905,1,1055.29,2024-08-23,,19,,HIGH,reidin
Jash Hamad,304,1,1140.97,2024-08-23,,3,,HIGH,reidin
Al Basri,1108,2,1550.86,2024-08-23,,11,,HIGH,reidin
Al Malak,1102,2,1778.09,2024-08-22,,11,,HIGH,reidin
Al Das,207,4,1996.7,2024-08-22,,2,,HIGH,reidin
Al Msalli,505,2,1550.0,2024-08-22,,5,,HIGH,reidin
Al Hamri,908,2,1550.0,2024-08-22,,9,,HIGH,reidin
Balqis Residences,601,3,4917.81,2024-08-22,,6,,HIGH,reidin
Tiara Residences,705,3,2264.94,2024-08-22,,7,,HIGH,reidin
Golden Mile,1705,,3950.35,2024-08-22,,7,,HIGH,reidin
Golden Mile,4609,2,1786.81,2024-08-22,,6,,HIGH,reidin
Seven Palm,902,1,953.68,2024-08-22,,9,,HIGH,reidin
Al Hallawi,803,3,2163.54,2024-08-21,,8,,HIGH,reidin
Golden Mile,7611,2,1794.34,2024-08-21,,6,,HIGH,reidin
Serenia Residences,A313,2,1507.16,2024-08-21,,3,,HIGH,reidin
The 8,20404,2,1319.76,2024-08-21,,4,,HIGH,reidin
The Fairmont Palm Residences,216,2,1776.04,2024-08-21,,2,,HIGH,reidin
Oceana,D03,1,1334.72,2024-08-21,,1,,HIGH,reidin
Al Nabat,610,3,2152.78,2024-08-21,,6,,HIGH,reidin
Golden Mile,2102,2,2098.96,2024-08-21,,1,,HIGH,reidin
Palm Tower,4405,1,1054.86,2024-08-20,,44,,HIGH,reidin
Golden Mile,G401,4,3745.84,2024-08-20,,G,,HIGH,reidin
Oceana,D05,3,2279.9,2024-08-20,,1,,HIGH,reidin
Tiara Residences,1103,1,1295.97,2024-08-20,,11,,HIGH,reidin
Al Sultana,403,3,2158.92,2024-08-20,,4,,HIGH,reidin
Golden Mile,4701,,4881.86,2024-08-20,,7,,HIGH,reidin
Golden Mile,8101,1,1302.43,2024-08-20,,1,,HIGH,reidin
Golden Mile,GM2B9GR05,,1811.99,2024-08-20,,G,,HIGH,reidin
Balqis Residences,716,3,2507.99,2024-08-20,,7,,HIGH,reidin
Al Anbara,1005,2,1550.86,2024-08-19,,LP,,HIGH,reidin
Al Ghaf,PJFRB012,4,6000.01,2024-08-19,,nan,,HIGH,reidin
Al Ramth,104,2,2045.14,2024-08-19,,1,,HIGH,reidin
Royal Atlantis,206,2,2961.9,2024-08-19,,2,,HIGH,reidin
Al Msalli,E042,,1528.04,2024-08-19,,2,,HIGH,reidin
Al Malak,1401,4,10258.0,2024-08-19,,14,,HIGH,reidin
Al Nabat,103,2,2045.03,2024-08-19,,1,,HIGH,reidin
Serenia Residences,A509,1,904.17,2024-08-19,,5,,HIGH,reidin
The Fairmont Palm Residences,311,3,2174.31,2024-08-19,,3,,HIGH,reidin
Al Msalli,E041,,1742.03,2024-08-19,,2,,HIGH,reidin
Al Hallawi,808,2,1550.76,2024-08-19,,8,,HIGH,reidin
Al Nabat,706,2,1991.32,2024-08-19,,7,,HIGH,reidin
Al Basri,301,2,1582.29,2024-08-19,,3,,HIGH,reidin
Al Khayali,802,2,1732.99,2024-08-19,,8,,HIGH,reidin
Al Ramth,611,2,1872.92,2024-08-18,,6,,HIGH,reidin
Balqis Residences,VILLAV03,5,13971.54,2024-08-18,,G,,HIGH,reidin
The 8,20303,2,1323.96,2024-08-16,,3,,HIGH,reidin
Marina Residences,B206,1,1119.45,2024-08-16,,2,,HIGH,reidin
Al Das,905,4,1550.76,2024-08-16,,9,,HIGH,reidin
Jash Falqa,102,3,2217.36,2024-08-16,,1,,HIGH,reidin
Al Das,706,4,1999.93,2024-08-16,,7,,HIGH,reidin
Club Vista Mare,107,0,602.78,2024-08-16,,1,,HIGH,reidin
Al Das,PH06,,1999.93,2024-08-16,,9,,HIGH,reidin
Golden Mile,3102,2,2098.96,2024-08-16,,1,,HIGH,reidin
Al Hatmi,804,1,1140.97,2024-08-16,,8,,HIGH,reidin
Seven Palm,M03,3,1521.26,2024-08-16,,M,,HIGH,reidin
The Fairmont Palm Residences,806,1,1280.58,2024-08-16,,8,,HIGH,reidin
Serenia Residences,B703,1,1130.21,2024-08-16,,7,,HIGH,reidin
Al Das,402,5,2218.12,2024-08-16,,4,,HIGH,reidin
Al Malak,1107,3,2529.52,2024-08-16,,11,,HIGH,reidin
Al Shirawi,PJJPFG08B,6,14100.82,2024-08-16,,nan,,HIGH,reidin
Serenia Residences,C507,1,1033.33,2024-08-16,,5,,HIGH,reidin
Al Sahab,PJFRO126,6,6999.98,2024-08-15,,nan,,HIGH,reidin
Golden Mile,G202,3,3713.55,2024-08-15,,G,,HIGH,reidin
Al Msalli,G02,,924.94,2024-08-15,,G,,HIGH,reidin
Al Mashraba,502,2,1732.99,2024-08-15,,5,,HIGH,reidin
Al Shamsi,424,1,1059.38,2024-08-15,,4,,HIGH,reidin
Al Shirawi,102,3,2217.36,2024-08-14,,1,,HIGH,reidin
Jash Hamad,803,3,2163.54,2024-08-14,,8,,HIGH,reidin
Al Das,304,2,1144.63,2024-08-14,,3,,HIGH,reidin
The 8,RESORT,,7749.9,2024-08-14,,G,,HIGH,reidin
Tiara Residences,305,3,2266.02,2024-08-14,,3,,HIGH,reidin
Al Khayali,1104,2,1745.69,2024-08-13,,11,,HIGH,reidin
Al Basri,PJFRF012,5,5343.95,2024-08-13,,nan,,HIGH,reidin
Golden Mile,5610,2,1786.81,2024-08-13,,6,,HIGH,reidin
Royal Atlantis,309,2,1496.18,2024-08-13,,3,,HIGH,reidin
Al Msalli,B108,,373.08,2024-08-13,,B1,,HIGH,reidin
Balqis Residences,311,3,2970.84,2024-08-13,,3,,HIGH,reidin
Marina Residences,803,1,1140.97,2024-08-13,,8,,HIGH,reidin
Al Msalli,B109,,158.98,2024-08-13,,B1,,HIGH,reidin
Seven Palm,624,0,352.19,2024-08-13,,6,,HIGH,reidin
The Fairmont Palm Residences,802,1,1313.2,2024-08-13,,8,,HIGH,reidin
Seven Palm,926,0,353.27,2024-08-13,,9,,HIGH,reidin
Al Shirawi,1001,2,1582.29,2024-08-13,,10,,HIGH,reidin
Al Mashraba,1010,2,1778.09,2024-08-12,,10,,HIGH,reidin
Serenia Residences,A204,1,1040.44,2024-08-12,,2,,HIGH,reidin
Golden Mile,1409,2,1786.81,2024-08-12,,4,,HIGH,reidin
Golden Mile,9407,2,1883.68,2024-08-12,,4,,HIGH,reidin
Marina Residences,414,1,1140.97,2024-08-12,,4,,HIGH,reidin
The Fairmont Palm Residences,819,2,1722.22,2024-08-12,,8,,HIGH,reidin
Serenia Residences,A105,2,1605.54,2024-08-12,,1,,HIGH,reidin
Al Sultana,407,2,1991.32,2024-08-12,,4,,HIGH,reidin
Al Msalli,202,3,2195.84,2024-08-12,,2,,HIGH,reidin
Al Msalli,904,1,1140.97,2024-08-12,,9,,HIGH,reidin
Al Sahab,PJFRO077,4,5000.05,2024-08-12,,nan,,HIGH,reidin
Golden Mile,3504,1,1302.43,2024-08-12,,5,,HIGH,reidin
Al Malak,PJFRE050,3,5000.05,2024-08-12,,nan,,HIGH,reidin
Golden Mile,10404,1,1306.63,2024-08-12,,4,,HIGH,reidin
Al Murjan,1309,2,1777.98,2024-08-12,,13,,HIGH,reidin
Al Khayali,1201,2,2023.61,2024-08-12,,12,,HIGH,reidin
Seven Palm,40907,2,1646.88,2024-08-12,,9,,HIGH,reidin
Azizi Mina,317,1,936.46,2024-08-11,,3,,HIGH,reidin
Al Ramth,402,2,1732.99,2024-08-11,,4,,HIGH,reidin
Al Shamsi,410,1,1140.44,2024-08-09,,4,,HIGH,reidin
Seven Palm,41106,2,1743.75,2024-08-09,,11,,HIGH,reidin
Jash Falqa,908,2,1550.0,2024-08-09,,LP,,HIGH,reidin
Al Ramth,509,2,1734.93,2024-08-09,,5,,HIGH,reidin
Al Hamri,108,3,2238.89,2024-08-09,,1,,HIGH,reidin
Golden Mile,4310,2,1786.81,2024-08-09,,3,,HIGH,reidin
Al Nabat,110,3,2152.78,2024-08-09,,1,,HIGH,reidin
Palm Tower,3106,0,523.34,2024-08-09,,31,,HIGH,reidin
Al Fahad,PJFRA002,4,5000.05,2024-08-08,,nan,,HIGH,reidin
Serenia Residences,A209,1,893.4,2024-08-08,,2,,HIGH,reidin
Al Nabat,504,1,1136.99,2024-08-08,,5,,HIGH,reidin
Jash Falqa,701,2,1560.77,2024-08-08,,7,,HIGH,reidin
Al Ghaf,PJFRC036,4,5000.05,2024-08-08,,nan,,HIGH,reidin
The Fairmont Palm Residences,619,2,1723.19,2024-08-08,,6,,HIGH,reidin
Golden Mile,10301,1,1302.43,2024-08-07,,3,,HIGH,reidin
Al Malak,PJFRE066,4,5000.05,2024-08-07,,nan,,HIGH,reidin
Al Malak,603,2,1732.99,2024-08-07,,6,,HIGH,reidin
Golden Mile,9306,1,1289.52,2024-08-07,,3,,HIGH,reidin
Al Khushkar,409,1,1140.97,2024-08-07,,4,,HIGH,reidin
Jash Falqa,101,2,1602.96,2024-08-07,,1,,HIGH,reidin
Seven Palm,923,0,355.21,2024-08-07,,9,,HIGH,reidin
Al Mashraba,G01,2,1934.81,2024-08-07,,G,,HIGH,reidin
Al Das,211,5,2206.71,2024-08-07,,2,,HIGH,reidin
Al Msalli,F054,,1628.04,2024-08-07,,1,,HIGH,reidin
Palm Tower,PWBCFB07,,5628.66,2024-08-06,,G,,HIGH,reidin
Golden Mile,2112,3,3767.37,2024-08-06,,1,,HIGH,reidin
Jash Falqa,512,2,1560.77,2024-08-06,,5,,HIGH,reidin
Golden Mile,1704,,10222.26,2024-08-06,,7,,HIGH,reidin
Golden Mile,5112,3,3767.37,2024-08-06,,1,,HIGH,reidin
Balqis Residences,905,3,2328.23,2024-08-06,,9,,HIGH,reidin
Golden Mile,10501,1,1304.58,2024-08-06,,5,,HIGH,reidin
Al Seef,PJFRM022,4,5000.05,2024-08-06,,nan,,HIGH,reidin
Al Basri,102,3,2222.64,2024-08-06,,1,,HIGH,reidin
Al Sahab,801,3,4871.74,2024-08-06,,8,,HIGH,reidin
The Fairmont Palm Residences,524,2,1726.31,2024-08-05,,5,,HIGH,reidin
The Fairmont Palm Residences,5V037,5,3428.3,2024-08-05,,nan,,HIGH,reidin
Al Hallawi,1009,1,1140.97,2024-08-05,,10,,HIGH,reidin
Al Khushkar,309,1,1140.97,2024-08-05,,3,,HIGH,reidin
Al Nabat,201,2,1593.06,2024-08-05,,2,,HIGH,reidin
The Fairmont Palm Residences,912,2,1722.22,2024-08-05,,9,,HIGH,reidin
Al Sultana,704,1,1144.63,2024-08-05,,7,,HIGH,reidin
Marina Residences,401,2,2012.85,2024-08-04,,4,,HIGH,reidin
Golden Mile,1407,2,1883.68,2024-08-04,,4,,HIGH,reidin
The Fairmont Palm Residences,108,1,1445.59,2024-08-04,,1,,HIGH,reidin
Seven Palm,1009,1,710.42,2024-08-02,,10,,HIGH,reidin
Serenia Residences,A505,1,1065.63,2024-08-02,,5,,HIGH,reidin
Al Ghaf,PJFRB009,6,6999.98,2024-08-02,,nan,,HIGH,reidin
Al Habool,410,3,2152.78,2024-08-02,,4,,HIGH,reidin
Jash Falqa,910,3,2142.02,2024-08-02,,LP,,HIGH,reidin
Al Hatmi,503,3,2163.54,2024-08-02,,5,,HIGH,reidin
Seven Palm,430,1,742.71,2024-08-02,,4,,HIGH,reidin
Al Murjan,G01,3,2734.03,2024-08-02,,G,,HIGH,reidin
Golden Mile,8203,2,1799.94,2024-08-02,,2,,HIGH,reidin
Al Ghaf,PJFRC068,4,5000.05,2024-08-02,,nan,,HIGH,reidin
Al Das,812,4,1589.07,2024-08-01,,8,,HIGH,reidin
Al Shamsi,328,3,2184.43,2024-08-01,,3,,HIGH,reidin
Tiara Residences,1105,3,2266.02,2024-08-01,,11,,HIGH,reidin
Al Khayali,PJFRC083,6,6999.98,2024-08-01,,nan,,HIGH,reidin
The Fairmont Palm Residences,906,1,1280.58,2024-08-01,,9,,HIGH,reidin
Al Nabat,205,2,1550.0,2024-08-01,,2,,HIGH,reidin
Al Habool,711,3,2181.3,2024-08-01,,7,,HIGH,reidin
Serenia Residences,C107,2,1829.86,2024-08-01,,1,,HIGH,reidin
Tiara Residences,P04,1,1869.04,2024-08-01,,PR4,,HIGH,reidin
Al Msalli,P049,,2517.03,2024-08-01,,G,,HIGH,reidin
Royal Atlantis,704,1,785.76,2024-08-01,,7,,HIGH,reidin
Al Hallawi,1111,3,2185.07,2024-08-01,,LP,,HIGH,reidin
Golden Mile,G201,3,3713.55,2024-08-01,,G,,HIGH,reidin
Golden Mile,7207,2,1883.68,2024-07-31,,2,,HIGH,reidin
The 8,20503,2,1323.96,2024-07-31,,5,,HIGH,reidin
The 8,20411,2,1337.09,2024-07-31,,4,,HIGH,reidin
Palm Tower,3506,0,527.43,2024-07-31,,35,,HIGH,reidin
Al Khushkar,712,2,1593.06,2024-07-31,,7,,HIGH,reidin
Al Malak,506,3,4052.61,2024-07-31,,5,,HIGH,reidin
The Fairmont Palm Residences,620,2,2002.09,2024-07-31,,6,,HIGH,reidin
Palm Tower,3516,0,527.43,2024-07-31,,35,,HIGH,reidin
Golden Mile,1101,1,1496.18,2024-07-31,,1,,HIGH,reidin
The Fairmont Palm Residences,5V046,5,3379.86,2024-07-31,,nan,,HIGH,reidin
Golden Mile,5601,1,1302.43,2024-07-31,,6,,HIGH,reidin
Balqis Residences,1101,6,17362.17,2024-07-30,,11,,HIGH,reidin
Royal Atlantis,504,1,790.61,2024-07-30,,5,,HIGH,reidin
Oceana,1101,2,1711.46,2024-07-30,,12,,HIGH,reidin
Al Shirawi,902,3,2185.07,2024-07-30,,9,,HIGH,reidin
Golden Mile,5607,2,1886.8,2024-07-30,,6,,HIGH,reidin
Golden Mile,8410,2,1786.81,2024-07-30,,4,,HIGH,reidin
Al Shamsi,130,3,2171.94,2024-07-30,,1,,HIGH,reidin
Tiara Residences,304,1,1298.99,2024-07-29,,3,,HIGH,reidin
Balqis Residences,GR10,,1013.96,2024-07-29,,G,,HIGH,reidin
Al Basri,201,2,1582.29,2024-07-29,,2,,HIGH,reidin
Jash Hamad,605,2,1553.66,2024-07-29,,6,,HIGH,reidin
Golden Mile,6310,2,1797.57,2024-07-29,,3,,HIGH,reidin
Al Habool,807,2,1991.32,2024-07-29,,8,,HIGH,reidin
Al Hallawi,201,2,1586.17,2024-07-29,,2,,HIGH,reidin
Golden Mile,4401,1,1302.43,2024-07-29,,4,,HIGH,reidin
Serenia Residences,A412,2,1604.9,2024-07-29,,4,,HIGH,reidin
Serenia Residences,A413,2,1507.16,2024-07-29,,4,,HIGH,reidin
Al Das,702,5,2186.9,2024-07-29,,7,,HIGH,reidin
Balqis Residences,GR09,,6708.6,2024-07-29,,G,,HIGH,reidin
Marina Residences,A108,1,1097.92,2024-07-28,,1,,HIGH,reidin
Al Anbara,307,2,1991.32,2024-07-28,,3,,HIGH,reidin
Golden Mile,5506,1,1280.9,2024-07-27,,5,,HIGH,reidin
Al Shamsi,423,1,1059.38,2024-07-26,,4,,HIGH,reidin
Marina Residences,07,,1128.92,2024-07-26,,G,,HIGH,reidin
Al Shamsi,120,3,2164.51,2024-07-26,,1,,HIGH,reidin
Al Shamsi,224,1,1188.33,2024-07-26,,2,,HIGH,reidin
Al Shamsi,411,1,1059.38,2024-07-26,,4,,HIGH,reidin
Al Hallawi,801,2,1582.29,2024-07-26,,8,,HIGH,reidin
Al Hallawi,506,2,2012.85,2024-07-26,,5,,HIGH,reidin
Al Murjan,1010,2,1776.04,2024-07-26,,10,,HIGH,reidin
Tiara Residences,1006,2,1677.02,2024-07-26,,10,,HIGH,reidin
Al Shamsi,416,1,1143.13,2024-07-26,,4,,HIGH,reidin
Al Khushkar,905,2,1550.0,2024-07-26,,9,,HIGH,reidin
The Fairmont Palm Residences,327,2,1754.52,2024-07-26,,3,,HIGH,reidin
Kempinski Residences,G17,2,3993.41,2024-07-25,,G,,HIGH,reidin
Al Hallawi,405,2,1550.0,2024-07-25,,4,,HIGH,reidin
Marina Residences,504,1,1140.97,2024-07-25,,5,,HIGH,reidin
Al Sultana,608,2,1550.0,2024-07-25,,6,,HIGH,reidin
Kempinski Residences,425,2,1765.28,2024-07-25,,4,,HIGH,reidin
Al Das,604,2,1144.63,2024-07-25,,6,,HIGH,reidin
Royal Atlantis,810,1,1097.92,2024-07-25,,8,,HIGH,reidin
Al Hallawi,605,2,1550.0,2024-07-25,,6,,HIGH,reidin
Balqis Residences,VILLAV27,5,13917.72,2024-07-25,,G,,HIGH,reidin
Oceana,G02,1,1377.78,2024-07-25,,G,,HIGH,reidin
Al Fahad,PJFRL053,6,6999.98,2024-07-25,,nan,,HIGH,reidin
Tiara Residences,1201,2,1677.02,2024-07-25,,12,,HIGH,reidin
Al Das,310,5,2156.87,2024-07-25,,3,,HIGH,reidin
Al Sultana,601,2,1563.35,2024-07-24,,6,,HIGH,reidin
Al Hatmi,705,2,1550.76,2024-07-24,,7,,HIGH,reidin
Royal Atlantis,609,2,1420.83,2024-07-24,,6,,HIGH,reidin
Al Shamsi,426,1,1140.44,2024-07-24,,4,,HIGH,reidin
Azizi Mina,804,2,1496.18,2024-07-24,,8,,HIGH,reidin
Oceana,604,1,1338.17,2024-07-24,,7,,HIGH,reidin
Al Shamsi,417,3,2419.83,2024-07-24,,4,,HIGH,reidin
Al Murjan,1002,2,1776.04,2024-07-24,,10,,HIGH,reidin
The Fairmont Palm Residences,P308,,11635.78,2024-07-23,,10,,HIGH,reidin
Golden Mile,1506,1,1288.22,2024-07-23,,5,,HIGH,reidin
Al Hatmi,204,1,1144.63,2024-07-23,,2,,HIGH,reidin
Kempinski Residences,304,2,1765.28,2024-07-23,,3,,HIGH,reidin
Al Msalli,810,3,2154.72,2024-07-23,,8,,HIGH,reidin
Al Das,PH12,,1589.07,2024-07-23,,9,,HIGH,reidin
Marina Residences,CG03,2,3772.21,2024-07-23,,G,,HIGH,reidin
Al Malak,203,2,2034.38,2024-07-23,,2,,HIGH,reidin
Al Das,703,5,2156.87,2024-07-23,,7,,HIGH,reidin
Al Ramth,701,2,1870.01,2024-07-23,,7,,HIGH,reidin
Al Msalli,B1025,,2545.99,2024-07-23,,LG,,HIGH,reidin
Golden Mile,5111,2,2594.1,2024-07-23,,1,,HIGH,reidin
Al Khayali,409,2,1927.49,2024-07-22,,4,,HIGH,reidin
Al Nabat,304,2,1857.74,2024-07-22,,3,,HIGH,reidin
Golden Mile,4107,2,1937.82,2024-07-22,,1,,HIGH,reidin
Al Habool,404,1,1140.97,2024-07-22,,4,,HIGH,reidin
Al Mashraba,704,2,1743.75,2024-07-22,,7,,HIGH,reidin
Al Malak,204,2,2034.38,2024-07-22,,2,,HIGH,reidin
Al Murjan,504,2,1743.75,2024-07-22,,5,,HIGH,reidin
Al Nabat,711,2,1870.01,2024-07-22,,7,,HIGH,reidin
The 8,HAIRSALON,,1345.49,2024-07-22,,G,,HIGH,reidin
Al Hamri,1004,1,1140.97,2024-07-22,,LP,,HIGH,reidin
The Fairmont Palm Residences,5V042,5,3428.3,2024-07-22,,nan,,HIGH,reidin
The Fairmont Palm Residences,5V063,5,3336.81,2024-07-22,,nan,,HIGH,reidin
The Fairmont Palm Residences,5V064,5,3336.81,2024-07-22,,nan,,HIGH,reidin
The Fairmont Palm Residences,5V048,5,3428.3,2024-07-22,,nan,,HIGH,reidin
Tiara Residences,901,2,1679.17,2024-07-22,,9,,HIGH,reidin
Golden Mile,10307,2,1887.67,2024-07-22,,3,,HIGH,reidin
Al Malak,1203,2,1777.98,2024-07-21,,12,,HIGH,reidin
Royal Atlantis,105,1,981.67,2024-07-20,,1,,HIGH,reidin
Marina Residences,A204,2,2034.38,2024-07-19,,2,,HIGH,reidin
Balqis Residences,411,2,1921.79,2024-07-19,,4,,HIGH,reidin
Al Sultana,309,1,1144.63,2024-07-19,,3,,HIGH,reidin
Oceana,G06,1,1424.39,2024-07-19,,G,,HIGH,reidin
Azizi Mina,717,1,914.93,2024-07-19,,7,,HIGH,reidin
Jash Hamad,909,1,1140.97,2024-07-18,,9,,HIGH,reidin
Al Mashraba,303,2,1935.35,2024-07-18,,3,,HIGH,reidin
Al Das,411,5,2218.12,2024-07-18,,4,,HIGH,reidin
Al Khushkar,612,2,1593.06,2024-07-18,,6,,HIGH,reidin
Oceana,701,2,1711.46,2024-07-18,,8,,HIGH,reidin
Al Basri,1008,2,1550.0,2024-07-18,,10,,HIGH,reidin
Al Anbara,406,2,2002.09,2024-07-18,,4,,HIGH,reidin
Marina Residences,A504,1,1119.45,2024-07-18,,5,,HIGH,reidin
Palm Tower,2211,0,601.27,2024-07-18,,22,,HIGH,reidin
Golden Mile,9404,1,1302.43,2024-07-18,,4,,HIGH,reidin
Al Murjan,1003,2,1776.04,2024-07-18,,10,,HIGH,reidin
Al Mashraba,1310,2,1776.04,2024-07-18,,13,,HIGH,reidin
Seven Palm,30107,2,1792.3,2024-07-18,,1,,HIGH,reidin
Seven Palm,C8,,13358.0,2024-07-18,,13,,HIGH,reidin
Seven Palm,40906,2,1743.75,2024-07-17,,9,,HIGH,reidin
Al Anbara,508,2,1550.0,2024-07-17,,5,,HIGH,reidin
Tiara Residences,1102,3,2389.59,2024-07-17,,11,,HIGH,reidin
Al Hatmi,508,2,1550.76,2024-07-17,,5,,HIGH,reidin
Al Khayali,1207,3,2518.75,2024-07-17,,12,,HIGH,reidin
Marina Residences,B306,1,1120.09,2024-07-17,,3,,HIGH,reidin
Al Nabat,G08,2,1550.0,2024-07-17,,G,,HIGH,reidin
Al Shirawi,208,2,1550.0,2024-07-16,,2,,HIGH,reidin
Golden Mile,2106,1,1280.9,2024-07-16,,1,,HIGH,reidin
Al Nabat,G12,2,1602.96,2024-07-16,,G,,HIGH,reidin
Marina Residences,617,2,2023.61,2024-07-16,,6,,HIGH,reidin
Marina Residences,212,1,1140.97,2024-07-16,,2,,HIGH,reidin
Marina Residences,215,1,1140.97,2024-07-16,,2,,HIGH,reidin
Golden Mile,G807,1,1765.28,2024-07-16,,G,,HIGH,reidin
Al Khayali,1102,2,1776.04,2024-07-16,,11,,HIGH,reidin
Marina Residences,410,1,1140.97,2024-07-16,,4,,HIGH,reidin
Al Hamri,408,2,1550.76,2024-07-15,,4,,HIGH,reidin
Palm Tower,PWBCFB06,,5624.35,2024-07-15,,G,,HIGH,reidin
Golden Mile,2412,3,2421.88,2024-07-15,,4,,HIGH,reidin
Marina Residences,BG01,1,1539.24,2024-07-15,,G,,HIGH,reidin
Marina Residences,907,1,1142.05,2024-07-15,,9,,HIGH,reidin
Marina Residences,B201,1,1120.09,2024-07-15,,2,,HIGH,reidin
Al Ramth,604,2,1743.75,2024-07-14,,6,,HIGH,reidin
Serenia Residences,C310,2,1700.7,2024-07-14,,3,,HIGH,reidin
Golden Mile,10412,3,2414.45,2024-07-14,,4,,HIGH,reidin
Al Sahab,PJFRO108,5,5460.96,2024-07-14,,nan,,HIGH,reidin
Club Vista Mare,103,0,606.87,2024-07-13,,1,,HIGH,reidin
Seven Palm,41209,2,2228.13,2024-07-12,,12,,HIGH,reidin
Golden Mile,7109,2,2595.39,2024-07-12,,1,,HIGH,reidin
Golden Mile,3111,2,2440.28,2024-07-12,,1,,HIGH,reidin
Tiara Residences,502,3,2271.18,2024-07-12,,5,,HIGH,reidin
Tiara Residences,G06,1,1358.08,2024-07-12,,G,,HIGH,reidin
Palm Tower,1908,0,516.67,2024-07-12,,19,,HIGH,reidin
Al Mashraba,410,2,1733.53,2024-07-12,,4,,HIGH,reidin
Marina Residences,517,2,2012.85,2024-07-12,,5,,HIGH,reidin
Seven Palm,1006,2,1108.68,2024-07-12,,10,,HIGH,reidin
Al Basri,1208,2,1550.0,2024-07-12,,LP,,HIGH,reidin
Al Hallawi,PH01,4,4832.99,2024-07-11,,LP,,HIGH,reidin
Oceana,905,3,2281.95,2024-07-11,,10,,HIGH,reidin
Golden Mile,6412,3,2421.88,2024-07-11,,4,,HIGH,reidin
Golden Mile,8401,1,1302.43,2024-07-11,,4,,HIGH,reidin
Al Sahab,PJFRO040,4,5000.05,2024-07-11,,nan,,HIGH,reidin
Al Fahad,PJFRL064,4,5000.05,2024-07-11,,nan,,HIGH,reidin
Golden Mile,6602,2,1797.57,2024-07-11,,6,,HIGH,reidin
Al Sultana,PJFRP032,4,5000.05,2024-07-11,,nan,,HIGH,reidin
Golden Mile,2110,2,2604.86,2024-07-11,,1,,HIGH,reidin
Al Msalli,F055,,1619.97,2024-07-11,,1,,HIGH,reidin
Al Msalli,R014,,2398.52,2024-07-10,,R,,HIGH,reidin
The 8,81,,430.56,2024-07-10,,G,,HIGH,reidin
Golden Mile,9305,2,1808.34,2024-07-10,,3,,HIGH,reidin
Golden Mile,8704,4,10247.23,2024-07-10,,7,,HIGH,reidin
Al Msalli,R014A,,4037.11,2024-07-10,,G,,HIGH,reidin
Al Shirawi,106,2,1550.0,2024-07-10,,1,,HIGH,reidin
Serenia Residences,C206,2,1722.22,2024-07-10,,2,,HIGH,reidin
Seven Palm,909,1,710.42,2024-07-10,,9,,HIGH,reidin
Al Nabat,211,2,1953.32,2024-07-10,,2,,HIGH,reidin
Al Basri,711,3,2185.07,2024-07-10,,7,,HIGH,reidin
Oceana,705,3,2281.95,2024-07-10,,8,,HIGH,reidin
Al Murjan,307,3,2443.41,2024-07-10,,3,,HIGH,reidin
Al Shamsi,211,1,1267.77,2024-07-09,,2,,HIGH,reidin
Al Shamsi,204,2,1560.33,2024-07-09,,2,,HIGH,reidin
Al Hallawi,603,3,2163.54,2024-07-09,,6,,HIGH,reidin
Seven Palm,40802,2,2075.06,2024-07-09,,8,,HIGH,reidin
The Fairmont Palm Residences,5V032,5,3336.81,2024-07-09,,nan,,HIGH,reidin
Club Vista Mare,124,0,606.87,2024-07-09,,1,,HIGH,reidin
Al Hallawi,204,1,1140.97,2024-07-09,,2,,HIGH,reidin
Palm Tower,3305,1,1054.86,2024-07-08,,33,,HIGH,reidin
Al Basri,408,2,1550.0,2024-07-08,,4,,HIGH,reidin
Palm Tower,2319,1,1108.68,2024-07-08,,23,,HIGH,reidin
Golden Mile,9509,2,1787.78,2024-07-08,,5,,HIGH,reidin
Jash Hamad,202,3,2206.6,2024-07-08,,2,,HIGH,reidin
Al Malak,809,2,1732.99,2024-07-08,,8,,HIGH,reidin
The 8,101,1,419.36,2024-07-08,,1,,HIGH,reidin
Golden Mile,8604,1,1302.43,2024-07-08,,6,,HIGH,reidin
Al Sahab,PJFRO051,6,6999.98,2024-07-08,,nan,,HIGH,reidin
The Fairmont Palm Residences,408,1,1291.67,2024-07-08,,4,,HIGH,reidin
Al Msalli,1004,1,1140.97,2024-07-08,,LP,,HIGH,reidin
Al Nabat,702,3,2181.95,2024-07-08,,7,,HIGH,reidin
Jash Hamad,712,2,1582.29,2024-07-08,,7,,HIGH,reidin
Al Nabat,PJFRN73B,5,4999.94,2024-07-08,,nan,,HIGH,reidin
Al Khushkar,203,3,2152.78,2024-07-06,,2,,HIGH,reidin
The Fairmont Palm Residences,724,2,1725.35,2024-07-06,,7,,HIGH,reidin
Al Mashraba,703,2,1734.93,2024-07-06,,7,,HIGH,reidin
Golden Mile,2506,1,1288.22,2024-07-05,,5,,HIGH,reidin
Al Basri,309,1,1144.63,2024-07-05,,3,,HIGH,reidin
Al Habool,509,1,1140.97,2024-07-05,,5,,HIGH,reidin
Royal Atlantis,111,1,1087.15,2024-07-05,,1,,HIGH,reidin
Marina Residences,B402,2,2507.99,2024-07-05,,4,,HIGH,reidin
Al Shirawi,803,3,2163.54,2024-07-05,,8,,HIGH,reidin
The 8,1001,1,656.6,2024-07-05,,10,,HIGH,reidin
Golden Mile,7405,2,1808.34,2024-07-05,,4,,HIGH,reidin
Palm Tower,3201,0,505.9,2024-07-05,,32,,HIGH,reidin
Al Anbara,1003,3,2185.07,2024-07-05,,LP,,HIGH,reidin
Golden Mile,1201,1,1303.83,2024-07-05,,2,,HIGH,reidin
Al Ramth,310,2,2040.62,2024-07-05,,3,,HIGH,reidin
Al Hallawi,101,2,1614.59,2024-07-04,,1,,HIGH,reidin
Golden Mile,9602,2,1797.57,2024-07-04,,6,,HIGH,reidin
Al Msalli,1008,2,1550.0,2024-07-04,,LP,,HIGH,reidin
Al Sultana,501,2,1560.77,2024-07-04,,5,,HIGH,reidin
Al Nabat,808,2,1743.75,2024-07-04,,8,,HIGH,reidin
Al Ghaf,PJFRB091,4,5000.05,2024-07-04,,nan,,HIGH,reidin
Jash Hamad,204,1,1140.97,2024-07-04,,2,,HIGH,reidin
Al Nabat,1307,3,2518.75,2024-07-04,,13,,HIGH,reidin
Al Hallawi,301,2,1582.29,2024-07-04,,3,,HIGH,reidin
Marina Residences,116,1,1385.1,2024-07-03,,1,,HIGH,reidin
Al Nabat,607,3,2432.64,2024-07-03,,6,,HIGH,reidin
Al Shamsi,432,2,1681.97,2024-07-03,,4,,HIGH,reidin
Al Shamsi,320,1,1140.54,2024-07-03,,3,,HIGH,reidin
Al Hatmi,909,1,1140.97,2024-07-03,,9,,HIGH,reidin
Balqis Residences,406,2,1959.03,2024-07-03,,4,,HIGH,reidin
Royal Atlantis,602,1,1065.63,2024-07-03,,6,,HIGH,reidin
Al Khayali,1304,2,1745.69,2024-07-03,,13,,HIGH,reidin
Al Habool,204,1,1140.97,2024-07-03,,2,,HIGH,reidin
Royal Atlantis,311,2,1442.36,2024-07-03,,3,,HIGH,reidin
Tiara Residences,701,2,1677.02,2024-07-03,,7,,HIGH,reidin
Royal Atlantis,802,1,1065.63,2024-07-03,,8,,HIGH,reidin
Al Khushkar,1008,2,1550.76,2024-07-03,,10,,HIGH,reidin
The Fairmont Palm Residences,520,2,2002.09,2024-07-03,,5,,HIGH,reidin
Al Fahad,PJFRA056,5,5343.95,2024-07-03,,nan,,HIGH,reidin
The Fairmont Palm Residences,703,1,1291.67,2024-07-02,,7,,HIGH,reidin
Marina Residences,B102,1,1097.92,2024-07-02,,1,,HIGH,reidin
Al Hamri,602,3,2238.89,2024-07-02,,6,,HIGH,reidin
Al Malak,1010,2,1778.09,2024-07-02,,10,,HIGH,reidin
Serenia Residences,B202,3,4877.12,2024-07-02,,2,,HIGH,reidin
Marina Residences,B104,2,1682.83,2024-07-02,,1,,HIGH,reidin
Al Sultana,212,2,1582.29,2024-07-02,,2,,HIGH,reidin
Al Khushkar,1006,2,2002.09,2024-07-02,,10,,HIGH,reidin
Al Msalli,B107,,185.89,2024-07-02,,B1,,HIGH,reidin
Al Msalli,906,2,1991.32,2024-07-02,,9,,HIGH,reidin
Al Ramth,1110,2,1776.04,2024-07-02,,11,,HIGH,reidin
Oceana,1204,1,1334.72,2024-07-02,,13,,HIGH,reidin
Al Habool,601,2,1582.29,2024-07-02,,6,,HIGH,reidin
Al Shamsi,229,1,1268.42,2024-07-01,,2,,HIGH,reidin
The Fairmont Palm Residences,804,1,1323.96,2024-07-01,,8,,HIGH,reidin
The Fairmont Palm Residences,5V039,5,3428.3,2024-07-01,,nan,,HIGH,reidin
Seven Palm,1026,0,353.27,2024-07-01,,10,,HIGH,reidin
Tiara Residences,D05,3,2264.94,2024-07-01,,DCK,,HIGH,reidin
Golden Mile,4611,2,1794.34,2024-07-01,,6,,HIGH,reidin
Golden Mile,3310,2,1797.57,2024-07-01,,3,,HIGH,reidin
Golden Mile,9501,1,1302.43,2024-07-01,,5,,HIGH,reidin
Golden Mile,GM2B7GR23,,4151.64,2024-07-01,,G,,HIGH,reidin
Tiara Residences,1203,1,1298.99,2024-07-01,,12,,HIGH,reidin
Royal Atlantis,808,2,1475.19,2024-07-01,,8,,HIGH,reidin
Al Nabat,508,2,1743.75,2024-07-01,,5,,HIGH,reidin
Al Nabat,312,2,1590.04,2024-07-01,,3,,HIGH,reidin
Palm Tower,4702,2,2314.24,2024-07-01,,47,,HIGH,reidin
Al Mashraba,603,2,1732.99,2024-07-01,,6,,HIGH,reidin
Al Basri,403,3,2163.54,2024-07-01,,4,,HIGH,reidin
Al Shirawi,501,2,1582.29,2024-06-30,,5,,HIGH,reidin
Al Mashraba,711,2,1862.15,2024-06-30,,7,,HIGH,reidin
Seven Palm,323,0,428.62,2024-06-29,,3,,HIGH,reidin
Golden Mile,3501,1,1303.83,2024-06-29,,5,,HIGH,reidin
Golden Mile,3404,1,1306.63,2024-06-29,,4,,HIGH,reidin
Al Hallawi,503,3,2163.54,2024-06-29,,5,,HIGH,reidin
Al Hallawi,307,2,2002.09,2024-06-28,,3,,HIGH,reidin
Al Shamsi,428,3,2192.82,2024-06-28,,4,,HIGH,reidin
Golden Mile,6102,2,2098.96,2024-06-28,,1,,HIGH,reidin
Serenia Residences,A605,1,1065.63,2024-06-28,,6,,HIGH,reidin
Al Murjan,G03,3,2734.03,2024-06-28,,G,,HIGH,reidin
Al Khushkar,210,3,2152.78,2024-06-28,,2,,HIGH,reidin
Al Anbara,1008,2,1550.0,2024-06-28,,LP,,HIGH,reidin
Al Mashraba,801,2,1872.92,2024-06-27,,8,,HIGH,reidin
Al Basri,PJFRF092,5,6999.98,2024-06-27,,nan,,HIGH,reidin
Jash Hamad,406,2,1991.32,2024-06-27,,4,,HIGH,reidin
Balqis Residences,1006,2,1965.49,2024-06-27,,10,,HIGH,reidin
Al Nabat,906,3,4053.47,2024-06-27,,9,,HIGH,reidin
The 8,8701,4,13013.56,2024-06-27,,7,,HIGH,reidin
The 8,5602,3,5469.25,2024-06-27,,6,,HIGH,reidin
Palm Tower,1916,0,527.43,2024-06-27,,19,,HIGH,reidin
Al Msalli,E036,,1436.01,2024-06-27,,2,,HIGH,reidin
Al Msalli,F087,,2345.99,2024-06-27,,1,,HIGH,reidin
Al Msalli,F007,,1380.04,2024-06-27,,1,,HIGH,reidin
Al Malak,PJFRE095,6,6999.98,2024-06-27,,nan,,HIGH,reidin
Al Sultana,809,1,1144.63,2024-06-27,,8,,HIGH,reidin
Al Mashraba,910,2,1732.99,2024-06-26,,9,,HIGH,reidin
Jash Falqa,710,3,2142.02,2024-06-26,,7,,HIGH,reidin
Al Mashraba,LG02,2,2045.14,2024-06-26,,LG,,HIGH,reidin
Al Sultana,110,2,1593.06,2024-06-26,,1,,HIGH,reidin
Al Murjan,1208,2,1743.75,2024-06-26,,12,,HIGH,reidin
Oceana,504,1,1338.17,2024-06-26,,6,,HIGH,reidin
Golden Mile,5312,3,2421.88,2024-06-26,,3,,HIGH,reidin
Kempinski Residences,RG06,,15241.68,2024-06-26,,G,,HIGH,reidin
Al Hallawi,1007,2,1991.32,2024-06-26,,10,,HIGH,reidin
Golden Mile,2607,2,1886.8,2024-06-26,,6,,HIGH,reidin
Golden Mile,3412,3,2421.34,2024-06-26,,4,,HIGH,reidin
Club Vista Mare,003,,4970.55,2024-06-26,,G,,HIGH,reidin
Al Murjan,808,2,1743.75,2024-06-26,,8,,HIGH,reidin
Al Shamsi,420,1,1143.88,2024-06-25,,4,,HIGH,reidin
Marina Residences,A104,2,1754.52,2024-06-25,,1,,HIGH,reidin
Al Shamsi,223,1,1268.85,2024-06-25,,2,,HIGH,reidin
Al Habool,403,3,2152.78,2024-06-25,,4,,HIGH,reidin
Al Malak,1403,5,13095.47,2024-06-25,,14,,HIGH,reidin
Al Msalli,P065B,,444.01,2024-06-25,,G,,HIGH,reidin
Al Shamsi,G23,3,3152.32,2024-06-25,,G,,HIGH,reidin
Golden Mile,7203,2,1801.77,2024-06-24,,2,,HIGH,reidin
Marina Residences,312,1,1142.7,2024-06-24,,3,,HIGH,reidin
Al Msalli,F081,,1464.0,2024-06-24,,1,,HIGH,reidin
Al Shamsi,G54,3,3161.03,2024-06-24,,G,,HIGH,reidin
Al Habool,1003,3,2142.02,2024-06-24,,LP,,HIGH,reidin
The Fairmont Palm Residences,B106,3,5198.96,2024-06-24,,B1,,HIGH,reidin
Al Shirawi,502,3,2217.36,2024-06-24,,5,,HIGH,reidin
Al Basri,708,2,1550.0,2024-06-24,,7,,HIGH,reidin
Al Hallawi,303,3,2163.54,2024-06-24,,3,,HIGH,reidin
Al Fahad,PJFRL054,4,5000.05,2024-06-24,,nan,,HIGH,reidin
Al Anbara,303,3,2158.92,2024-06-24,,3,,HIGH,reidin
Balqis Residences,910,2,1926.74,2024-06-24,,9,,HIGH,reidin
Al Hamri,909,1,1140.97,2024-06-23,,9,,HIGH,reidin
Al Malak,1301,2,2012.85,2024-06-22,,13,,HIGH,reidin
Al Shirawi,110,2,1603.82,2024-06-21,,1,,HIGH,reidin
Al Ramth,111,2,1975.28,2024-06-21,,1,,HIGH,reidin
Al Ghaf,PJFRB025,5,5343.95,2024-06-21,,nan,,HIGH,reidin
Al Nabat,812,2,1582.29,2024-06-21,,8,,HIGH,reidin
Al Mashraba,GF02,,927.31,2024-06-21,,1,,HIGH,reidin
Golden Mile,3311,2,1794.34,2024-06-20,,3,,HIGH,reidin
Al Hamri,J1,1,742.71,2024-06-20,,1,,HIGH,reidin
Golden Mile,3305,2,1808.34,2024-06-20,,3,,HIGH,reidin
Al Hallawi,1004,1,1140.97,2024-06-20,,10,,HIGH,reidin
Al Hallawi,804,1,1145.39,2024-06-20,,8,,HIGH,reidin
Al Mashraba,110,2,2045.68,2024-06-20,,1,,HIGH,reidin
Al Fahad,PJFRA046,5,6999.98,2024-06-20,,nan,,HIGH,reidin
Al Malak,303,2,1937.5,2024-06-20,,3,,HIGH,reidin
Al Fahad,PJFRL041,6,6999.98,2024-06-20,,nan,,HIGH,reidin
Al Hamri,312,2,1582.29,2024-06-20,,3,,HIGH,reidin
Golden Mile,5706,,4445.49,2024-06-19,,7,,HIGH,reidin
Kempinski Residences,611,4,3853.48,2024-06-19,,6,,HIGH,reidin
Golden Mile,G204,3,3702.78,2024-06-19,,G,,HIGH,reidin
The Fairmont Palm Residences,4V099,4,3137.68,2024-06-19,,nan,,HIGH,reidin
Balqis Residences,202,5,10182.65,2024-06-19,,2,,HIGH,reidin
Al Khushkar,811,3,2185.07,2024-06-19,,8,,HIGH,reidin
Al Hatmi,504,1,1140.97,2024-06-19,,5,,HIGH,reidin
Al Ghaf,PJFRB084,4,5000.05,2024-06-19,,nan,,HIGH,reidin
Golden Mile,1411,2,1797.57,2024-06-19,,4,,HIGH,reidin
Golden Mile,10111,2,2604.86,2024-06-19,,1,,HIGH,reidin
The Fairmont Palm Residences,716,2,1777.34,2024-06-19,,7,,HIGH,reidin
The 8,10110,2,1329.66,2024-06-19,,1,,HIGH,reidin
The Fairmont Palm Residences,707,1,1291.67,2024-06-19,,7,,HIGH,reidin
Golden Mile,9512,3,2414.24,2024-06-17,,5,,HIGH,reidin
Al Hamri,209,1,1140.97,2024-06-15,,2,,HIGH,reidin
Royal Atlantis,703,2,1625.35,2024-06-15,,7,,HIGH,reidin
Al Shirawi,801,2,1582.29,2024-06-14,,8,,HIGH,reidin
Al Shirawi,305,2,1550.76,2024-06-14,,3,,HIGH,reidin
Al Shamsi,G41,3,4484.99,2024-06-14,,G,,HIGH,reidin
Al Anbara,PH01,4,4832.99,2024-06-13,,LP,,HIGH,reidin
Al Nabat,PJFRN069B,5,4843.76,2024-06-13,,nan,,HIGH,reidin
Al Seef,PJFRM115,4,5000.05,2024-06-13,,nan,,HIGH,reidin
Al Shirawi,205,2,1550.76,2024-06-13,,2,,HIGH,reidin
The Fairmont Palm Residences,P302,,4354.43,2024-06-13,,10,,HIGH,reidin
Palm Tower,2702,0,523.99,2024-06-13,,27,,HIGH,reidin
Palm Tower,4119,1,1119.45,2024-06-13,,41,,HIGH,reidin
Golden Mile,2108,3,3328.63,2024-06-13,,1,,HIGH,reidin
Golden Mile,6208,3,3326.05,2024-06-13,,2,,HIGH,reidin
Al Hallawi,104,1,1140.97,2024-06-13,,1,,HIGH,reidin
Al Shirawi,309,1,1140.97,2024-06-13,,3,,HIGH,reidin
Serenia Residences,C208,1,1108.68,2024-06-13,,2,,HIGH,reidin
Golden Mile,1507,2,1883.68,2024-06-13,,5,,HIGH,reidin
The 8,10002,1,2411.11,2024-06-13,,G,,HIGH,reidin
Golden Mile,9601,1,1302.43,2024-06-13,,6,,HIGH,reidin
Al Khushkar,212,2,1585.85,2024-06-13,,2,,HIGH,reidin
Al Habool,302,3,2217.36,2024-06-12,,3,,HIGH,reidin
Golden Mile,OF15,,3587.93,2024-06-12,,MEZ,,HIGH,reidin
Al Murjan,1007,3,2524.46,2024-06-12,,10,,HIGH,reidin
Royal Atlantis,806,1,898.57,2024-06-12,,8,,HIGH,reidin
Tiara Residences,602,3,2271.18,2024-06-12,,6,,HIGH,reidin
Palm Tower,3207,0,517.42,2024-06-12,,32,,HIGH,reidin
Golden Mile,GM2B9FB21,,722.8,2024-06-12,,B1,,HIGH,reidin
Al Nabat,1104,2,1743.75,2024-06-12,,11,,HIGH,reidin
Palm Tower,3206,0,523.34,2024-06-12,,32,,HIGH,reidin
Kempinski Residences,421,2,1754.52,2024-06-12,,4,,HIGH,reidin
Balqis Residences,307,2,2515.85,2024-06-12,,3,,HIGH,reidin
Al Nabat,PH09,1,1130.21,2024-06-12,,9,,HIGH,reidin
The Fairmont Palm Residences,115,2,2163.54,2024-06-12,,1,,HIGH,reidin
Balqis Residences,GR02,,599.23,2024-06-11,,G,,HIGH,reidin
Al Das,908,4,1550.76,2024-06-11,,9,,HIGH,reidin
Al Hallawi,403,3,2160.96,2024-06-11,,4,,HIGH,reidin
Al Habool,805,2,1550.0,2024-06-11,,8,,HIGH,reidin
Al Das,603,5,2156.87,2024-06-11,,6,,HIGH,reidin
Marina Residences,817,2,2023.61,2024-06-11,,8,,HIGH,reidin
Al Mashraba,907,3,2443.41,2024-06-11,,9,,HIGH,reidin
Kempinski Residences,R102,,2292.71,2024-06-11,,1,,HIGH,reidin
Kempinski Residences,RG03,,387.5,2024-06-11,,G,,HIGH,reidin
Al Das,504,2,1144.63,2024-06-11,,5,,HIGH,reidin
Palm Tower,2919,1,1108.68,2024-06-11,,29,,HIGH,reidin
Al Sultana,207,2,1996.7,2024-06-11,,2,,HIGH,reidin
Al Khayali,207,3,2443.41,2024-06-11,,2,,HIGH,reidin
Royal Atlantis,501,1,871.88,2024-06-11,,5,,HIGH,reidin
Golden Mile,3312,3,2421.88,2024-06-11,,3,,HIGH,reidin
Al Habool,312,2,1582.29,2024-06-11,,3,,HIGH,reidin
Al Basri,PJFRD067,6,6999.98,2024-06-11,,nan,,HIGH,reidin
Golden Mile,8610,2,1797.57,2024-06-11,,6,,HIGH,reidin
Al Fahad,PJFRA060,5,6999.98,2024-06-11,,nan,,HIGH,reidin
Palm Tower,3409,1,1119.45,2024-06-11,,34,,HIGH,reidin
Royal Atlantis,303,2,1636.11,2024-06-10,,3,,HIGH,reidin
Jash Falqa,505,2,1550.0,2024-06-10,,5,,HIGH,reidin
The 8,10310,2,1334.72,2024-06-10,,3,,HIGH,reidin
Al Malak,602,2,1732.99,2024-06-10,,6,,HIGH,reidin
Marina Residences,503,1,1140.97,2024-06-10,,5,,HIGH,reidin
Golden Mile,10506,1,1289.73,2024-06-10,,5,,HIGH,reidin
Al Mashraba,605,3,2443.41,2024-06-10,,6,,HIGH,reidin
Al Fahad,PJFRL107,5,6999.98,2024-06-10,,nan,,HIGH,reidin
Al Malak,509,2,1732.99,2024-06-10,,5,,HIGH,reidin
Al Nabat,1306,3,4057.99,2024-06-10,,13,,HIGH,reidin
Al Shirawi,302,3,2206.6,2024-06-10,,3,,HIGH,reidin
Al Sultana,202,3,2195.84,2024-06-10,,2,,HIGH,reidin
Al Shirawi,201,2,1582.29,2024-06-10,,2,,HIGH,reidin
The Fairmont Palm Residences,508,1,1291.67,2024-06-10,,5,,HIGH,reidin
Al Malak,410,2,1732.99,2024-06-10,,4,,HIGH,reidin
Al Khayali,710,2,1732.99,2024-06-10,,7,,HIGH,reidin
The Fairmont Palm Residences,4V090,4,3137.68,2024-06-10,,nan,,HIGH,reidin
Al Murjan,802,2,1732.99,2024-06-10,,8,,HIGH,reidin
Seven Palm,1024,0,352.19,2024-06-10,,10,,HIGH,reidin
Al Shamsi,G39,3,4484.89,2024-06-10,,G,,HIGH,reidin
Jash Falqa,502,3,2217.36,2024-06-09,,5,,HIGH,reidin
Jash Hamad,408,2,1550.0,2024-06-07,,4,,HIGH,reidin
Jash Falqa,501,2,1560.77,2024-06-07,,5,,HIGH,reidin
Serenia Residences,C209,2,1829.86,2024-06-07,,2,,HIGH,reidin
Al Shirawi,912,2,1582.29,2024-06-07,,9,,HIGH,reidin
Al Seef,PJFRM039,5,6999.98,2024-06-07,,nan,,HIGH,reidin
Golden Mile,3402,2,1799.08,2024-06-07,,4,,HIGH,reidin
Al Malak,905,3,2443.41,2024-06-07,,9,,HIGH,reidin
Jash Falqa,208,2,1550.0,2024-06-07,,2,,HIGH,reidin
Golden Mile,7110,2,2604.86,2024-06-07,,1,,HIGH,reidin
Al Khayali,PJFRC130,6,6999.98,2024-06-07,,nan,,HIGH,reidin
Golden Mile,4502,2,1797.57,2024-06-07,,5,,HIGH,reidin
Al Anbara,204,1,1140.97,2024-06-06,,2,,HIGH,reidin
Al Khayali,1403,5,13095.47,2024-06-06,,14,,HIGH,reidin
Royal Atlantis,211,2,1403.94,2024-06-06,,2,,HIGH,reidin
The Fairmont Palm Residences,310,1,1700.7,2024-06-06,,3,,HIGH,reidin
Marina Residences,113,1,1386.5,2024-06-06,,1,,HIGH,reidin
Al Sahab,PJFRO097,4,5000.05,2024-06-06,,nan,,HIGH,reidin
Al Nabat,804,2,1745.69,2024-06-06,,8,,HIGH,reidin
Al Anbara,904,1,1145.39,2024-06-06,,9,,HIGH,reidin
Al Msalli,209,1,1140.97,2024-06-06,,2,,HIGH,reidin
Al Shamsi,G26,3,2979.77,2024-06-06,,G,,HIGH,reidin
Jash Falqa,PH12,4,4832.99,2024-06-05,,LP,,HIGH,reidin
Al Anbara,310,3,2163.54,2024-06-05,,3,,HIGH,reidin
Al Seef,PJFRM023,5,6999.98,2024-06-05,,nan,,HIGH,reidin
Palm Tower,3418,1,1065.63,2024-06-05,,34,,HIGH,reidin
Golden Mile,6409,2,1787.78,2024-06-05,,4,,HIGH,reidin
Al Ramth,403,2,1926.74,2024-06-05,,4,,HIGH,reidin
Golden Mile,4508,3,3326.05,2024-06-05,,5,,HIGH,reidin
Marina Residences,1006,1,1142.7,2024-06-05,,10,,HIGH,reidin
Al Fahad,PJFRA054,5,5343.95,2024-06-05,,nan,,HIGH,reidin
Al Msalli,807,2,1991.32,2024-06-05,,8,,HIGH,reidin
Al Habool,308,2,1550.0,2024-06-05,,3,,HIGH,reidin
Seven Palm,30703,2,1442.36,2024-06-05,,7,,HIGH,reidin
Al Das,902,5,2186.9,2024-06-04,,9,,HIGH,reidin
Al Basri,PJFRF029,4,5000.05,2024-06-04,,nan,,HIGH,reidin
Al Hallawi,1102,3,2181.3,2024-06-04,,LP,,HIGH,reidin
Al Seef,PJFRM036,4,5000.05,2024-06-04,,nan,,HIGH,reidin
Al Khushkar,105,2,1550.0,2024-06-04,,1,,HIGH,reidin
Marina Residences,A503,1,1104.05,2024-06-04,,5,,HIGH,reidin
The 8,20112,1,915.9,2024-06-04,,1,,HIGH,reidin
Golden Mile,7404,1,1302.43,2024-06-04,,4,,HIGH,reidin
Al Msalli,F022,,1411.04,2024-06-04,,1,,HIGH,reidin
Al Shamsi,217,1,1268.85,2024-06-04,,2,,HIGH,reidin
Golden Mile,B6RT18A,,423.13,2024-06-04,,B1,,HIGH,reidin
Al Mashraba,304,2,1857.74,2024-06-04,,3,,HIGH,reidin
Golden Mile,RT19,,824.62,2024-06-04,,B1,,HIGH,reidin
Al Murjan,1103,2,1776.04,2024-06-04,,11,,HIGH,reidin
Al Hatmi,310,3,2163.54,2024-06-04,,3,,HIGH,reidin
Marina Residences,C208,1,1101.47,2024-06-04,,2,,HIGH,reidin
Al Basri,105,2,1550.0,2024-06-03,,1,,HIGH,reidin
Azizi Mina,814,1,947.22,2024-06-03,,8,,HIGH,reidin
Al Msalli,P051A,,864.02,2024-06-03,,G,,HIGH,reidin
Golden Mile,5301,1,1302.43,2024-06-03,,3,,HIGH,reidin
The Fairmont Palm Residences,B103,3,4908.34,2024-06-03,,B1,,HIGH,reidin
The Fairmont Palm Residences,510,1,1550.0,2024-06-03,,5,,HIGH,reidin
Marina Residences,507,1,1141.73,2024-06-03,,5,,HIGH,reidin
Al Sultana,904,1,1140.97,2024-06-03,,LP,,HIGH,reidin
Golden Mile,7202,2,1797.57,2024-06-03,,2,,HIGH,reidin
Al Seef,PJFRM025,5,6999.98,2024-06-03,,nan,,HIGH,reidin
Al Msalli,1011,3,2185.07,2024-06-03,,LP,,HIGH,reidin
Marina Residences,610,1,1142.7,2024-06-03,,6,,HIGH,reidin
Al Malak,PJFRE002,6,6999.98,2024-06-03,,nan,,HIGH,reidin
Al Hamri,309,1,1140.97,2024-06-03,,3,,HIGH,reidin
Al Khayali,405,3,2443.41,2024-06-03,,4,,HIGH,reidin
Al Khushkar,703,3,2152.78,2024-06-03,,7,,HIGH,reidin
Al Khushkar,1210,3,2142.02,2024-06-03,,LP,,HIGH,reidin
Al Murjan,506,3,4052.61,2024-06-02,,5,,HIGH,reidin
Al Sultana,304,1,1140.97,2024-06-02,,3,,HIGH,reidin
Balqis Residences,204,4,8701.97,2024-06-02,,2,,HIGH,reidin
Al Khushkar,605,2,1550.0,2024-06-01,,6,,HIGH,reidin
Oceana,906,2,1709.2,2024-06-01,,10,,HIGH,reidin
Al Nabat,1202,2,1776.04,2024-05-31,,12,,HIGH,reidin
Al Nabat,1402,4,6820.55,2024-05-31,,14,,HIGH,reidin
Balqis Residences,805,3,2327.48,2024-05-31,,8,,HIGH,reidin
Al Anbara,610,3,2160.96,2024-05-31,,6,,HIGH,reidin
Al Msalli,101,2,1603.82,2024-05-31,,1,,HIGH,reidin
The Fairmont Palm Residences,425,2,1991.32,2024-05-31,,4,,HIGH,reidin
Club Vista Mare,112,0,606.87,2024-05-31,,1,,HIGH,reidin
Al Msalli,F019B,,1105.02,2024-05-31,,1,,HIGH,reidin
Golden Mile,5407,2,1886.8,2024-05-31,,4,,HIGH,reidin
Al Murjan,1101,2,2019.09,2024-05-31,,11,,HIGH,reidin
Al Basri,PJFRD088,4,5000.05,2024-05-31,,nan,,HIGH,reidin
Balqis Residences,VILLAV32,5,13917.72,2024-05-31,,G,,HIGH,reidin
Al Murjan,803,2,1734.93,2024-05-31,,8,,HIGH,reidin
Al Malak,PJFRE080,4,5000.05,2024-05-31,,nan,,HIGH,reidin
Al Mashraba,308,2,1857.74,2024-05-30,,3,,HIGH,reidin
The Fairmont Palm Residences,611,3,2174.74,2024-05-30,,6,,HIGH,reidin
Al Basri,1211,3,2185.07,2024-05-30,,LP,,HIGH,reidin
Al Nabat,311,3,2217.36,2024-05-30,,3,,HIGH,reidin
Al Sultana,708,2,1550.0,2024-05-30,,7,,HIGH,reidin
Jash Falqa,407,2,1991.32,2024-05-30,,4,,HIGH,reidin
Al Murjan,G07,2,1934.81,2024-05-30,,G,,HIGH,reidin
Serenia Residences,C803,2,1704.14,2024-05-30,,8,,HIGH,reidin
The Fairmont Palm Residences,908,1,1291.67,2024-05-30,,9,,HIGH,reidin
Marina Residences,C501,2,1767.0,2024-05-29,,5,,HIGH,reidin
Al Malak,1004,2,1745.69,2024-05-29,,10,,HIGH,reidin
Al Shirawi,1002,3,2185.07,2024-05-29,,10,,HIGH,reidin
Al Sultana,804,1,1140.97,2024-05-29,,8,,HIGH,reidin
Al Fahad,PJFRL036,4,5000.05,2024-05-29,,nan,,HIGH,reidin
Golden Mile,10104,1,1410.18,2024-05-29,,1,,HIGH,reidin
Golden Mile,2610,2,1797.57,2024-05-29,,6,,HIGH,reidin
Al Shamsi,RETAIL19,,1721.79,2024-05-29,,G,,HIGH,reidin
Golden Mile,4101,1,1302.43,2024-05-29,,1,,HIGH,reidin
The Fairmont Palm Residences,5V047,5,3379.86,2024-05-29,,nan,,HIGH,reidin
Al Shirawi,312,2,1582.29,2024-05-29,,3,,HIGH,reidin
Al Murjan,1404,4,6820.44,2024-05-29,,14,,HIGH,reidin
Jash Falqa,J1,1,720.21,2024-05-28,,1,,HIGH,reidin
Jash Falqa,212,2,1582.29,2024-05-28,,2,,HIGH,reidin
Al Ramth,G02,3,4951.39,2024-05-28,,G,,HIGH,reidin
Al Mashraba,601,2,1872.92,2024-05-28,,6,,HIGH,reidin
Al Msalli,F034,,3814.94,2024-05-28,,1,,HIGH,reidin
Golden Mile,GM1B5FB26,,652.18,2024-05-28,,B1,,HIGH,reidin
Golden Mile,RT36,,792.33,2024-05-27,,G,,HIGH,reidin
Al Das,608,4,1550.76,2024-05-27,,6,,HIGH,reidin
The Fairmont Palm Residences,302,1,1377.78,2024-05-27,,3,,HIGH,reidin
Golden Mile,8611,2,1794.34,2024-05-27,,6,,HIGH,reidin
Kempinski Residences,R107,,2281.95,2024-05-27,,1,,HIGH,reidin
Seven Palm,5001,5,12303.14,2024-05-27,,G,,HIGH,reidin
Al Shamsi,216,1,1188.33,2024-05-27,,2,,HIGH,reidin
Al Mashraba,903,2,1732.99,2024-05-27,,9,,HIGH,reidin
Al Malak,PJFRE122,6,6999.98,2024-05-27,,nan,,HIGH,reidin
Golden Mile,5409,2,1786.81,2024-05-27,,4,,HIGH,reidin
Kempinski Residences,RG16,,430.56,2024-05-27,,G,,HIGH,reidin
Golden Mile,1601,1,1302.43,2024-05-26,,6,,HIGH,reidin
The Fairmont Palm Residences,719,2,1723.19,2024-05-26,,7,,HIGH,reidin
Al Msalli,F059A,,1080.91,2024-05-24,,1,,HIGH,reidin
Al Nabat,608,2,1549.03,2024-05-24,,6,,HIGH,reidin
Golden Mile,1402,2,1797.57,2024-05-24,,4,,HIGH,reidin
Al Ghaf,PJFRC120,4,5000.05,2024-05-24,,nan,,HIGH,reidin
The Fairmont Palm Residences,815,2,1727.61,2024-05-24,,8,,HIGH,reidin
Jash Hamad,302,3,2206.6,2024-05-24,,3,,HIGH,reidin
Al Anbara,1004,1,1140.97,2024-05-24,,LP,,HIGH,reidin
Al Hamri,411,3,2217.36,2024-05-24,,4,,HIGH,reidin
Al Khayali,702,2,1735.25,2024-05-24,,7,,HIGH,reidin
The Fairmont Palm Residences,722,2,1717.16,2024-05-24,,7,,HIGH,reidin
Al Malak,PJFRE045,5,6999.98,2024-05-24,,nan,,HIGH,reidin
Al Hatmi,608,2,1550.76,2024-05-24,,6,,HIGH,reidin
Marina Residences,815,1,1140.97,2024-05-24,,8,,HIGH,reidin
Al Ramth,801,2,1872.92,2024-05-24,,8,,HIGH,reidin
The 8,10602,2,1334.72,2024-05-24,,6,,HIGH,reidin
Marina Residences,A202,1,1119.45,2024-05-24,,2,,HIGH,reidin
Al Khayali,TH02,2,4097.49,2024-05-23,,LG,,HIGH,reidin
The 8,10315,2,1313.2,2024-05-23,,3,,HIGH,reidin
Al Murjan,209,2,2041.8,2024-05-23,,2,,HIGH,reidin
Al Khayali,510,2,1732.99,2024-05-23,,5,,HIGH,reidin
Al Khayali,TH03,2,4089.74,2024-05-23,,LG,,HIGH,reidin
Al Malak,TH03,2,4089.74,2024-05-23,,LG,,HIGH,reidin
Al Ghaf,PJFRB035,5,5343.95,2024-05-23,,nan,,HIGH,reidin
Al Ghaf,PJFRB092,6,6999.98,2024-05-23,,nan,,HIGH,reidin
The Fairmont Palm Residences,5V055,5,3336.81,2024-05-23,,nan,,HIGH,reidin
Al Sahab,302,4,6189.24,2024-05-23,,3,,HIGH,reidin
Al Shirawi,511,3,2212.63,2024-05-23,,5,,HIGH,reidin
Al Das,210,5,2156.87,2024-05-23,,2,,HIGH,reidin
Al Khayali,311,2,1948.27,2024-05-23,,3,,HIGH,reidin
Seven Palm,1308,1,710.42,2024-05-23,,13,,HIGH,reidin
Palm Tower,PWBB2FB2,,2124.58,2024-05-22,,G,,HIGH,reidin
Palm Tower,PWBB2FB1,,2124.58,2024-05-22,,G,,HIGH,reidin
Azizi Mina,316,1,968.75,2024-05-22,,3,,HIGH,reidin
Golden Mile,6510,2,1794.34,2024-05-22,,5,,HIGH,reidin
Golden Mile,8409,2,1786.81,2024-05-22,,4,,HIGH,reidin
Al Anbara,612,2,1582.72,2024-05-22,,6,,HIGH,reidin
Al Nabat,407,3,2439.75,2024-05-22,,4,,HIGH,reidin
Balqis Residences,711,2,1923.94,2024-05-22,,7,,HIGH,reidin
Golden Mile,10304,1,1306.63,2024-05-22,,3,,HIGH,reidin
Balqis Residences,605,3,2368.06,2024-05-22,,6,,HIGH,reidin
Al Habool,511,3,2217.36,2024-05-22,,5,,HIGH,reidin
Al Nabat,PH01,4,4843.76,2024-05-22,,9,,HIGH,reidin
The 8,3702,3,5920.15,2024-05-22,,7,,HIGH,reidin
Golden Mile,GM2B8GR13,,3217.44,2024-05-22,,G,,HIGH,reidin
Golden Mile,1206,1,1288.22,2024-05-22,,2,,HIGH,reidin
The 8,10216,2,1291.67,2024-05-22,,2,,HIGH,reidin
Al Mashraba,310,2,2040.62,2024-05-22,,3,,HIGH,reidin
Al Ramth,305,3,2443.41,2024-05-22,,3,,HIGH,reidin
The Fairmont Palm Residences,5V022,5,3417.54,2024-05-22,,nan,,HIGH,reidin
The Fairmont Palm Residences,210,1,1689.93,2024-05-21,,2,,HIGH,reidin
Al Khushkar,709,1,1144.63,2024-05-21,,7,,HIGH,reidin
Al Nabat,PJFRN068B,5,6881.04,2024-05-21,,nan,,HIGH,reidin
Jash Falqa,510,3,2163.54,2024-05-21,,5,,HIGH,reidin
The Fairmont Palm Residences,424,2,1926.74,2024-05-21,,4,,HIGH,reidin
Al Murjan,1302,2,1776.04,2024-05-21,,13,,HIGH,reidin
Marina Residences,C303,3,3725.28,2024-05-21,,3,,HIGH,reidin
Golden Mile,4409,2,1786.81,2024-05-21,,4,,HIGH,reidin
Golden Mile,7401,1,1302.43,2024-05-21,,4,,HIGH,reidin
Golden Mile,4606,1,1291.67,2024-05-21,,6,,HIGH,reidin
Azizi Mina,623,1,856.48,2024-05-21,,6,,HIGH,reidin
Al Basri,705,2,1550.0,2024-05-21,,7,,HIGH,reidin
Al Seef,PJFRM073,4,6000.01,2024-05-20,,nan,,HIGH,reidin
Al Habool,311,3,2217.36,2024-05-20,,3,,HIGH,reidin
Al Basri,701,2,1582.29,2024-05-20,,7,,HIGH,reidin
Al Mashraba,105,3,2734.03,2024-05-20,,1,,HIGH,reidin
Al Shamsi,RETAIL6,,1240.22,2024-05-20,,G,,HIGH,reidin
Al Anbara,911,3,2174.31,2024-05-20,,9,,HIGH,reidin
Al Nabat,611,3,2181.95,2024-05-20,,6,,HIGH,reidin
Al Shamsi,414,1,1059.38,2024-05-20,,4,,HIGH,reidin
Al Shamsi,RETAIL5,,1245.06,2024-05-20,,G,,HIGH,reidin
Balqis Residences,706,2,1957.85,2024-05-20,,7,,HIGH,reidin
Al Ramth,1301,2,2019.09,2024-05-20,,13,,HIGH,reidin
Serenia Residences,C410,2,1707.69,2024-05-20,,4,,HIGH,reidin
Palm Tower,2110,1,1108.79,2024-05-19,,21,,HIGH,reidin
Al Ramth,207,3,2438.24,2024-05-19,,2,,HIGH,reidin
Al Nabat,1207,3,2524.46,2024-05-18,,12,,HIGH,reidin
The Fairmont Palm Residences,B104,3,4897.57,2024-05-17,,B1,,HIGH,reidin
Al Malak,PJFRE103,6,6999.98,2024-05-17,,nan,,HIGH,reidin
Al Malak,807,3,2443.41,2024-05-17,,8,,HIGH,reidin
Al Hatmi,908,2,1550.0,2024-05-17,,9,,HIGH,reidin
Palm Tower,4410,1,1119.45,2024-05-17,,44,,HIGH,reidin
Al Sultana,302,3,2217.36,2024-05-17,,3,,HIGH,reidin
The Fairmont Palm Residences,R10,,207.64,2024-05-17,,G,,HIGH,reidin
Al Sahab,PJFRO129,5,5460.96,2024-05-17,,nan,,HIGH,reidin
Palm Tower,3002,0,516.67,2024-05-17,,30,,HIGH,reidin
Al Ramth,809,2,1732.99,2024-05-16,,8,,HIGH,reidin
Al Das,406,4,1996.7,2024-05-16,,4,,HIGH,reidin
Al Fahad,PJFRL109,6,6999.98,2024-05-16,,nan,,HIGH,reidin
Balqis Residences,907,2,1877.22,2024-05-16,,9,,HIGH,reidin
The Fairmont Palm Residences,B102,3,4988.53,2024-05-16,,B1,,HIGH,reidin
Golden Mile,1504,1,1302.43,2024-05-16,,5,,HIGH,reidin
Seven Palm,40902,2,1439.67,2024-05-16,,9,,HIGH,reidin
Balqis Residences,304,2,2185.07,2024-05-16,,3,,HIGH,reidin
Al Hallawi,510,3,2163.54,2024-05-16,,5,,HIGH,reidin
Palm Tower,3105,1,1055.08,2024-05-16,,31,,HIGH,reidin
Al Malak,206,3,4053.36,2024-05-16,,2,,HIGH,reidin
Al Khayali,1307,3,2529.52,2024-05-16,,13,,HIGH,reidin
Al Shamsi,G24,3,2981.82,2024-05-16,,G,,HIGH,reidin
Golden Mile,10210,2,1797.57,2024-05-16,,2,,HIGH,reidin
Kempinski Residences,212,2,1743.75,2024-05-16,,2,,HIGH,reidin
Golden Mile,10312,3,2421.88,2024-05-15,,3,,HIGH,reidin
Al Fahad,PJFRA048,5,6999.98,2024-05-15,,nan,,HIGH,reidin
Al Msalli,F006,,1437.95,2024-05-15,,1,,HIGH,reidin
Al Msalli,F048,,1577.99,2024-05-15,,1,,HIGH,reidin
Al Das,103,5,2241.47,2024-05-15,,1,,HIGH,reidin
Al Sultana,308,2,1550.0,2024-05-15,,3,,HIGH,reidin
Royal Atlantis,801,1,861.87,2024-05-15,,8,,HIGH,reidin
Azizi Mina,610,2,1291.67,2024-05-15,,6,,HIGH,reidin
The 8,20307,3,1689.93,2024-05-15,,3,,HIGH,reidin
The Fairmont Palm Residences,913,2,1723.3,2024-05-15,,9,,HIGH,reidin
Al Khayali,104,2,2045.14,2024-05-15,,1,,HIGH,reidin
Al Basri,1210,3,2143.52,2024-05-15,,LP,,HIGH,reidin
Golden Mile,5501,1,1303.83,2024-05-15,,5,,HIGH,reidin
Balqis Residences,GR05,,1021.82,2024-05-15,,G,,HIGH,reidin
The Fairmont Palm Residences,R4,,6232.3,2024-05-14,,LG,,HIGH,reidin
The Fairmont Palm Residences,616,2,1776.04,2024-05-14,,6,,HIGH,reidin
Golden Mile,5110,2,2604.11,2024-05-14,,1,,HIGH,reidin
Al Basri,1006,2,1991.32,2024-05-14,,10,,HIGH,reidin
Palm Tower,3607,1,1044.1,2024-05-14,,36,,HIGH,reidin
Al Das,502,5,2218.12,2024-05-14,,5,,HIGH,reidin
The Fairmont Palm Residences,921,2,1732.99,2024-05-14,,9,,HIGH,reidin
Azizi Mina,202,1,990.28,2024-05-14,,2,,HIGH,reidin
Al Basri,306,2,2002.09,2024-05-14,,3,,HIGH,reidin
Al Khayali,607,3,2438.78,2024-05-14,,6,,HIGH,reidin
Al Hatmi,903,3,2139.65,2024-05-14,,9,,HIGH,reidin
Al Malak,808,2,1743.75,2024-05-13,,8,,HIGH,reidin
Golden Mile,7509,2,1786.81,2024-05-13,,5,,HIGH,reidin
Al Murjan,508,2,1743.75,2024-05-13,,5,,HIGH,reidin
Marina Residences,110,1,1386.39,2024-05-13,,1,,HIGH,reidin
Seven Palm,219,0,419.79,2024-05-13,,2,,HIGH,reidin
Al Seef,PJFRM037,4,5000.05,2024-05-13,,nan,,HIGH,reidin
Al Malak,1002,2,1778.09,2024-05-13,,10,,HIGH,reidin
The 8,20604,2,1323.96,2024-05-13,,6,,HIGH,reidin
Golden Mile,5106,1,1291.67,2024-05-12,,1,,HIGH,reidin
Al Khayali,1305,3,2529.52,2024-05-12,,13,,HIGH,reidin
The 8,10215,2,1313.2,2024-05-12,,2,,HIGH,reidin
Palm Tower,3218,1,1068.42,2024-05-11,,32,,HIGH,reidin
Al Das,610,5,2156.87,2024-05-10,,6,,HIGH,reidin
The Fairmont Palm Residences,113,2,2163.54,2024-05-10,,1,,HIGH,reidin
Al Habool,602,3,2217.36,2024-05-10,,6,,HIGH,reidin
Golden Mile,4405,2,1808.34,2024-05-10,,4,,HIGH,reidin
Marina Residences,106,1,1388.11,2024-05-10,,1,,HIGH,reidin
Al Mashraba,B109,,159.84,2024-05-10,,B1,,HIGH,reidin
Al Mashraba,1102,2,1776.04,2024-05-10,,11,,HIGH,reidin
Club Vista Mare,116,0,606.87,2024-05-10,,1,,HIGH,reidin
Al Basri,1109,1,1144.63,2024-05-10,,11,,HIGH,reidin
The Fairmont Palm Residences,218,3,4229.03,2024-05-10,,2,,HIGH,reidin
Marina Residences,612,1,1142.7,2024-05-09,,6,,HIGH,reidin
Golden Mile,3606,1,1288.22,2024-05-09,,6,,HIGH,reidin
Marina Residences,702,1,1140.97,2024-05-09,,7,,HIGH,reidin
Al Msalli,E080,,1388.97,2024-05-09,,2,,HIGH,reidin
Golden Mile,8405,2,1806.51,2024-05-09,,4,,HIGH,reidin
Balqis Residences,906,5,3487.5,2024-05-09,,9,,HIGH,reidin
Al Habool,708,2,1550.86,2024-05-09,,7,,HIGH,reidin
Golden Mile,9707,3,5105.32,2024-05-09,,7,,HIGH,reidin
Balqis Residences,811,2,1924.15,2024-05-09,,8,,HIGH,reidin
Marina Residences,308,2,2012.85,2024-05-09,,3,,HIGH,reidin
Al Shamsi,G53,3,2428.98,2024-05-08,,G,,HIGH,reidin
Club Vista Mare,118,0,606.87,2024-05-08,,1,,HIGH,reidin
Al Msalli,B1005,,2575.05,2024-05-08,,LG,,HIGH,reidin
Club Vista Mare,119,0,606.87,2024-05-08,,1,,HIGH,reidin
The 8,F02,,4305.56,2024-05-08,,1,,HIGH,reidin
Al Msalli,106,2,1550.0,2024-05-08,,1,,HIGH,reidin
Al Shamsi,G45,3,2983.86,2024-05-08,,G,,HIGH,reidin
Seven Palm,731,1,740.45,2024-05-08,,7,,HIGH,reidin
Al Msalli,B1004,,2555.03,2024-05-08,,LG,,HIGH,reidin
The Fairmont Palm Residences,615,2,1929.11,2024-05-07,,6,,HIGH,reidin
Al Shamsi,121,3,2444.05,2024-05-07,,1,,HIGH,reidin
Al Shamsi,238,1,1025.91,2024-05-07,,2,,HIGH,reidin
The 8,GS4,,242.19,2024-05-07,,G,,HIGH,reidin
Seven Palm,1202,1,957.99,2024-05-07,,12,,HIGH,reidin
Al Sahab,401,4,6189.24,2024-05-07,,4,,HIGH,reidin
Al Anbara,401,2,1582.29,2024-05-07,,4,,HIGH,reidin
Seven Palm,802,1,957.99,2024-05-07,,8,,HIGH,reidin
Al Shamsi,209,1,1031.5,2024-05-07,,2,,HIGH,reidin
Serenia Residences,C205,1,1001.04,2024-05-07,,2,,HIGH,reidin
Al Shamsi,403,2,1518.03,2024-05-07,,4,,HIGH,reidin
Al Fahad,PJFRL088,4,5000.05,2024-05-07,,nan,,HIGH,reidin
Al Shamsi,133,1,1062.72,2024-05-07,,1,,HIGH,reidin
Al Fahad,PJFRL092,4,5000.05,2024-05-07,,nan,,HIGH,reidin
Jash Falqa,511,3,2217.36,2024-05-07,,5,,HIGH,reidin
Al Khushkar,1111,3,2186.9,2024-05-06,,11,,HIGH,reidin
Kempinski Residences,RETAIL06,,527.43,2024-05-06,,G,,HIGH,reidin
Al Sultana,803,3,2139.65,2024-05-06,,8,,HIGH,reidin
Club Vista Mare,121,0,606.87,2024-05-06,,1,,HIGH,reidin
Balqis Residences,413,3,2949.52,2024-05-06,,4,,HIGH,reidin
Al Sahab,PJFRO033,4,5000.05,2024-05-06,,nan,,HIGH,reidin
Kempinski Residences,RG18,,430.56,2024-05-06,,G,,HIGH,reidin
The 8,10514,2,1328.27,2024-05-06,,5,,HIGH,reidin
Al Nabat,PJFRN071,5,10690.06,2024-05-06,,nan,,HIGH,reidin
The Fairmont Palm Residences,714,2,1724.48,2024-05-06,,7,,HIGH,reidin
Golden Mile,7104,1,1410.18,2024-05-06,,1,,HIGH,reidin
Jash Hamad,305,2,1550.0,2024-05-06,,3,,HIGH,reidin
Golden Mile,RT10B,,1345.6,2024-05-06,,B1,,HIGH,reidin
Al Shirawi,207,2,1996.7,2024-05-06,,2,,HIGH,reidin
Balqis Residences,1106,5,9558.34,2024-05-06,,11,,HIGH,reidin
Al Hatmi,1004,1,1140.97,2024-05-06,,LP,,HIGH,reidin
Al Khushkar,1005,2,1550.0,2024-05-05,,10,,HIGH,reidin
Al Sultana,210,3,2152.78,2024-05-05,,2,,HIGH,reidin
The 8,20407,3,1689.93,2024-05-05,,4,,HIGH,reidin
Serenia Residences,A804,1,1044.1,2024-05-03,,8,,HIGH,reidin
Al Basri,1102,3,2185.07,2024-05-03,,11,,HIGH,reidin
Golden Mile,1107,2,1937.5,2024-05-03,,1,,HIGH,reidin
The 8,10511,2,1732.99,2024-05-03,,5,,HIGH,reidin
Al Sultana,402,3,2217.36,2024-05-03,,4,,HIGH,reidin
The Fairmont Palm Residences,826,2,1729.65,2024-05-03,,8,,HIGH,reidin
Balqis Residences,305,3,2281.95,2024-05-03,,3,,HIGH,reidin
Serenia Residences,A809,1,899.65,2024-05-03,,8,,HIGH,reidin
Serenia Residences,A709,1,904.17,2024-05-03,,7,,HIGH,reidin
Seven Palm,301,1,839.58,2024-05-03,,3,,HIGH,reidin
Al Msalli,J2,1,710.42,2024-05-02,,1,,HIGH,reidin
The Fairmont Palm Residences,B105,3,5198.96,2024-05-02,,B1,,HIGH,reidin
Serenia Residences,A614,2,1528.47,2024-05-02,,6,,HIGH,reidin
Golden Mile,6406,1,1291.67,2024-05-02,,4,,HIGH,reidin
Al Hatmi,1009,1,1144.63,2024-05-02,,LP,,HIGH,reidin
The Fairmont Palm Residences,R2,,4500.17,2024-05-02,,G,,HIGH,reidin
Palm Tower,3202,0,523.45,2024-05-02,,32,,HIGH,reidin
Al Hamri,509,1,1145.39,2024-05-02,,5,,HIGH,reidin
Palm Tower,4703,3,3143.06,2024-05-02,,47,,HIGH,reidin
The Fairmont Palm Residences,P211,,4865.28,2024-05-02,,10,,HIGH,reidin
Al Murjan,308,2,1862.15,2024-05-02,,3,,HIGH,reidin
Al Basri,PJFRD105,4,5000.05,2024-05-01,,nan,,HIGH,reidin
Golden Mile,9310,2,1786.81,2024-05-01,,3,,HIGH,reidin
Kempinski Residences,234,2,1969.79,2024-05-01,,2,,HIGH,reidin
Al Hamri,401,2,1582.29,2024-05-01,,4,,HIGH,reidin
Jash Hamad,711,3,2206.6,2024-05-01,,7,,HIGH,reidin
Azizi Mina,812,2,1522.77,2024-05-01,,8,,HIGH,reidin
Al Msalli,F094,,1764.53,2024-05-01,,1,,HIGH,reidin
Azizi Mina,219,1,850.35,2024-05-01,,2,,HIGH,reidin
Marina Residences,C201,1,1097.92,2024-05-01,,2,,HIGH,reidin
The 8,20107,3,1743.75,2024-05-01,,1,,HIGH,reidin
Al Hamri,704,1,1140.97,2024-05-01,,7,,HIGH,reidin
Seven Palm,532,2,1108.68,2024-05-01,,5,,HIGH,reidin
Palm Tower,3307,0,516.67,2024-05-01,,33,,HIGH,reidin
Palm Tower,3809,1,1119.45,2024-04-30,,38,,HIGH,reidin
Golden Mile,10510,2,1797.57,2024-04-30,,5,,HIGH,reidin
Jash Falqa,610,3,2163.54,2024-04-30,,6,,HIGH,reidin
Al Mashraba,1008,2,1743.75,2024-04-30,,10,,HIGH,reidin
The 8,10302,1,1012.78,2024-04-30,,3,,HIGH,reidin
Al Mashraba,G06,3,4951.39,2024-04-30,,G,,HIGH,reidin
Seven Palm,30007,1,2185.07,2024-04-30,,G,,HIGH,reidin
Palm Tower,3209,1,1113.2,2024-04-30,,32,,HIGH,reidin
The 8,10510,2,1306.52,2024-04-30,,5,,HIGH,reidin
Al Nabat,1201,2,2019.09,2024-04-30,,12,,HIGH,reidin
Golden Mile,8209,2,1786.81,2024-04-30,,2,,HIGH,reidin
Serenia Residences,B403,1,1134.41,2024-04-30,,4,,HIGH,reidin
Golden Mile,GM1B2FB03B,,1384.02,2024-04-30,,B1,,HIGH,reidin
Al Msalli,712,2,1582.29,2024-04-30,,7,,HIGH,reidin
Al Anbara,202,3,2195.84,2024-04-29,,2,,HIGH,reidin
Marina Residences,B101,1,1119.45,2024-04-29,,1,,HIGH,reidin
Golden Mile,6704,,10222.26,2024-04-29,,7,,HIGH,reidin
Seven Palm,30402,1,1227.08,2024-04-29,,4,,HIGH,reidin
Golden Mile,FB02,,2217.15,2024-04-29,,B1,,HIGH,reidin
Seven Palm,915,1,710.42,2024-04-29,,9,,HIGH,reidin
Golden Mile,6607,2,1883.68,2024-04-29,,6,,HIGH,reidin
Al Murjan,708,2,1745.69,2024-04-29,,7,,HIGH,reidin
Al Shirawi,812,2,1582.29,2024-04-29,,8,,HIGH,reidin
Al Fahad,PJFRA027,4,6000.01,2024-04-29,,nan,,HIGH,reidin
Al Shirawi,710,3,2163.54,2024-04-29,,7,,HIGH,reidin
Jash Falqa,106,2,1550.76,2024-04-29,,1,,HIGH,reidin
Balqis Residences,201,2,2206.6,2024-04-29,,2,,HIGH,reidin
The Fairmont Palm Residences,627,2,1754.52,2024-04-29,,6,,HIGH,reidin
Al Msalli,210,3,2163.54,2024-04-29,,2,,HIGH,reidin
Marina Residences,703,1,1140.97,2024-04-28,,7,,HIGH,reidin
Al Shirawi,404,1,1144.63,2024-04-28,,4,,HIGH,reidin
Marina Residences,602,1,1140.97,2024-04-28,,6,,HIGH,reidin
Golden Mile,G306,4,3583.09,2024-04-27,,G,,HIGH,reidin
Palm Tower,4019,1,1119.45,2024-04-27,,40,,HIGH,reidin
Al Basri,807,2,1991.32,2024-04-26,,8,,HIGH,reidin
The 8,10512,2,1776.04,2024-04-26,,5,,HIGH,reidin
Seven Palm,40004,3,7806.95,2024-04-26,,G,,HIGH,reidin
Golden Mile,7407,2,1887.88,2024-04-26,,4,,HIGH,reidin
Al Seef,PJFRM131&133,7,8538.68,2024-04-26,,nan,,HIGH,reidin
The 8,10004,1,1410.07,2024-04-26,,G,,HIGH,reidin
Al Das,404,2,1144.63,2024-04-25,,4,,HIGH,reidin
Kempinski Residences,125,2,1969.79,2024-04-25,,1,,HIGH,reidin
Golden Mile,4702,,4359.38,2024-04-25,,7,,HIGH,reidin
Balqis Residences,314,3,2809.38,2024-04-25,,3,,HIGH,reidin
Al Malak,1006,3,4047.23,2024-04-25,,10,,HIGH,reidin
Golden Mile,5606,1,1288.22,2024-04-25,,6,,HIGH,reidin
Al Mashraba,409,2,1926.74,2024-04-25,,4,,HIGH,reidin
The Fairmont Palm Residences,809,1,1291.67,2024-04-25,,8,,HIGH,reidin
Golden Mile,6212,3,2421.88,2024-04-25,,2,,HIGH,reidin
Al Sahab,PJFRO123,4,5000.05,2024-04-24,,nan,,HIGH,reidin
Al Msalli,P017,,1996.27,2024-04-24,,G,,HIGH,reidin
Al Msalli,P018,,2038.04,2024-04-24,,G,,HIGH,reidin
The 8,CG14,,548.96,2024-04-24,,G,,HIGH,reidin
The 8,20507,3,1689.93,2024-04-24,,5,,HIGH,reidin
Al Msalli,601,2,1582.29,2024-04-24,,6,,HIGH,reidin
The Fairmont Palm Residences,5V062,5,3417.54,2024-04-24,,nan,,HIGH,reidin
Al Khushkar,101,2,1603.82,2024-04-24,,1,,HIGH,reidin
Al Msalli,F088A,,584.05,2024-04-24,,1,,HIGH,reidin
Al Nabat,510,2,1735.25,2024-04-24,,5,,HIGH,reidin
Kempinski Residences,116,2,1948.05,2024-04-23,,1,,HIGH,reidin
The 8,10411,2,2208.21,2024-04-23,,4,,HIGH,reidin
The Fairmont Palm Residences,4V095,4,3024.66,2024-04-23,,nan,,HIGH,reidin
Palm Tower,2009,1,1108.68,2024-04-23,,20,,HIGH,reidin
Al Ramth,1309,2,1777.98,2024-04-23,,13,,HIGH,reidin
Al Hamri,712,2,1582.29,2024-04-23,,7,,HIGH,reidin
Al Das,308,4,1550.76,2024-04-23,,3,,HIGH,reidin
Al Habool,506,2,2014.25,2024-04-23,,5,,HIGH,reidin
Al Khushkar,201,2,1585.85,2024-04-23,,2,,HIGH,reidin
Al Msalli,E056,,1257.98,2024-04-23,,2,,HIGH,reidin
Al Hamri,202,3,2206.6,2024-04-23,,2,,HIGH,reidin
Club Vista Mare,115,0,602.78,2024-04-23,,1,,HIGH,reidin
Golden Mile,6402,2,1797.57,2024-04-22,,4,,HIGH,reidin
Al Seef,PJFRM094,6,6999.98,2024-04-22,,nan,,HIGH,reidin
Golden Mile,RT16,,842.71,2024-04-22,,B1,,HIGH,reidin
Al Msalli,E058,,2101.01,2024-04-22,,2,,HIGH,reidin
Al Shamsi,313,1,1059.38,2024-04-22,,3,,HIGH,reidin
Al Seef,PJFRM148,6,6999.98,2024-04-22,,nan,,HIGH,reidin
Golden Mile,3611,2,1797.57,2024-04-22,,6,,HIGH,reidin
Kempinski Residences,R108,,1356.25,2024-04-22,,1,,HIGH,reidin
Al Khayali,610,2,1732.99,2024-04-22,,6,,HIGH,reidin
Al Hamri,801,2,1582.29,2024-04-22,,8,,HIGH,reidin
Golden Mile,10211,2,1797.57,2024-04-22,,2,,HIGH,reidin
Balqis Residences,701,3,2507.99,2024-04-22,,7,,HIGH,reidin
Golden Mile,9503,2,1797.57,2024-04-22,,5,,HIGH,reidin
Al Shirawi,1011,3,2181.52,2024-04-22,,10,,HIGH,reidin
Golden Mile,6204,1,1306.63,2024-04-22,,2,,HIGH,reidin
Golden Mile,9212,3,2411.11,2024-04-22,,2,,HIGH,reidin
Al Anbara,PH06,4,5231.26,2024-04-21,,LP,,HIGH,reidin
The Fairmont Palm Residences,323,2,1971.73,2024-04-20,,3,,HIGH,reidin
Al Khushkar,704,1,1144.63,2024-04-20,,7,,HIGH,reidin
Al Shamsi,227,1,1188.33,2024-04-19,,2,,HIGH,reidin
Al Shamsi,215,1,1188.33,2024-04-19,,2,,HIGH,reidin
The Fairmont Palm Residences,612,2,1722.22,2024-04-19,,6,,HIGH,reidin
Serenia Residences,AG04,2,2981.6,2024-04-19,,G,,HIGH,reidin
Al Shamsi,418,3,2164.51,2024-04-19,,4,,HIGH,reidin
Al Shamsi,G25,3,2981.71,2024-04-19,,G,,HIGH,reidin
Seven Palm,41202,2,1948.27,2024-04-19,,12,,HIGH,reidin
Al Shamsi,246,1,1188.33,2024-04-19,,2,,HIGH,reidin
Al Khayali,1208,2,1745.69,2024-04-18,,12,,HIGH,reidin
Al Ramth,1203,2,1776.04,2024-04-18,,12,,HIGH,reidin
Al Ramth,409,2,1926.74,2024-04-18,,4,,HIGH,reidin
Al Hallawi,711,3,2185.07,2024-04-18,,7,,HIGH,reidin
Royal Atlantis,305,1,979.51,2024-04-18,,3,,HIGH,reidin
Golden Mile,10106,1,1345.49,2024-04-18,,1,,HIGH,reidin
Al Nabat,505,3,2432.64,2024-04-17,,5,,HIGH,reidin
Al Msalli,411,3,2195.84,2024-04-17,,4,,HIGH,reidin
Al Msalli,F021A,,1127.95,2024-04-17,,1,,HIGH,reidin
Serenia Residences,A513,2,1507.16,2024-04-16,,5,,HIGH,reidin
Al Hatmi,403,3,2158.92,2024-04-15,,4,,HIGH,reidin
The Fairmont Palm Residences,603,1,1291.67,2024-04-15,,6,,HIGH,reidin
Seven Palm,1113,1,710.42,2024-04-15,,11,,HIGH,reidin
The Fairmont Palm Residences,P208,,11377.44,2024-04-15,,10,,HIGH,reidin
Al Shamsi,253,3,2382.16,2024-04-15,,2,,HIGH,reidin
Al Shamsi,503,3,7079.42,2024-04-15,,5,,HIGH,reidin
Al Fahad,PJFRL071,4,5000.05,2024-04-15,,nan,,HIGH,reidin
Seven Palm,916,1,675.65,2024-04-15,,9,,HIGH,reidin
Marina Residences,701,2,2017.05,2024-04-15,,7,,HIGH,reidin
Golden Mile,8104,1,1410.07,2024-04-15,,1,,HIGH,reidin
Golden Mile,FB07,,1155.94,2024-04-15,,B1,,HIGH,reidin
Seven Palm,224,0,398.26,2024-04-15,,2,,HIGH,reidin
Al Msalli,R006,,6832.6,2024-04-15,,R,,HIGH,reidin
Club Vista Mare,002,,4216.11,2024-04-15,,G,,HIGH,reidin
Al Malak,210,2,2045.14,2024-04-15,,2,,HIGH,reidin
Balqis Residences,313,2,2163.54,2024-04-15,,3,,HIGH,reidin
Al Das,710,5,2156.87,2024-04-15,,7,,HIGH,reidin
Royal Atlantis,1805,2,2206.6,2024-04-15,,18,,HIGH,reidin
Jash Falqa,605,2,1550.0,2024-04-14,,6,,HIGH,reidin
Al Ramth,1101,2,2023.61,2024-04-14,,11,,HIGH,reidin
Marina Residences,1003,1,1142.7,2024-04-09,,10,,HIGH,reidin
Al Sultana,606,2,1969.79,2024-04-08,,6,,HIGH,reidin
Seven Palm,512,1,715.15,2024-04-08,,5,,HIGH,reidin
Marina Residences,A501,2,1767.0,2024-04-08,,5,,HIGH,reidin
Marina Residences,C304,2,1756.78,2024-04-08,,3,,HIGH,reidin
Seven Palm,1406,2,1140.97,2024-04-07,,14,,HIGH,reidin
Al Sultana,905,2,1550.0,2024-04-07,,LP,,HIGH,reidin
Palm Tower,2406,0,527.43,2024-04-07,,24,,HIGH,reidin
Al Khushkar,102,3,2217.36,2024-04-07,,1,,HIGH,reidin
Golden Mile,7409,2,1786.81,2024-04-06,,4,,HIGH,reidin
Al Hatmi,308,2,1550.76,2024-04-06,,3,,HIGH,reidin
Serenia Residences,A403,3,2626.39,2024-04-05,,4,,HIGH,reidin
Al Das,205,4,1550.76,2024-04-05,,2,,HIGH,reidin
Al Basri,1101,2,1582.29,2024-04-05,,11,,HIGH,reidin
Marina Residences,102,1,1386.71,2024-04-05,,1,,HIGH,reidin
Al Nabat,G01,3,2734.03,2024-04-05,,G,,HIGH,reidin
The Fairmont Palm Residences,904,1,1334.62,2024-04-05,,9,,HIGH,reidin
Seven Palm,1021,0,351.55,2024-04-05,,10,,HIGH,reidin
Al Shamsi,318,3,2163.87,2024-04-05,,3,,HIGH,reidin
The Fairmont Palm Residences,602,1,1313.2,2024-04-05,,6,,HIGH,reidin
Seven Palm,40808,1,1216.32,2024-04-04,,8,,HIGH,reidin
Golden Mile,2606,1,1291.67,2024-04-04,,6,,HIGH,reidin
Al Sultana,PJFRP038,6,6999.98,2024-04-04,,nan,,HIGH,reidin
Al Khayali,810,2,1735.25,2024-04-04,,8,,HIGH,reidin
Jash Falqa,504,1,1140.97,2024-04-04,,5,,HIGH,reidin
Palm Tower,3001,0,505.9,2024-04-04,,30,,HIGH,reidin
Palm Tower,3407,0,516.67,2024-04-04,,34,,HIGH,reidin
Kempinski Residences,506,2,1776.04,2024-04-04,,5,,HIGH,reidin
Balqis Residences,203,5,11299.73,2024-04-04,,2,,HIGH,reidin
Azizi Mina,602,1,990.28,2024-04-04,,6,,HIGH,reidin
Marina Residences,807,1,1140.97,2024-04-04,,8,,HIGH,reidin
Al Shamsi,250,1,1268.85,2024-04-04,,2,,HIGH,reidin
Golden Mile,3202,2,1797.57,2024-04-04,,2,,HIGH,reidin
Al Khushkar,1004,1,1140.97,2024-04-04,,10,,HIGH,reidin
Al Das,G05,,1616.2,2024-04-03,,G,,HIGH,reidin
Serenia Residences,BG02,2,3282.99,2024-04-03,,G,,HIGH,reidin
Golden Mile,GM2B8RT28,,1154.0,2024-04-03,,B1,,HIGH,reidin
The Fairmont Palm Residences,5V077,5,3880.39,2024-04-03,,nan,,HIGH,reidin
Al Das,G03,,2256.33,2024-04-03,,G,,HIGH,reidin
The Fairmont Palm Residences,422,2,1722.22,2024-04-03,,4,,HIGH,reidin
Al Das,G04,,1251.63,2024-04-03,,G,,HIGH,reidin
Palm Tower,3114,0,523.77,2024-04-03,,31,,HIGH,reidin
The 8,10611,2,1323.96,2024-04-03,,6,,HIGH,reidin
Jash Falqa,911,3,2185.07,2024-04-03,,LP,,HIGH,reidin
Palm Tower,2217,0,527.43,2024-04-03,,22,,HIGH,reidin
The Fairmont Palm Residences,909,1,1292.21,2024-04-03,,9,,HIGH,reidin
Seven Palm,508,1,710.42,2024-04-03,,5,,HIGH,reidin
Balqis Residences,213,3,2938.01,2024-04-03,,2,,HIGH,reidin
Al Das,G02,,2558.47,2024-04-03,,G,,HIGH,reidin
Palm Tower,3107,0,517.64,2024-04-03,,31,,HIGH,reidin
Al Shamsi,G19,3,2431.57,2024-04-02,,G,,HIGH,reidin
Al Shamsi,230,3,2168.39,2024-04-02,,2,,HIGH,reidin
Al Mashraba,611,2,1872.92,2024-04-02,,6,,HIGH,reidin
The Fairmont Palm Residences,914,2,1722.22,2024-04-02,,9,,HIGH,reidin
Palm Tower,4009,1,1116.75,2024-04-02,,40,,HIGH,reidin
Golden Mile,3703,,4682.3,2024-04-02,,7,,HIGH,reidin
Marina Residences,307,1,1140.97,2024-04-02,,3,,HIGH,reidin
Al Basri,PJFRD115,4,5000.05,2024-04-02,,nan,,HIGH,reidin
Golden Mile,9502,2,1883.68,2024-04-02,,5,,HIGH,reidin
Marina Residences,B103,2,1689.93,2024-04-02,,1,,HIGH,reidin
Al Seef,PJFRM029,6,6999.98,2024-04-02,,nan,,HIGH,reidin
Al Hallawi,207,2,2002.09,2024-04-02,,2,,HIGH,reidin
Al Hatmi,910,3,2142.02,2024-04-02,,9,,HIGH,reidin
Al Malak,PJFRE087,5,6999.98,2024-04-02,,nan,,HIGH,reidin
Al Habool,611,3,2217.36,2024-04-02,,6,,HIGH,reidin
Al Khushkar,1002,3,2185.07,2024-04-02,,10,,HIGH,reidin
Palm Tower,2307,0,516.67,2024-04-02,,23,,HIGH,reidin
Al Das,712,4,1589.07,2024-04-01,,7,,HIGH,reidin
Azizi Mina,708,1,936.46,2024-04-01,,7,,HIGH,reidin
Kempinski Residences,RG01,,3595.14,2024-04-01,,G,,HIGH,reidin
Palm Tower,2901,0,495.14,2024-04-01,,29,,HIGH,reidin
Palm Tower,4008,0,517.85,2024-04-01,,40,,HIGH,reidin
Al Msalli,J1,1,721.18,2024-04-01,,1,,HIGH,reidin
Al Shamsi,G21,3,2445.56,2024-04-01,,G,,HIGH,reidin
The Fairmont Palm Residences,608,1,1291.67,2024-04-01,,6,,HIGH,reidin
Al Hallawi,701,2,1582.72,2024-04-01,,7,,HIGH,reidin
Marina Residences,R03,,469.74,2024-04-01,,G,,HIGH,reidin
Al Nabat,209,2,2041.8,2024-04-01,,2,,HIGH,reidin
Golden Mile,2308,3,3326.05,2024-03-30,,3,,HIGH,reidin
Golden Mile,9203,2,1795.63,2024-03-30,,2,,HIGH,reidin
Golden Mile,4311,2,1794.34,2024-03-29,,3,,HIGH,reidin
Al Mashraba,609,2,1732.99,2024-03-29,,6,,HIGH,reidin
Marina Residences,604S,2,1765.28,2024-03-29,,6,,HIGH,reidin
Golden Mile,4601,1,1303.83,2024-03-29,,6,,HIGH,reidin
Al Shamsi,322,1,1058.2,2024-03-29,,3,,HIGH,reidin
Al Shamsi,134,2,1666.79,2024-03-29,,1,,HIGH,reidin
Al Hallawi,212,2,1582.29,2024-03-29,,2,,HIGH,reidin
Golden Mile,4306,1,1291.67,2024-03-29,,3,,HIGH,reidin
Kempinski Residences,308,3,3788.89,2024-03-29,,3,,HIGH,reidin
The Fairmont Palm Residences,822,2,1717.16,2024-03-28,,8,,HIGH,reidin
Al Hatmi,606,2,1991.32,2024-03-28,,6,,HIGH,reidin
Golden Mile,1210,2,1786.81,2024-03-28,,2,,HIGH,reidin
Golden Mile,3302,2,1797.57,2024-03-28,,3,,HIGH,reidin
Golden Mile,4210,2,1797.57,2024-03-28,,2,,HIGH,reidin
Jash Falqa,207,2,1996.81,2024-03-28,,2,,HIGH,reidin
Golden Mile,9303,2,1797.57,2024-03-28,,3,,HIGH,reidin
Al Malak,PJFRE010,5,5460.96,2024-03-28,,nan,,HIGH,reidin
Al Msalli,907,2,1991.32,2024-03-28,,9,,HIGH,reidin
Al Ghaf,PJFRC108,4,5000.05,2024-03-28,,nan,,HIGH,reidin
Al Habool,802,3,2181.3,2024-03-28,,8,,HIGH,reidin
Marina Residences,B403,2,2510.03,2024-03-28,,4,,HIGH,reidin
Jash Hamad,PH01,3,4843.76,2024-03-28,,9,,HIGH,reidin
Golden Mile,8501,1,1302.43,2024-03-28,,5,,HIGH,reidin
Al Hamri,1003,3,2140.51,2024-03-27,,LP,,HIGH,reidin
Oceana,105,3,2443.41,2024-03-27,,2,,HIGH,reidin
Al Sahab,301,4,6189.24,2024-03-27,,3,,HIGH,reidin
Golden Mile,10204,1,1302.43,2024-03-27,,2,,HIGH,reidin
Golden Mile,4212,3,2421.34,2024-03-27,,2,,HIGH,reidin
Golden Mile,KS20,,424.21,2024-03-27,,B1,,HIGH,reidin
Al Anbara,512,2,1582.83,2024-03-27,,5,,HIGH,reidin
Marina Residences,302,1,1140.97,2024-03-27,,3,,HIGH,reidin
Al Anbara,412,2,1582.29,2024-03-26,,4,,HIGH,reidin
Al Sultana,512,2,1560.77,2024-03-26,,5,,HIGH,reidin
The Fairmont Palm Residences,317,4,3323.35,2024-03-26,,3,,HIGH,reidin
Al Das,611,5,2218.12,2024-03-26,,6,,HIGH,reidin
Al Mashraba,LG04,2,2046.97,2024-03-26,,LG,,HIGH,reidin
Al Msalli,F030,,4971.52,2024-03-26,,1,,HIGH,reidin
Al Msalli,PH12,4,4839.34,2024-03-26,,LP,,HIGH,reidin
Golden Mile,KS12,,428.83,2024-03-26,,B1,,HIGH,reidin
Golden Mile,6604,1,1306.63,2024-03-26,,6,,HIGH,reidin
Al Hatmi,408,2,1550.0,2024-03-26,,4,,HIGH,reidin
Al Msalli,F028,,1460.45,2024-03-26,,1,,HIGH,reidin
Al Ramth,1108,2,1745.69,2024-03-26,,11,,HIGH,reidin
Al Msalli,F029,,4892.84,2024-03-26,,1,,HIGH,reidin
Al Nabat,803,3,2142.02,2024-03-25,,8,,HIGH,reidin
The Fairmont Palm Residences,501,2,1920.5,2024-03-25,,5,,HIGH,reidin
Al Hamri,907,2,1993.69,2024-03-25,,9,,HIGH,reidin
Marina Residences,A403,3,2561.81,2024-03-25,,4,,HIGH,reidin
Al Das,G09,,1251.63,2024-03-25,,G,,HIGH,reidin
Al Shamsi,G29,3,3159.2,2024-03-25,,G,,HIGH,reidin
Al Das,G10,,2015.97,2024-03-25,,G,,HIGH,reidin
Al Basri,1203,3,2142.02,2024-03-25,,LP,,HIGH,reidin
Seven Palm,1407,1,839.58,2024-03-25,,14,,HIGH,reidin
Al Hamri,506,2,2012.85,2024-03-25,,5,,HIGH,reidin
Tiara Residences,303,1,1295.97,2024-03-25,,3,,HIGH,reidin
Seven Palm,507,1,720.0,2024-03-25,,5,,HIGH,reidin
Al Das,709,2,1144.63,2024-03-25,,7,,HIGH,reidin
Al Das,G08,,1616.2,2024-03-25,,G,,HIGH,reidin
Balqis Residences,205,4,8459.78,2024-03-25,,2,,HIGH,reidin
Al Murjan,1005,3,2529.52,2024-03-25,,10,,HIGH,reidin
Al Habool,705,2,1550.76,2024-03-25,,7,,HIGH,reidin
Al Murjan,106,3,4725.35,2024-03-24,,1,,HIGH,reidin
Jash Hamad,702,3,2206.6,2024-03-24,,7,,HIGH,reidin
Golden Mile,2107,2,1937.5,2024-03-24,,1,,HIGH,reidin
Al Das,503,5,2156.87,2024-03-22,,5,,HIGH,reidin
Al Hallawi,1109,1,1145.39,2024-03-22,,LP,,HIGH,reidin
Seven Palm,630,1,742.71,2024-03-22,,6,,HIGH,reidin
Golden Mile,3304,1,1306.63,2024-03-22,,3,,HIGH,reidin
Al Shamsi,220,3,2134.27,2024-03-22,,2,,HIGH,reidin
Al Sultana,511,3,2217.36,2024-03-22,,5,,HIGH,reidin
Kempinski Residences,318,4,7050.35,2024-03-21,,3,,HIGH,reidin
Al Khushkar,809,1,1140.97,2024-03-21,,8,,HIGH,reidin
Al Basri,802,3,2185.07,2024-03-21,,8,,HIGH,reidin
Jash Hamad,704,1,1140.97,2024-03-21,,7,,HIGH,reidin
Al Murjan,110,2,2045.14,2024-03-21,,1,,HIGH,reidin
Royal Atlantis,1103,3,3498.05,2024-03-21,,11,,HIGH,reidin
Al Nabat,606,2,1991.32,2024-03-21,,6,,HIGH,reidin
Al Hatmi,109,3,2217.36,2024-03-21,,1,,HIGH,reidin
Golden Mile,8201,1,1302.43,2024-03-21,,2,,HIGH,reidin
Palm Tower,1902,0,516.67,2024-03-20,,19,,HIGH,reidin
Marina Residences,AG07,1,914.39,2024-03-20,,G,,HIGH,reidin
Al Murjan,603,2,1732.99,2024-03-20,,6,,HIGH,reidin
Balqis Residences,513,3,2927.78,2024-03-20,,5,,HIGH,reidin
Golden Mile,1605,2,1808.34,2024-03-20,,6,,HIGH,reidin
Balqis Residences,708,2,2045.14,2024-03-20,,7,,HIGH,reidin
Al Msalli,308,2,1550.0,2024-03-20,,3,,HIGH,reidin
Balqis Residences,607,2,2045.14,2024-03-20,,6,,HIGH,reidin
Al Basri,208,2,1550.76,2024-03-20,,2,,HIGH,reidin
Al Das,G11,,2142.02,2024-03-20,,G,,HIGH,reidin
Palm Tower,2711,0,602.78,2024-03-20,,27,,HIGH,reidin
Al Das,GF02,,879.3,2024-03-20,,G,,HIGH,reidin
Golden Mile,3506,1,1288.22,2024-03-20,,5,,HIGH,reidin
Al Habool,607,2,1991.32,2024-03-20,,6,,HIGH,reidin
Al Malak,106,3,4725.35,2024-03-19,,1,,HIGH,reidin
The Fairmont Palm Residences,711,3,2174.74,2024-03-19,,7,,HIGH,reidin
Al Shirawi,506,2,2002.09,2024-03-19,,5,,HIGH,reidin
Golden Mile,3401,1,1302.43,2024-03-19,,4,,HIGH,reidin
Al Murjan,1204,2,1743.75,2024-03-19,,12,,HIGH,reidin
Al Shirawi,J1,1,721.18,2024-03-19,,1,,HIGH,reidin
Marina Residences,103,1,1388.11,2024-03-19,,1,,HIGH,reidin
Marina Residences,BG02,1,1539.24,2024-03-19,,G,,HIGH,reidin
Al Shirawi,505,2,1550.76,2024-03-18,,5,,HIGH,reidin
Golden Mile,7103,2,2098.96,2024-03-18,,1,,HIGH,reidin
Palm Tower,3115,0,524.2,2024-03-18,,31,,HIGH,reidin
The Fairmont Palm Residences,513,2,1722.22,2024-03-18,,5,,HIGH,reidin
Al Msalli,P024B,,647.02,2024-03-18,,G,,HIGH,reidin
Al Ramth,505,3,2443.41,2024-03-18,,5,,HIGH,reidin
Al Habool,608,2,1550.0,2024-03-18,,6,,HIGH,reidin
Al Ramth,508,2,1743.75,2024-03-17,,5,,HIGH,reidin
Al Nabat,203,2,2045.14,2024-03-17,,2,,HIGH,reidin
Golden Mile,10101,1,1302.43,2024-03-17,,1,,HIGH,reidin
Al Habool,105,2,1550.0,2024-03-15,,1,,HIGH,reidin
Al Nabat,1301,2,2019.09,2024-03-15,,13,,HIGH,reidin
Al Nabat,PJFRN024,5,5721.23,2024-03-15,,nan,,HIGH,reidin
Al Msalli,305,2,1550.0,2024-03-15,,3,,HIGH,reidin
Royal Atlantis,209,2,1424.17,2024-03-15,,2,,HIGH,reidin
Golden Mile,RT04,,838.29,2024-03-15,,B1,,HIGH,reidin
Seven Palm,233,1,720.54,2024-03-15,,2,,HIGH,reidin
Al Ramth,LG01,3,2755.56,2024-03-15,,LG,,HIGH,reidin
Palm Tower,4007,0,516.67,2024-03-15,,40,,HIGH,reidin
Seven Palm,822,0,359.73,2024-03-15,,8,,HIGH,reidin
Al Khayali,703,2,1732.99,2024-03-15,,7,,HIGH,reidin
Al Anbara,403,3,2163.54,2024-03-15,,4,,HIGH,reidin
Al Basri,204,1,1140.97,2024-03-15,,2,,HIGH,reidin
Al Malak,PJFRE011,6,6999.98,2024-03-14,,nan,,HIGH,reidin
Serenia Residences,A211,1,1205.56,2024-03-14,,2,,HIGH,reidin
Al Basri,PJFRD055,5,6999.98,2024-03-14,,nan,,HIGH,reidin
Golden Mile,7606,1,1291.67,2024-03-14,,6,,HIGH,reidin
Palm Tower,3308,0,516.67,2024-03-14,,33,,HIGH,reidin
Jash Falqa,401,2,1560.77,2024-03-14,,4,,HIGH,reidin
Al Das,106,4,1550.76,2024-03-14,,1,,HIGH,reidin
Al Msalli,511,3,2195.84,2024-03-14,,5,,HIGH,reidin
Al Basri,1012,2,1582.29,2024-03-14,,10,,HIGH,reidin
Oceana,G07,1,1374.87,2024-03-14,,G,,HIGH,reidin
Royal Atlantis,202,2,2260.42,2024-03-14,,2,,HIGH,reidin
Al Malak,308,2,1862.15,2024-03-14,,3,,HIGH,reidin
The Fairmont Palm Residences,514,2,1926.74,2024-03-13,,5,,HIGH,reidin
Al Habool,811,3,2185.07,2024-03-13,,8,,HIGH,reidin
Al Malak,611,2,1870.01,2024-03-13,,6,,HIGH,reidin
Al Mashraba,204,2,2034.38,2024-03-13,,2,,HIGH,reidin
Jash Falqa,705,2,1550.76,2024-03-13,,7,,HIGH,reidin
Golden Mile,9209,2,1786.81,2024-03-13,,2,,HIGH,reidin
Al Shamsi,233,1,1062.5,2024-03-13,,2,,HIGH,reidin
Al Basri,607,2,1991.32,2024-03-13,,6,,HIGH,reidin
Al Msalli,F063B,,654.01,2024-03-12,,1,,HIGH,reidin
Al Malak,110,2,2045.14,2024-03-12,,1,,HIGH,reidin
Al Msalli,F041,,1184.03,2024-03-12,,1,,HIGH,reidin
Kempinski Residences,RG19,,12959.74,2024-03-12,,G,,HIGH,reidin
Al Msalli,F063A,,1753.01,2024-03-12,,1,,HIGH,reidin
Al Msalli,F062,,1538.48,2024-03-12,,1,,HIGH,reidin
Al Msalli,F042,,913.32,2024-03-12,,1,,HIGH,reidin
Al Msalli,F063C,,2466.01,2024-03-12,,G,,HIGH,reidin
Marina Residences,A208,1,1101.47,2024-03-12,,2,,HIGH,reidin
Al Hamri,PH01,4,4843.76,2024-03-12,,LP,,HIGH,reidin
Al Seef,PJFRM095,4,5000.05,2024-03-11,,nan,,HIGH,reidin
Seven Palm,1106,2,1119.45,2024-03-11,,11,,HIGH,reidin
Palm Tower,2208,0,516.67,2024-03-11,,22,,HIGH,reidin
Balqis Residences,602,2,1969.79,2024-03-11,,6,,HIGH,reidin
The 8,20512,2,1323.96,2024-03-11,,5,,HIGH,reidin
Al Shamsi,119,3,2425.43,2024-03-11,,1,,HIGH,reidin
Al Hallawi,806,2,1991.32,2024-03-11,,8,,HIGH,reidin
Al Habool,301,2,1586.17,2024-03-11,,3,,HIGH,reidin
Al Shamsi,G16,3,2982.14,2024-03-11,,G,,HIGH,reidin
The Fairmont Palm Residences,322,2,1722.22,2024-03-11,,3,,HIGH,reidin
Al Nabat,511,2,1862.15,2024-03-10,,5,,HIGH,reidin
Balqis Residences,804,2,1936.43,2024-03-10,,8,,HIGH,reidin
Golden Mile,6306,1,1291.67,2024-03-10,,3,,HIGH,reidin
Al Hallawi,610,3,2163.54,2024-03-10,,6,,HIGH,reidin
Al Hatmi,611,3,2212.63,2024-03-09,,6,,HIGH,reidin
Marina Residences,813,1,1140.97,2024-03-09,,8,,HIGH,reidin
Oceana,G05,1,1872.92,2024-03-08,,G,,HIGH,reidin
Al Shirawi,608,2,1550.76,2024-03-08,,6,,HIGH,reidin
Golden Mile,2203,2,1799.62,2024-03-08,,2,,HIGH,reidin
Marina Residences,512,1,1142.7,2024-03-08,,5,,HIGH,reidin
Al Hallawi,1104,1,1140.97,2024-03-08,,LP,,HIGH,reidin
Golden Mile,5410,2,1786.81,2024-03-08,,4,,HIGH,reidin
Al Malak,304,2,1857.74,2024-03-08,,3,,HIGH,reidin
Jash Hamad,602,3,2201.97,2024-03-08,,6,,HIGH,reidin
Golden Mile,G603,3,5392.71,2024-03-08,,G,,HIGH,reidin
Al Ramth,503,2,1732.99,2024-03-08,,5,,HIGH,reidin
The Fairmont Palm Residences,SRG30,,1239.03,2024-03-08,,G,,HIGH,reidin
Marina Residences,A305,1,1120.09,2024-03-07,,3,,HIGH,reidin
Palm Tower,2610,1,1108.79,2024-03-07,,26,,HIGH,reidin
Al Fahad,PJFRL083,4,5000.05,2024-03-07,,nan,,HIGH,reidin
Al Habool,904,1,1140.97,2024-03-07,,9,,HIGH,reidin
Golden Mile,3601,1,1302.43,2024-03-07,,6,,HIGH,reidin
Al Habool,609,1,1145.39,2024-03-07,,6,,HIGH,reidin
Palm Tower,2609,1,1109.54,2024-03-07,,26,,HIGH,reidin
Marina Residences,A302,3,3725.28,2024-03-07,,3,,HIGH,reidin
Golden Mile,1404,1,1306.63,2024-03-07,,4,,HIGH,reidin
Palm Tower,2611,0,601.27,2024-03-07,,26,,HIGH,reidin
Golden Mile,GM2B7ANCHORM1,,18806.58,2024-03-06,,M,,HIGH,reidin
Al Ghaf,PJFRB048,5,5343.95,2024-03-06,,nan,,HIGH,reidin
Al Shirawi,104,1,1140.97,2024-03-06,,1,,HIGH,reidin
Al Ghaf,PJFRB087,4,6000.01,2024-03-06,,nan,,HIGH,reidin
Balqis Residences,101,3,4282.53,2024-03-06,,1,,HIGH,reidin
Al Mashraba,1306,3,4057.99,2024-03-06,,13,,HIGH,reidin
Al Basri,501,2,1582.29,2024-03-06,,5,,HIGH,reidin
Golden Mile,5401,1,1302.43,2024-03-06,,4,,HIGH,reidin
Jash Hamad,311,3,2201.97,2024-03-06,,3,,HIGH,reidin
Al Anbara,501,2,1582.29,2024-03-05,,5,,HIGH,reidin
Al Shamsi,335,1,1030.0,2024-03-05,,3,,HIGH,reidin
Golden Mile,6609,2,1786.81,2024-03-05,,6,,HIGH,reidin
Golden Mile,8102,2,2096.16,2024-03-05,,1,,HIGH,reidin
Al Das,609,2,1144.63,2024-03-05,,6,,HIGH,reidin
Serenia Residences,A604,1,1044.1,2024-03-05,,6,,HIGH,reidin
Jash Hamad,207,2,1991.32,2024-03-05,,2,,HIGH,reidin
Serenia Residences,A314,2,1526.11,2024-03-05,,3,,HIGH,reidin
Al Das,401,4,1585.85,2024-03-05,,4,,HIGH,reidin
Marina Residences,CG04,2,3799.66,2024-03-05,,G,,HIGH,reidin
Balqis Residences,1004,2,1935.89,2024-03-05,,10,,HIGH,reidin
Palm Tower,4517,0,527.43,2024-03-05,,45,,HIGH,reidin
The Fairmont Palm Residences,919,2,1722.22,2024-03-05,,9,,HIGH,reidin
Al Khayali,1204,2,1745.69,2024-03-04,,12,,HIGH,reidin
Seven Palm,511,1,710.42,2024-03-04,,5,,HIGH,reidin
Al Anbara,102,3,2217.36,2024-03-04,,1,,HIGH,reidin
Golden Mile,9609,2,1786.81,2024-03-04,,6,,HIGH,reidin
Golden Mile,9505,2,1808.34,2024-03-04,,5,,HIGH,reidin
Golden Mile,6205,2,1808.34,2024-03-04,,2,,HIGH,reidin
Al Msalli,104,1,1140.97,2024-03-04,,1,,HIGH,reidin
The Fairmont Palm Residences,506,1,1280.9,2024-03-04,,5,,HIGH,reidin
Jash Falqa,803,3,2142.02,2024-03-04,,8,,HIGH,reidin
Al Khushkar,608,2,1550.0,2024-03-03,,6,,HIGH,reidin
Al Basri,707,2,1993.69,2024-03-03,,7,,HIGH,reidin
Al Hatmi,902,3,2174.31,2024-03-03,,9,,HIGH,reidin
Golden Mile,3509,2,1797.57,2024-03-03,,5,,HIGH,reidin
Al Msalli,1010,3,2142.02,2024-03-01,,LP,,HIGH,reidin
Seven Palm,30207,2,1645.8,2024-03-01,,2,,HIGH,reidin
Al Shirawi,107,1,1144.63,2024-03-01,,1,,HIGH,reidin
Golden Mile,10406,1,1289.73,2024-03-01,,4,,HIGH,reidin
Golden Mile,RT11B,,1384.24,2024-03-01,,B1,,HIGH,reidin
Al Khayali,407,3,2443.41,2024-03-01,,4,,HIGH,reidin
Serenia Residences,B702,3,4877.12,2024-03-01,,7,,HIGH,reidin
Marina Residences,C505,2,1819.1,2024-03-01,,5,,HIGH,reidin
Al Nabat,708,2,1550.0,2024-02-29,,7,,HIGH,reidin
Al Ramth,609,2,1734.93,2024-02-29,,6,,HIGH,reidin
The 8,20511,2,1334.72,2024-02-29,,5,,HIGH,reidin
Golden Mile,6108,3,3328.63,2024-02-29,,1,,HIGH,reidin
Al Khayali,1302,2,1776.04,2024-02-29,,13,,HIGH,reidin
The Fairmont Palm Residences,PPH7,,33508.02,2024-02-29,,P3,,HIGH,reidin
Marina Residences,309,1,1156.47,2024-02-29,,3,,HIGH,reidin
Al Hallawi,612,2,1582.29,2024-02-29,,6,,HIGH,reidin
Al Das,910,5,2137.93,2024-02-29,,9,,HIGH,reidin
The Fairmont Palm Residences,812,2,1726.85,2024-02-29,,8,,HIGH,reidin
Golden Mile,7208,3,3326.05,2024-02-29,,2,,HIGH,reidin
Balqis Residences,402,2,1987.23,2024-02-29,,4,,HIGH,reidin
Serenia Residences,A102,1,1070.9,2024-02-28,,1,,HIGH,reidin
Al Shamsi,228,1,1267.77,2024-02-28,,2,,HIGH,reidin
Palm Tower,2314,0,523.77,2024-02-28,,23,,HIGH,reidin
The Fairmont Palm Residences,320,2,2185.07,2024-02-28,,3,,HIGH,reidin
Palm Tower,2615,0,524.2,2024-02-27,,26,,HIGH,reidin
Palm Tower,2616,0,523.56,2024-02-27,,26,,HIGH,reidin
Al Khayali,803,2,1734.93,2024-02-27,,8,,HIGH,reidin
Palm Tower,2602,0,523.99,2024-02-27,,26,,HIGH,reidin
Palm Tower,2601,0,494.17,2024-02-27,,26,,HIGH,reidin
Palm Tower,2617,0,523.99,2024-02-27,,26,,HIGH,reidin
Al Msalli,F076C,,2114.68,2024-02-27,,1,,HIGH,reidin
Al Msalli,F076B,,864.99,2024-02-27,,1,,HIGH,reidin
Palm Tower,2614,0,523.77,2024-02-27,,26,,HIGH,reidin
Palm Tower,4414,1,1054.86,2024-02-27,,44,,HIGH,reidin
Royal Atlantis,103,1,1071.01,2024-02-27,,1,,HIGH,reidin
Palm Tower,2619,1,1109.22,2024-02-27,,26,,HIGH,reidin
Al Malak,TH06,2,4089.74,2024-02-27,,LG,,HIGH,reidin
Seven Palm,41308,1,1216.32,2024-02-27,,13,,HIGH,reidin
Palm Tower,2606,0,523.34,2024-02-27,,26,,HIGH,reidin
Palm Tower,2612,0,520.11,2024-02-27,,26,,HIGH,reidin
Palm Tower,2618,1,1064.23,2024-02-27,,26,,HIGH,reidin
Palm Tower,2603,0,524.2,2024-02-27,,26,,HIGH,reidin
Palm Tower,2613,1,1058.41,2024-02-27,,26,,HIGH,reidin
Palm Tower,2605,1,1055.08,2024-02-27,,26,,HIGH,reidin
Palm Tower,2608,0,518.07,2024-02-27,,26,,HIGH,reidin
The Fairmont Palm Residences,326,2,2195.84,2024-02-27,,3,,HIGH,reidin
Al Malak,902,2,1735.25,2024-02-27,,9,,HIGH,reidin
Al Msalli,F077,,593.95,2024-02-27,,1,,HIGH,reidin
Palm Tower,2607,0,517.64,2024-02-27,,26,,HIGH,reidin
Palm Tower,2604,0,523.56,2024-02-27,,26,,HIGH,reidin
Serenia Residences,C406,2,1722.22,2024-02-26,,4,,HIGH,reidin
Marina Residences,AG01,2,2435.76,2024-02-26,,G,,HIGH,reidin
Balqis Residences,808,2,1957.63,2024-02-26,,8,,HIGH,reidin
Al Malak,704,2,1743.75,2024-02-26,,7,,HIGH,reidin
Al Das,108,5,2241.47,2024-02-26,,1,,HIGH,reidin
The Fairmont Palm Residences,423,2,1969.79,2024-02-26,,4,,HIGH,reidin
Al Murjan,LG04,2,2045.14,2024-02-26,,LG,,HIGH,reidin
Seven Palm,518,0,493.52,2024-02-26,,5,,HIGH,reidin
Palm Tower,2312,0,516.67,2024-02-26,,23,,HIGH,reidin
Jash Hamad,707,2,1991.32,2024-02-26,,7,,HIGH,reidin
Palm Tower,3112,0,520.11,2024-02-26,,31,,HIGH,reidin
Tiara Residences,302,3,2391.95,2024-02-26,,3,,HIGH,reidin
Golden Mile,3101,1,1303.83,2024-02-26,,1,,HIGH,reidin
Al Malak,PJFRE065,4,5000.05,2024-02-26,,nan,,HIGH,reidin
Jash Falqa,411,3,2217.36,2024-02-26,,4,,HIGH,reidin
Al Msalli,G01,,3249.08,2024-02-26,,G,,HIGH,reidin
The Fairmont Palm Residences,601,2,1915.97,2024-02-26,,6,,HIGH,reidin
Golden Mile,6203,2,1799.62,2024-02-26,,2,,HIGH,reidin
Golden Mile,10107,2,1978.62,2024-02-26,,1,,HIGH,reidin
Seven Palm,41102,2,1948.27,2024-02-26,,11,,HIGH,reidin
Serenia Residences,C102,3,2884.73,2024-02-26,,1,,HIGH,reidin
Al Habool,309,1,1140.97,2024-02-25,,3,,HIGH,reidin
Al Basri,1011,3,2185.07,2024-02-25,,10,,HIGH,reidin
Al Khayali,811,2,1870.01,2024-02-25,,8,,HIGH,reidin
Golden Mile,2609,2,1786.81,2024-02-24,,6,,HIGH,reidin
Al Anbara,206,2,2002.09,2024-02-23,,2,,HIGH,reidin
The Fairmont Palm Residences,R1,,11608.65,2024-02-23,,LG,,HIGH,reidin
Serenia Residences,A504,1,1044.1,2024-02-23,,5,,HIGH,reidin
Al Nabat,1303,2,1776.04,2024-02-23,,13,,HIGH,reidin
Palm Tower,4102,1,1054.86,2024-02-23,,41,,HIGH,reidin
Palm Tower,2306,0,527.43,2024-02-23,,23,,HIGH,reidin
Al Sahab,PJFRO057,4,5000.05,2024-02-23,,nan,,HIGH,reidin
Al Malak,1310,2,1776.04,2024-02-23,,13,,HIGH,reidin
Al Msalli,NKMB1012,,2516.92,2024-02-23,,G,,HIGH,reidin
Golden Mile,GM2B8GR18,,1808.98,2024-02-23,,G,,HIGH,reidin
Al Khayali,805,3,2438.78,2024-02-22,,8,,HIGH,reidin
Al Shirawi,403,3,2163.54,2024-02-22,,4,,HIGH,reidin
Marina Residences,301,2,2016.29,2024-02-22,,3,,HIGH,reidin
Azizi Mina,204,2,1504.58,2024-02-22,,2,,HIGH,reidin
Palm Tower,2214,0,523.77,2024-02-22,,22,,HIGH,reidin
Golden Mile,8603,2,1797.57,2024-02-21,,6,,HIGH,reidin
Golden Mile,5504,1,1302.43,2024-02-21,,5,,HIGH,reidin
Al Malak,PJFRE115,5,6999.98,2024-02-21,,nan,,HIGH,reidin
Kempinski Residences,RG15,,430.56,2024-02-21,,G,,HIGH,reidin
Al Mashraba,1309,2,1777.98,2024-02-21,,13,,HIGH,reidin
Al Basri,507,2,2012.85,2024-02-21,,5,,HIGH,reidin
The Fairmont Palm Residences,NRG112,,1238.6,2024-02-21,,G,,HIGH,reidin
The Fairmont Palm Residences,NRG110,,595.35,2024-02-21,,G,,HIGH,reidin
The Fairmont Palm Residences,418,3,4165.63,2024-02-20,,4,,HIGH,reidin
Al Shamsi,G51,3,2426.61,2024-02-20,,G,,HIGH,reidin
Golden Mile,4506,1,1280.9,2024-02-20,,5,,HIGH,reidin
Al Basri,610,3,2158.92,2024-02-20,,6,,HIGH,reidin
Al Hamri,701,2,1582.29,2024-02-20,,7,,HIGH,reidin
Al Fahad,PJFRL098,4,5000.05,2024-02-20,,nan,,HIGH,reidin
Al Sultana,508,2,1550.0,2024-02-20,,5,,HIGH,reidin
Serenia Residences,B206,2,1786.81,2024-02-20,,2,,HIGH,reidin
Royal Atlantis,102,1,1011.81,2024-02-20,,1,,HIGH,reidin
The 8,20509,3,1700.7,2024-02-20,,5,,HIGH,reidin
Al Sultana,105,2,1550.0,2024-02-19,,1,,HIGH,reidin
Balqis Residences,1014,3,2369.13,2024-02-19,,10,,HIGH,reidin
Al Hallawi,211,3,2200.36,2024-02-19,,2,,HIGH,reidin
Al Hallawi,607,2,1991.32,2024-02-19,,6,,HIGH,reidin
The Fairmont Palm Residences,512,2,1722.22,2024-02-19,,5,,HIGH,reidin
Al Ramth,905,3,2438.78,2024-02-19,,9,,HIGH,reidin
Jash Falqa,903,3,2142.02,2024-02-18,,LP,,HIGH,reidin
Golden Mile,4510,2,1786.81,2024-02-17,,5,,HIGH,reidin
Al Habool,906,2,1993.69,2024-02-17,,9,,HIGH,reidin
Al Shamsi,406,1,1031.72,2024-02-16,,4,,HIGH,reidin
Golden Mile,1405,2,1797.57,2024-02-16,,4,,HIGH,reidin
Serenia Residences,A510,1,948.51,2024-02-16,,5,,HIGH,reidin
Al Shamsi,409,1,1140.44,2024-02-16,,4,,HIGH,reidin
Serenia Residences,BG01,5,12087.86,2024-02-16,,G,,HIGH,reidin
Golden Mile,2602,2,1797.57,2024-02-16,,6,,HIGH,reidin
Palm Tower,4704,2,2421.88,2024-02-16,,47,,HIGH,reidin
The Fairmont Palm Residences,324,2,1930.4,2024-02-16,,3,,HIGH,reidin
Al Mashraba,1108,2,1745.69,2024-02-15,,11,,HIGH,reidin
Al Basri,PJFRD116,4,5000.05,2024-02-15,,nan,,HIGH,reidin
Serenia Residences,A212,2,1603.82,2024-02-15,,2,,HIGH,reidin
Al Habool,612,2,1593.06,2024-02-15,,6,,HIGH,reidin
Al Msalli,E002,,1130.96,2024-02-15,,2,,HIGH,reidin
Al Msalli,F045,,1527.18,2024-02-15,,1,,HIGH,reidin
Jash Hamad,409,1,1140.97,2024-02-15,,4,,HIGH,reidin
The 8,10003,1,1969.79,2024-02-15,,G,,HIGH,reidin
Al Basri,212,2,1585.85,2024-02-15,,2,,HIGH,reidin
Al Sahab,402,4,6189.24,2024-02-14,,4,,HIGH,reidin
Al Msalli,P056B,,864.99,2024-02-14,,G,,HIGH,reidin
Al Anbara,604,1,1140.97,2024-02-14,,6,,HIGH,reidin
Al Nabat,LG02,3,4768.41,2024-02-14,,LG,,HIGH,reidin
Al Hamri,104,1,1140.97,2024-02-14,,1,,HIGH,reidin
Balqis Residences,506,2,1959.03,2024-02-14,,5,,HIGH,reidin
Golden Mile,2111,2,2604.22,2024-02-14,,1,,HIGH,reidin
Al Shirawi,1009,1,1140.97,2024-02-14,,10,,HIGH,reidin
Golden Mile,4312,3,2421.88,2024-02-14,,3,,HIGH,reidin
Marina Residences,A207,1,1119.45,2024-02-14,,2,,HIGH,reidin
Al Mashraba,B108,,375.12,2024-02-14,,B1,,HIGH,reidin
Al Shamsi,244,1,1268.96,2024-02-14,,2,,HIGH,reidin
Al Murjan,LG05,2,2045.14,2024-02-14,,LG,,HIGH,reidin
Al Ramth,1011,2,1870.01,2024-02-14,,10,,HIGH,reidin
The Fairmont Palm Residences,5V035,5,3336.81,2024-02-13,,nan,,HIGH,reidin
Jash Hamad,J1,3,716.98,2024-02-13,,1,,HIGH,reidin
Balqis Residences,105,2,3752.19,2024-02-13,,1,,HIGH,reidin
Golden Mile,7502,2,1797.57,2024-02-13,,5,,HIGH,reidin
Al Basri,PJFRD079,4,5000.05,2024-02-13,,nan,,HIGH,reidin
Al Das,403,5,2156.87,2024-02-13,,4,,HIGH,reidin
Al Das,G12,,1671.2,2024-02-13,,G,,HIGH,reidin
The Fairmont Palm Residences,224,2,1930.4,2024-02-13,,2,,HIGH,reidin
Kempinski Residences,118,2,1749.99,2024-02-13,,1,,HIGH,reidin
Golden Mile,9506,1,1289.73,2024-02-13,,5,,HIGH,reidin
Golden Mile,2402,2,1797.57,2024-02-13,,4,,HIGH,reidin
Al Msalli,E088,,1680.03,2024-02-12,,2,,HIGH,reidin
Golden Mile,GM2B8RT26A,,978.33,2024-02-12,,B1,,HIGH,reidin
Golden Mile,5511,2,1794.34,2024-02-12,,5,,HIGH,reidin
Jash Hamad,209,1,1140.97,2024-02-12,,2,,HIGH,reidin
Al Fahad,PJFRL005,4,5000.05,2024-02-12,,nan,,HIGH,reidin
Al Msalli,E089,,1700.05,2024-02-12,,2,,HIGH,reidin
Golden Mile,9108,3,3315.28,2024-02-12,,1,,HIGH,reidin
Al Khushkar,909,1,1140.97,2024-02-11,,9,,HIGH,reidin
Balqis Residences,212,3,2569.45,2024-02-11,,2,,HIGH,reidin
Al Malak,402,2,1732.99,2024-02-11,,4,,HIGH,reidin
Al Hamri,607,2,1991.32,2024-02-11,,6,,HIGH,reidin
Palm Tower,3411,1,1140.97,2024-02-09,,34,,HIGH,reidin
Al Msalli,412,2,1582.29,2024-02-09,,4,,HIGH,reidin
Serenia Residences,A710,1,947.22,2024-02-09,,7,,HIGH,reidin
Al Msalli,E038,,3038.0,2024-02-09,,2,,HIGH,reidin
Golden Mile,4407,2,1883.68,2024-02-09,,4,,HIGH,reidin
Marina Residences,804,1,1140.97,2024-02-08,,8,,HIGH,reidin
Al Shamsi,221,3,2398.95,2024-02-08,,2,,HIGH,reidin
Al Sultana,PH01,4,4832.99,2024-02-08,,LP,,HIGH,reidin
Al Hallawi,308,2,1550.76,2024-02-08,,3,,HIGH,reidin
Al Das,909,2,1144.63,2024-02-08,,9,,HIGH,reidin
Al Shamsi,G44,3,3147.69,2024-02-08,,G,,HIGH,reidin
Jash Hamad,J2,2,717.63,2024-02-08,,1,,HIGH,reidin
Al Shamsi,317,3,2405.41,2024-02-08,,3,,HIGH,reidin
The Fairmont Palm Residences,112,2,2167.42,2024-02-08,,1,,HIGH,reidin
Oceana,G08,2,1954.72,2024-02-08,,G,,HIGH,reidin
Al Fahad,PJFRA043,4,6000.01,2024-02-07,,nan,,HIGH,reidin
Al Basri,PJFRD004,4,5000.05,2024-02-07,,nan,,HIGH,reidin
Marina Residences,A106,1,1108.68,2024-02-07,,1,,HIGH,reidin
Al Habool,702,3,2181.3,2024-02-07,,7,,HIGH,reidin
Al Mashraba,1204,2,1743.75,2024-02-07,,12,,HIGH,reidin
Palm Tower,3404,0,527.43,2024-02-07,,34,,HIGH,reidin
Golden Mile,8607,2,1883.68,2024-02-07,,6,,HIGH,reidin
Al Das,810,5,2137.93,2024-02-07,,8,,HIGH,reidin
Al Nabat,LG03,3,2751.15,2024-02-07,,LG,,HIGH,reidin
Al Das,107,2,1144.63,2024-02-07,,1,,HIGH,reidin
Golden Mile,6308,3,3328.63,2024-02-07,,3,,HIGH,reidin
Azizi Mina,108,1,947.22,2024-02-06,,1,,HIGH,reidin
Al Hamri,1009,1,1140.97,2024-02-06,,LP,,HIGH,reidin
Golden Mile,6101,1,1496.18,2024-02-06,,1,,HIGH,reidin
Serenia Residences,A801,3,2556.53,2024-02-06,,8,,HIGH,reidin
Al Mashraba,TH04,2,3993.41,2024-02-06,,LG,,HIGH,reidin
Azizi Mina,816,2,1517.71,2024-02-06,,8,,HIGH,reidin
Al Malak,PJFRE015,4,5000.05,2024-02-06,,nan,,HIGH,reidin
Club Vista Mare,120,0,602.78,2024-02-05,,1,,HIGH,reidin
Azizi Mina,703,1,947.22,2024-02-05,,7,,HIGH,reidin
Al Shamsi,314,1,1059.17,2024-02-05,,3,,HIGH,reidin
Golden Mile,3511,2,1797.57,2024-02-05,,5,,HIGH,reidin
Golden Mile,2202,2,1799.08,2024-02-05,,2,,HIGH,reidin
Al Murjan,1307,3,2529.52,2024-02-05,,13,,HIGH,reidin
Al Murjan,1211,2,2019.09,2024-02-02,,12,,HIGH,reidin
The 8,20612,2,1334.72,2024-02-02,,6,,HIGH,reidin
Serenia Residences,C705,1,1001.04,2024-02-02,,7,,HIGH,reidin
The Fairmont Palm Residences,5V023,5,3336.81,2024-02-02,,nan,,HIGH,reidin
Kempinski Residences,617,4,4919.1,2024-02-02,,6,,HIGH,reidin
Al Nabat,TH07,2,4097.49,2024-02-01,,LG,,HIGH,reidin
Al Khayali,910,2,1735.25,2024-02-01,,9,,HIGH,reidin
Al Khushkar,405,2,1550.76,2024-02-01,,4,,HIGH,reidin
Al Basri,611,3,2217.36,2024-02-01,,6,,HIGH,reidin
Al Malak,1204,2,1743.75,2024-02-01,,12,,HIGH,reidin
Al Khayali,204,2,2034.38,2024-02-01,,2,,HIGH,reidin
Al Basri,107,1,1140.97,2024-02-01,,1,,HIGH,reidin
Al Ramth,1001,2,1872.92,2024-02-01,,10,,HIGH,reidin
Al Ramth,303,2,1926.74,2024-02-01,,3,,HIGH,reidin
Jash Falqa,801,2,1560.77,2024-02-01,,8,,HIGH,reidin
Palm Tower,3113,1,1058.41,2024-02-01,,31,,HIGH,reidin
Al Shirawi,1008,2,1550.76,2024-01-31,,10,,HIGH,reidin
Al Ramth,110,2,2045.14,2024-01-31,,1,,HIGH,reidin
Al Anbara,702,3,2185.07,2024-01-31,,7,,HIGH,reidin
Balqis Residences,404,3,2365.69,2024-01-31,,4,,HIGH,reidin
Al Habool,107,1,1144.63,2024-01-31,,1,,HIGH,reidin
Palm Tower,3117,0,523.99,2024-01-31,,31,,HIGH,reidin
Jash Falqa,711,3,2181.52,2024-01-31,,7,,HIGH,reidin
Golden Mile,6112,3,3422.92,2024-01-31,,1,,HIGH,reidin
The Fairmont Palm Residences,427,2,1759.47,2024-01-31,,4,,HIGH,reidin
Al Das,306,4,1996.7,2024-01-31,,3,,HIGH,reidin
The Fairmont Palm Residences,227,2,1851.39,2024-01-31,,2,,HIGH,reidin
Al Das,803,5,2137.93,2024-01-30,,8,,HIGH,reidin
Al Das,202,5,2206.71,2024-01-30,,2,,HIGH,reidin
Al Fahad,PJFRL072,4,5000.05,2024-01-30,,nan,,HIGH,reidin
Al Shamsi,329,3,2184.43,2024-01-30,,3,,HIGH,reidin
Al Hamri,608,2,1550.0,2024-01-30,,6,,HIGH,reidin
The 8,TPTFBIN06,,2457.4,2024-01-30,,1,,HIGH,reidin
Al Shamsi,219,3,2379.9,2024-01-30,,2,,HIGH,reidin
Al Hallawi,209,1,1145.39,2024-01-30,,2,,HIGH,reidin
Al Shamsi,407,1,1031.72,2024-01-30,,4,,HIGH,reidin
Al Shamsi,330,2,1675.62,2024-01-30,,3,,HIGH,reidin
Al Hallawi,105,2,1550.86,2024-01-30,,1,,HIGH,reidin
Balqis Residences,312,2,2196.05,2024-01-30,,3,,HIGH,reidin
Al Murjan,1108,2,1743.75,2024-01-30,,11,,HIGH,reidin
Golden Mile,10611,2,1786.81,2024-01-30,,6,,HIGH,reidin
Al Hamri,609,1,1145.39,2024-01-30,,6,,HIGH,reidin
Al Malak,1306,3,4053.47,2024-01-30,,13,,HIGH,reidin
The 8,TPTFBIN07,,2440.07,2024-01-30,,1,,HIGH,reidin
Al Habool,304,1,1140.97,2024-01-30,,3,,HIGH,reidin
The Fairmont Palm Residences,305,1,1377.78,2024-01-29,,3,,HIGH,reidin
Seven Palm,40502,2,1840.63,2024-01-29,,5,,HIGH,reidin
Al Msalli,107,1,1144.42,2024-01-29,,1,,HIGH,reidin
Golden Mile,8301,1,1302.43,2024-01-29,,3,,HIGH,reidin
Palm Tower,3707,0,516.67,2024-01-29,,37,,HIGH,reidin
Golden Mile,GM2B9GR10,,1791.87,2024-01-29,,G,,HIGH,reidin
Seven Palm,40806,2,1743.75,2024-01-29,,8,,HIGH,reidin
The Fairmont Palm Residences,920,2,1732.99,2024-01-29,,9,,HIGH,reidin
Marina Residences,213,1,1140.97,2024-01-29,,2,,HIGH,reidin
The Fairmont Palm Residences,5V065,5,3417.54,2024-01-29,,nan,,HIGH,reidin
Balqis Residences,705,3,2325.0,2024-01-29,,7,,HIGH,reidin
Al Hamri,406,2,2002.09,2024-01-29,,4,,HIGH,reidin
Serenia Residences,C505,1,1004.38,2024-01-29,,5,,HIGH,reidin
The Fairmont Palm Residences,106,1,1431.6,2024-01-26,,1,,HIGH,reidin
Al Mashraba,508,2,1743.75,2024-01-26,,5,,HIGH,reidin
Al Shamsi,214,1,1188.33,2024-01-26,,2,,HIGH,reidin
Palm Tower,2509,1,1108.68,2024-01-26,,25,,HIGH,reidin
Al Murjan,204,2,2037.18,2024-01-25,,2,,HIGH,reidin
Al Basri,407,2,1996.7,2024-01-25,,4,,HIGH,reidin
Golden Mile,3105,2,2002.09,2024-01-25,,1,,HIGH,reidin
The 8,20506,3,1743.75,2024-01-25,,5,,HIGH,reidin
Al Nabat,PH10,3,2139.97,2024-01-25,,9,,HIGH,reidin
Oceana,1202,3,2279.9,2024-01-25,,13,,HIGH,reidin
Al Anbara,208,2,1550.0,2024-01-25,,2,,HIGH,reidin
Al Shamsi,315,1,1140.11,2024-01-25,,3,,HIGH,reidin
Serenia Residences,C810,2,1711.46,2024-01-25,,8,,HIGH,reidin
Al Habool,504,1,1145.39,2024-01-25,,5,,HIGH,reidin
Al Shirawi,1105,2,1550.0,2024-01-24,,LP,,HIGH,reidin
Al Ghaf,PJFRC057,5,5460.96,2024-01-24,,nan,,HIGH,reidin
Palm Tower,3102,0,523.99,2024-01-24,,31,,HIGH,reidin
Al Malak,102,2,2045.14,2024-01-24,,1,,HIGH,reidin
Al Murjan,911,2,1862.15,2024-01-24,,9,,HIGH,reidin
The Fairmont Palm Residences,923,2,1766.68,2024-01-24,,9,,HIGH,reidin
Al Khushkar,711,3,2185.07,2024-01-23,,7,,HIGH,reidin
Al Khushkar,911,3,2185.07,2024-01-23,,9,,HIGH,reidin
Al Habool,604,1,1140.97,2024-01-23,,6,,HIGH,reidin
Al Basri,PJFRD034,4,5000.05,2024-01-23,,nan,,HIGH,reidin
Al Habool,406,2,1991.32,2024-01-23,,4,,HIGH,reidin
Balqis Residences,301,3,2442.97,2024-01-23,,3,,HIGH,reidin
Golden Mile,10503,2,1797.57,2024-01-23,,5,,HIGH,reidin
Al Malak,1105,3,2524.46,2024-01-23,,11,,HIGH,reidin
The Fairmont Palm Residences,PPH6,,7577.79,2024-01-23,,P2,,HIGH,reidin
Golden Mile,10410,2,1797.57,2024-01-23,,4,,HIGH,reidin
Golden Mile,10403,2,1800.05,2024-01-23,,4,,HIGH,reidin
The 8,TPTFAIN16,,3190.2,2024-01-22,,1,,HIGH,reidin
The 8,TPTGAIN16,,3048.23,2024-01-22,,nan,,HIGH,reidin
Marina Residences,501,2,2012.85,2024-01-22,,5,,HIGH,reidin
Al Anbara,907,2,1991.32,2024-01-22,,9,,HIGH,reidin
Balqis Residences,1001,3,2367.52,2024-01-22,,10,,HIGH,reidin
Al Murjan,LG06,2,2048.15,2024-01-22,,LG,,HIGH,reidin
The Fairmont Palm Residences,R7,,462.85,2024-01-22,,LG,,HIGH,reidin
Golden Mile,9603,2,1797.57,2024-01-22,,6,,HIGH,reidin
Al Khayali,708,2,1745.69,2024-01-22,,7,,HIGH,reidin
Al Msalli,403,3,2163.54,2024-01-22,,4,,HIGH,reidin
The Fairmont Palm Residences,125,2,2195.84,2024-01-22,,1,,HIGH,reidin
Al Nabat,111,3,2195.84,2024-01-21,,1,,HIGH,reidin
Al Hallawi,110,2,1603.82,2024-01-21,,1,,HIGH,reidin
Al Fahad,PJFRL028,4,6000.01,2024-01-21,,nan,,HIGH,reidin
Jash Hamad,504,1,1140.97,2024-01-21,,5,,HIGH,reidin
Jash Falqa,105,2,1550.0,2024-01-21,,1,,HIGH,reidin
Al Seef,PJFRM035,4,5000.05,2024-01-20,,nan,,HIGH,reidin
Al Mashraba,1202,2,1778.09,2024-01-20,,12,,HIGH,reidin
Golden Mile,6606,1,1291.67,2024-01-19,,6,,HIGH,reidin
Al Hallawi,512,2,1582.29,2024-01-19,,5,,HIGH,reidin
Palm Tower,4411,1,1140.97,2024-01-19,,44,,HIGH,reidin
Al Murjan,LG07,2,1946.65,2024-01-19,,LG,,HIGH,reidin
Jash Hamad,301,2,1582.29,2024-01-19,,3,,HIGH,reidin
Al Shirawi,209,1,1140.97,2024-01-18,,2,,HIGH,reidin
Palm Tower,3615,1,1054.86,2024-01-18,,36,,HIGH,reidin
Al Msalli,F009,,1202.97,2024-01-18,,1,,HIGH,reidin
Al Habool,508,2,1550.0,2024-01-18,,5,,HIGH,reidin
Al Ramth,404,2,1862.15,2024-01-18,,4,,HIGH,reidin
Al Msalli,602,3,2217.36,2024-01-18,,6,,HIGH,reidin
Al Basri,901,2,1582.29,2024-01-18,,9,,HIGH,reidin
Al Ramth,511,2,1872.92,2024-01-17,,5,,HIGH,reidin
Al Khushkar,108,3,2238.89,2024-01-17,,1,,HIGH,reidin
Azizi Mina,501,1,990.28,2024-01-17,,5,,HIGH,reidin
Al Mashraba,804,2,1743.75,2024-01-17,,8,,HIGH,reidin
Al Das,809,2,1144.63,2024-01-17,,8,,HIGH,reidin
Al Das,101,4,1602.96,2024-01-17,,1,,HIGH,reidin
Al Malak,1111,2,2019.09,2024-01-17,,11,,HIGH,reidin
Al Das,701,4,1589.07,2024-01-17,,7,,HIGH,reidin
Palm Tower,3009,1,1108.68,2024-01-17,,30,,HIGH,reidin
Al Msalli,801,2,1592.95,2024-01-16,,8,,HIGH,reidin
Al Sahab,PJFRO135,5,5343.95,2024-01-16,,nan,,HIGH,reidin
Al Basri,101,2,1593.06,2024-01-16,,1,,HIGH,reidin
Al Basri,PH01,4,4832.99,2024-01-16,,LP,,HIGH,reidin
The Fairmont Palm Residences,604,1,1334.72,2024-01-16,,6,,HIGH,reidin
Seven Palm,40709,2,2228.13,2024-01-16,,7,,HIGH,reidin
Golden Mile,6305,2,1894.45,2024-01-16,,3,,HIGH,reidin
Marina Residences,A301,2,1754.52,2024-01-15,,3,,HIGH,reidin
Azizi Mina,614,1,947.22,2024-01-15,,6,,HIGH,reidin
Jash Falqa,811,3,2185.07,2024-01-15,,8,,HIGH,reidin
Al Khayali,309,2,1937.5,2024-01-15,,3,,HIGH,reidin
Marina Residences,917,2,2023.61,2024-01-15,,9,,HIGH,reidin
Al Das,510,5,2156.87,2024-01-15,,5,,HIGH,reidin
Al Murjan,902,2,1732.99,2024-01-15,,9,,HIGH,reidin
Al Khayali,704,2,1745.69,2024-01-15,,7,,HIGH,reidin
Azizi Mina,802,1,990.28,2024-01-15,,8,,HIGH,reidin
Al Hatmi,901,2,1582.29,2024-01-14,,9,,HIGH,reidin
Al Anbara,107,1,1140.97,2024-01-14,,1,,HIGH,reidin
Azizi Mina,419,1,957.99,2024-01-14,,4,,HIGH,reidin
Al Hamri,703,3,2163.54,2024-01-14,,7,,HIGH,reidin
Golden Mile,6303,2,1797.57,2024-01-12,,3,,HIGH,reidin
Al Sultana,506,2,1969.79,2024-01-12,,5,,HIGH,reidin
Al Ghaf,PJFRB120,6,6999.98,2024-01-12,,nan,,HIGH,reidin
The Fairmont Palm Residences,P216,3,3024.66,2024-01-12,,10,,HIGH,reidin
Al Nabat,208,2,2034.38,2024-01-12,,2,,HIGH,reidin
The 8,20205,2,1334.72,2024-01-12,,2,,HIGH,reidin
Golden Mile,3410,2,1797.57,2024-01-12,,4,,HIGH,reidin
Serenia Residences,A307,2,1334.29,2024-01-12,,3,,HIGH,reidin
Golden Mile,GM1B6RT18B,,443.04,2024-01-12,,B1,,HIGH,reidin
Al Ghaf,PJFRB114,6,6999.98,2024-01-11,,nan,,HIGH,reidin
Balqis Residences,103,3,4342.8,2024-01-11,,1,,HIGH,reidin
Azizi Mina,103,1,957.99,2024-01-11,,1,,HIGH,reidin
Azizi Mina,213,1,936.46,2024-01-11,,2,,HIGH,reidin
Al Khayali,205,3,2443.41,2024-01-11,,2,,HIGH,reidin
Al Sultana,PJFRP004,5,5343.95,2024-01-11,,nan,,HIGH,reidin
Palm Tower,2703,0,527.43,2024-01-11,,27,,HIGH,reidin
Al Basri,808,2,1550.86,2024-01-10,,8,,HIGH,reidin
Palm Tower,2308,0,516.67,2024-01-10,,23,,HIGH,reidin
The 8,10316,2,1291.67,2024-01-10,,3,,HIGH,reidin
Al Hallawi,1108,2,1550.0,2024-01-10,,LP,,HIGH,reidin
Al Nabat,1005,3,2529.52,2024-01-10,,10,,HIGH,reidin
Golden Mile,1301,1,1302.43,2024-01-10,,3,,HIGH,reidin
Golden Mile,3106,1,1288.22,2024-01-10,,1,,HIGH,reidin
Palm Tower,3815,1,1054.86,2024-01-10,,38,,HIGH,reidin
Club Vista Mare,123,0,602.78,2024-01-10,,1,,HIGH,reidin
The Fairmont Palm Residences,5V017,5,3417.54,2024-01-10,,nan,,HIGH,reidin
Al Hamri,905,2,1550.76,2024-01-10,,9,,HIGH,reidin
Al Khayali,PJJPFH11,10,13950.01,2024-01-10,,nan,,HIGH,reidin
Al Murjan,411,2,1937.5,2024-01-10,,4,,HIGH,reidin
Al Das,112,2,1670.99,2024-01-09,,1,,HIGH,reidin
Palm Tower,3819,1,1108.68,2024-01-09,,38,,HIGH,reidin
The 8,10314,2,1560.77,2024-01-09,,3,,HIGH,reidin
The Fairmont Palm Residences,502,1,1313.2,2024-01-09,,5,,HIGH,reidin
Palm Tower,3108,0,518.07,2024-01-09,,31,,HIGH,reidin
Golden Mile,9210,2,1797.57,2024-01-09,,2,,HIGH,reidin
Al Msalli,F004A,,1438.27,2024-01-09,,1,,HIGH,reidin
Al Shirawi,504,1,1140.97,2024-01-09,,5,,HIGH,reidin
Al Msalli,F003A,,1818.02,2024-01-08,,1,,HIGH,reidin
Golden Mile,9606,1,1282.95,2024-01-08,,6,,HIGH,reidin
Al Anbara,402,3,2217.36,2024-01-08,,4,,HIGH,reidin
Golden Mile,7604,1,1306.63,2024-01-08,,6,,HIGH,reidin
Golden Mile,2209,2,1787.78,2024-01-08,,2,,HIGH,reidin
Golden Mile,3104,1,1409.43,2024-01-08,,1,,HIGH,reidin
Al Sultana,104,1,1140.97,2024-01-08,,1,,HIGH,reidin
Al Khushkar,208,2,1550.86,2024-01-08,,2,,HIGH,reidin
The 8,TPTGCIN10A,,310.65,2024-01-08,,G,,HIGH,reidin
Marina Residences,111,1,1386.39,2024-01-05,,1,,HIGH,reidin
Marina Residences,A107,1,1119.45,2024-01-05,,1,,HIGH,reidin
The 8,SHOP6,,710.42,2024-01-05,,G,,HIGH,reidin
The 8,SHOP3,,193.75,2024-01-05,,G,,HIGH,reidin
Al Hatmi,509,1,1140.97,2024-01-05,,5,,HIGH,reidin
Al Shamsi,431,1,1052.92,2024-01-05,,4,,HIGH,reidin
Golden Mile,OF07,,5128.46,2024-01-05,,MEZ,,HIGH,reidin
Golden Mile,OF06,,7466.49,2024-01-05,,MEZ,,HIGH,reidin
Al Msalli,E083,,1622.98,2024-01-04,,2,,HIGH,reidin
Al Msalli,F053,,1660.01,2024-01-04,,1,,HIGH,reidin
Al Msalli,E082,,1411.04,2024-01-04,,2,,HIGH,reidin
Al Msalli,E079,,1271.97,2024-01-04,,2,,HIGH,reidin
Al Msalli,E077,,2069.04,2024-01-04,,2,,HIGH,reidin
Golden Mile,2212,3,2421.88,2024-01-04,,2,,HIGH,reidin
Al Msalli,E057,,1250.98,2024-01-04,,2,,HIGH,reidin
Al Msalli,E076,,1306.95,2024-01-04,,2,,HIGH,reidin
Al Msalli,E078,,1235.05,2024-01-04,,2,,HIGH,reidin
Al Msalli,E081,,3643.04,2024-01-04,,2,,HIGH,reidin
Al Msalli,E084,,1577.99,2024-01-04,,2,,HIGH,reidin
Jash Hamad,106,2,1588.64,2024-01-04,,1,,HIGH,reidin
Marina Residences,1016,1,1140.97,2024-01-04,,10,,HIGH,reidin
Golden Mile,2401,1,1302.43,2024-01-04,,4,,HIGH,reidin
Al Msalli,P064,,875.0,2024-01-04,,G,,HIGH,reidin
Al Khayali,1209,2,1776.04,2024-01-03,,12,,HIGH,reidin
Al Ramth,1005,3,2529.52,2024-01-03,,10,,HIGH,reidin
Al Nabat,G05,2,1550.0,2024-01-03,,G,,HIGH,reidin
Al Nabat,105,2,1550.0,2024-01-03,,1,,HIGH,reidin
Palm Tower,4415,1,1054.86,2024-01-03,,44,,HIGH,reidin
Al Nabat,1008,2,1743.75,2024-01-03,,10,,HIGH,reidin
The Fairmont Palm Residences,516,2,1776.04,2024-01-03,,5,,HIGH,reidin
Al Habool,103,3,2241.69,2024-01-03,,1,,HIGH,reidin
The Fairmont Palm Residences,321,2,2185.07,2024-01-03,,3,,HIGH,reidin
Palm Tower,4407,1,1044.1,2024-01-03,,44,,HIGH,reidin
Golden Mile,OF05,,3523.99,2024-01-03,,MEZ,,HIGH,reidin
Al Hallawi,411,3,2217.36,2024-01-03,,4,,HIGH,reidin
Al Msalli,B102,,3644.01,2024-01-02,,B1,,HIGH,reidin
Al Msalli,B103,,149.94,2024-01-02,,B1,,HIGH,reidin
Jash Falqa,209,1,1140.97,2024-01-02,,2,,HIGH,reidin
The Fairmont Palm Residences,V1,,1232763.63,2024-01-02,,17,,HIGH,reidin
Al Msalli,B104,,317.64,2024-01-02,,B1,,HIGH,reidin
Golden Mile,RT03,,1657.53,2024-01-02,,B1,,HIGH,reidin
Al Mashraba,905,3,2443.41,2024-01-02,,9,,HIGH,reidin
Golden Mile,8504,1,1306.63,2023-12-31,,5,,HIGH,reidin
Golden Mile,4304,1,1306.63,2023-12-31,,3,,HIGH,reidin
Al Malak,PJFRE112,4,5000.05,2023-12-30,,nan,,HIGH,reidin
The Fairmont Palm Residences,NRG1,,3757.79,2023-12-29,,G,,HIGH,reidin
Golden Mile,7510,2,1794.34,2023-12-29,,5,,HIGH,reidin
Al Khayali,1402,4,6820.55,2023-12-28,,14,,HIGH,reidin
Al Khushkar,104,1,1144.63,2023-12-28,,1,,HIGH,reidin
The Fairmont Palm Residences,5V034,5,3336.81,2023-12-28,,nan,,HIGH,reidin
Balqis Residences,VILLAV21,5,13707.5,2023-12-28,,G,,HIGH,reidin
Seven Palm,40809,2,2230.5,2023-12-28,,8,,HIGH,reidin
Marina Residences,1008,2,2017.59,2023-12-27,,10,,HIGH,reidin
Al Nabat,302,2,2034.38,2023-12-27,,3,,HIGH,reidin
Kempinski Residences,418,3,4273.27,2023-12-27,,4,,HIGH,reidin
Al Murjan,408,2,1862.15,2023-12-27,,4,,HIGH,reidin
Al Shamsi,G18,3,3155.87,2023-12-27,,G,,HIGH,reidin
Al Das,408,4,1550.76,2023-12-27,,4,,HIGH,reidin
Al Malak,911,2,1870.01,2023-12-27,,9,,HIGH,reidin
Golden Mile,6301,1,1303.83,2023-12-27,,3,,HIGH,reidin
Al Malak,LG03,3,2755.56,2023-12-27,,LG,,HIGH,reidin
Serenia Residences,B306,2,1776.04,2023-12-26,,3,,HIGH,reidin
Golden Mile,7504,1,1306.63,2023-12-26,,5,,HIGH,reidin
Al Khayali,1103,2,1777.98,2023-12-26,,11,,HIGH,reidin
The 8,TPTGAIN29,,410.75,2023-12-26,,nan,,HIGH,reidin
Kempinski Residences,527,2,1786.81,2023-12-26,,5,,HIGH,reidin
Golden Mile,10401,1,1304.58,2023-12-26,,4,,HIGH,reidin
Al Shamsi,504,,4489.95,2023-12-25,,5,,HIGH,reidin
Al Shamsi,212,1,1267.88,2023-12-25,,2,,HIGH,reidin
Al Ghaf,PJFRC025,4,6000.01,2023-12-22,,nan,,HIGH,reidin
Al Shamsi,415,1,1140.44,2023-12-21,,4,,HIGH,reidin
Al Das,612,4,1589.07,2023-12-21,,6,,HIGH,reidin
Serenia Residences,C806,2,1724.05,2023-12-21,,8,,HIGH,reidin
Al Malak,G03,3,2734.03,2023-12-21,,G,,HIGH,reidin
Royal Atlantis,208,2,1474.65,2023-12-21,,2,,HIGH,reidin
Al Malak,PJFRE036,4,5000.05,2023-12-21,,nan,,HIGH,reidin
Al Msalli,F084B,,992.97,2023-12-21,,1,,HIGH,reidin
Al Msalli,E073,,1680.03,2023-12-21,,2,,HIGH,reidin
Al Msalli,F086,,1576.05,2023-12-21,,1,,HIGH,reidin
Golden Mile,3206,1,1288.22,2023-12-21,,2,,HIGH,reidin
Golden Mile,GM2B9FB23,,2059.24,2023-12-20,,B1,,HIGH,reidin
Kempinski Residences,529,2,1786.81,2023-12-20,,5,,HIGH,reidin
Golden Mile,2410,2,1797.57,2023-12-20,,4,,HIGH,reidin
Azizi Mina,721,1,957.99,2023-12-20,,7,,HIGH,reidin
Golden Mile,GM2B9FB22,,2031.79,2023-12-20,,B1,,HIGH,reidin
Al Sahab,PJFRO114,4,5000.05,2023-12-20,,nan,,HIGH,reidin
Golden Mile,3612,3,2421.88,2023-12-20,,6,,HIGH,reidin
Al Ghaf,PJFRB005,4,5000.05,2023-12-20,,nan,,HIGH,reidin
Al Khushkar,611,3,2218.12,2023-12-20,,6,,HIGH,reidin
The Fairmont Palm Residences,B109,3,4953.87,2023-12-19,,B1,,HIGH,reidin
Al Msalli,F011B,,1675.72,2023-12-19,,1,,HIGH,reidin
Serenia Residences,C402,3,2884.73,2023-12-19,,4,,HIGH,reidin
The Fairmont Palm Residences,228,3,3541.32,2023-12-19,,2,,HIGH,reidin
Al Hallawi,903,3,2142.02,2023-12-19,,9,,HIGH,reidin
Azizi Mina,609,1,1140.97,2023-12-19,,6,,HIGH,reidin
Royal Atlantis,207,1,942.49,2023-12-19,,2,,HIGH,reidin
The 8,10210,2,1510.07,2023-12-19,,2,,HIGH,reidin
The 8,TPTGBIN28A,,708.7,2023-12-19,,nan,,HIGH,reidin
Al Hatmi,404,1,1140.97,2023-12-18,,4,,HIGH,reidin
Golden Mile,6506,1,1288.22,2023-12-18,,5,,HIGH,reidin
Al Das,705,4,1550.76,2023-12-18,,7,,HIGH,reidin
Al Msalli,E072,,1849.02,2023-12-18,,2,,HIGH,reidin
Golden Mile,GM1B2RT07,,1240.86,2023-12-18,,B1,,HIGH,reidin
Golden Mile,9511,2,1797.57,2023-12-18,,5,,HIGH,reidin
Al Msalli,P071,,2074.96,2023-12-18,,G,,HIGH,reidin
Al Msalli,P073,,1781.96,2023-12-18,,G,,HIGH,reidin
Al Hamri,803,3,2142.02,2023-12-18,,8,,HIGH,reidin
The 8,20313,2,1323.96,2023-12-18,,3,,HIGH,reidin
Golden Mile,8306,1,1289.52,2023-12-18,,3,,HIGH,reidin
Al Msalli,P072,,2083.03,2023-12-18,,G,,HIGH,reidin
Golden Mile,B2RT06,,872.74,2023-12-18,,B1,,HIGH,reidin
Al Nabat,101,2,1593.06,2023-12-18,,1,,HIGH,reidin
Al Anbara,812,2,1582.29,2023-12-15,,8,,HIGH,reidin
Club Vista Mare,098,0,645.83,2023-12-15,,1,,HIGH,reidin
Al Malak,707,3,2443.41,2023-12-15,,7,,HIGH,reidin
Golden Mile,5411,2,1797.57,2023-12-15,,4,,HIGH,reidin
Al Ghaf,PJFRB081,4,6000.01,2023-12-15,,nan,,HIGH,reidin
Golden Mile,4404,1,1302.43,2023-12-15,,4,,HIGH,reidin
The Fairmont Palm Residences,R5,,2443.41,2023-12-14,,LG,,HIGH,reidin
Al Malak,1405,4,10254.23,2023-12-14,,14,,HIGH,reidin
Al Msalli,F010B,,878.01,2023-12-14,,1,,HIGH,reidin
Al Msalli,F010A,,702.99,2023-12-14,,1,,HIGH,reidin
Marina Residences,B501,3,5392.71,2023-12-13,,5,,HIGH,reidin
Al Sultana,PJFRP090,6,6999.98,2023-12-13,,nan,,HIGH,reidin
Al Anbara,201,2,1586.17,2023-12-13,,2,,HIGH,reidin
Golden Mile,4512,3,2421.34,2023-12-13,,5,,HIGH,reidin
Marina Residences,513,1,1140.97,2023-12-13,,5,,HIGH,reidin
Balqis Residences,712,3,2389.59,2023-12-13,,7,,HIGH,reidin
Golden Mile,FB14,,2625.96,2023-12-13,,B1,,HIGH,reidin
Al Murjan,1106,3,4053.47,2023-12-13,,11,,HIGH,reidin
Azizi Mina,502,1,990.28,2023-12-12,,5,,HIGH,reidin
Palm Tower,3101,0,494.17,2023-12-12,,31,,HIGH,reidin
Al Mashraba,208,2,2034.38,2023-12-12,,2,,HIGH,reidin
Golden Mile,RT10C,,292.02,2023-12-12,,B1,,HIGH,reidin
Marina Residences,304S,2,1765.28,2023-12-12,,3,,HIGH,reidin
Al Sahab,PJFRO082,4,5000.05,2023-12-11,,nan,,HIGH,reidin
Marina Residences,C205,2,2034.38,2023-12-11,,2,,HIGH,reidin
Al Murjan,906,3,4057.99,2023-12-11,,9,,HIGH,reidin
The 8,TPTFAIN06,,2460.95,2023-12-11,,1,,HIGH,reidin
Seven Palm,30408,3,2325.0,2023-12-11,,4,,HIGH,reidin
Al Msalli,301,2,1582.29,2023-02-06,,3,,HIGH,reidin
Al Nabat,TH06,2,4090.28,2023-02-06,,LG,,HIGH,reidin
Balqis Residences,612,3,2389.59,2023-02-06,,6,,HIGH,reidin
Al Shamsi,249,1,1268.85,2023-02-06,,2,,HIGH,reidin
Kempinski Residences,218,2,1754.52,2023-02-03,,2,,HIGH,reidin
Palm Tower,2206,0,527.43,2023-02-02,,22,,HIGH,reidin
The Fairmont Palm Residences,723,2,1766.68,2023-02-02,,7,,HIGH,reidin
Palm Tower,2311,0,601.27,2023-02-01,,23,,HIGH,reidin
Golden Mile,GM2B7RT22,,846.37,2023-02-01,,B1,,HIGH,reidin
Al Malak,1103,2,1776.04,2023-02-01,,11,,HIGH,reidin
Al Msalli,B1020,,2535.97,2023-02-01,,LG,,HIGH,reidin
Al Msalli,B1022B,,1664.96,2023-02-01,,LG,,HIGH,reidin
Al Msalli,B1021,,2520.04,2023-02-01,,LG,,HIGH,reidin
Golden Mile,GM2B7RT23B,,850.99,2023-02-01,,B1,,HIGH,reidin
Al Msalli,F046C,,1676.05,2023-02-01,,1,,HIGH,reidin
Kempinski Residences,G08,1,1323.96,2023-02-01,,G,,HIGH,reidin
Al Fahad,PJFRA012,4,5000.05,2023-02-01,,nan,,HIGH,reidin
Golden Mile,4604,1,1302.43,2023-02-01,,6,,HIGH,reidin
Serenia Residences,C309,2,1829.86,2023-02-01,,3,,HIGH,reidin
The 8,20414,1,925.7,2023-01-31,,4,,HIGH,reidin
Al Anbara,404,1,1145.39,2023-01-31,,4,,HIGH,reidin
Al Malak,PJFRE097,7,6999.98,2023-01-31,,nan,,HIGH,reidin
Balqis Residences,GR07,,5283.25,2023-01-31,,G,,HIGH,reidin
Serenia Residences,AG02,1,1722.22,2023-01-31,,G,,HIGH,reidin
Al Murjan,303,2,1926.74,2023-01-31,,3,,HIGH,reidin
Al Khushkar,302,3,2217.36,2023-01-31,,3,,HIGH,reidin
The Fairmont Palm Residences,720,2,1732.99,2023-01-31,,7,,HIGH,reidin
Serenia Residences,B802,3,4877.12,2023-01-31,,8,,HIGH,reidin
The 8,TPTGBIN13A,,911.7,2023-01-31,,nan,,HIGH,reidin
The Fairmont Palm Residences,4V097,4,3100.0,2023-01-30,,nan,,HIGH,reidin
Al Msalli,P043,,884.04,2023-01-30,,G,,HIGH,reidin
Golden Mile,OF26,,6617.0,2023-01-30,,MEZ,,HIGH,reidin
Golden Mile,2501,1,1303.83,2023-01-30,,5,,HIGH,reidin
Marina Residences,306S,3,2430.17,2023-01-30,,3,,HIGH,reidin
Golden Mile,8206,1,1291.67,2023-01-30,,2,,HIGH,reidin
Al Shirawi,306,2,2002.09,2023-01-29,,3,,HIGH,reidin
Marina Residences,505,1,1140.97,2023-01-29,,5,,HIGH,reidin
Jash Hamad,911,3,2183.03,2023-01-28,,9,,HIGH,reidin
Al Murjan,410,2,1733.53,2023-01-28,,4,,HIGH,reidin
Al Malak,901,2,1872.92,2023-01-27,,9,,HIGH,reidin
Marina Residences,310,1,1140.97,2023-01-26,,3,,HIGH,reidin
The 8,G03,,731.95,2023-01-26,,G,,HIGH,reidin
Club Vista Mare,117,0,602.78,2023-01-26,,1,,HIGH,reidin
Al Fahad,PJFRA015,6,6999.98,2023-01-26,,nan,,HIGH,reidin
Golden Mile,702,1,867.68,2023-01-26,,7,,HIGH,reidin
Al Ghaf,PJFRB020,5,5460.96,2023-01-25,,nan,,HIGH,reidin
Kempinski Residences,R101,,269.1,2023-01-25,,1,,HIGH,reidin
Al Shamsi,132,2,1666.79,2023-01-24,,1,,HIGH,reidin
Al Shamsi,231,3,2168.39,2023-01-24,,2,,HIGH,reidin
Al Shamsi,505,3,3342.41,2023-01-24,,5,,HIGH,reidin
Royal Atlantis,411,2,1399.31,2023-01-24,,4,,HIGH,reidin
Al Shamsi,501,3,7180.49,2023-01-24,,5,,HIGH,reidin
Golden Mile,G305,4,3702.78,2023-01-24,,G,,HIGH,reidin
Al Hamri,711,3,2185.07,2023-01-24,,7,,HIGH,reidin
Golden Mile,GM2B8GR17,,1808.77,2023-01-24,,G,,HIGH,reidin
Al Msalli,R007,,4523.96,2023-01-24,,R,,HIGH,reidin
Al Habool,1010,3,2142.02,2023-01-23,,LP,,HIGH,reidin
The Fairmont Palm Residences,808,1,1291.67,2023-01-23,,8,,HIGH,reidin
Al Msalli,910,3,2142.02,2023-01-23,,9,,HIGH,reidin
Al Shirawi,1006,2,1993.69,2023-01-23,,10,,HIGH,reidin
Serenia Residences,B402,3,4876.05,2023-01-23,,4,,HIGH,reidin
Golden Mile,7608,3,3326.05,2023-01-22,,6,,HIGH,reidin
Club Vista Mare,130,0,602.78,2023-01-20,,1,,HIGH,reidin
Al Seef,PJFRM119,4,5000.05,2023-01-20,,nan,,HIGH,reidin
Palm Tower,2115,0,527.43,2023-01-19,,21,,HIGH,reidin
Al Murjan,905,3,2432.64,2023-01-19,,9,,HIGH,reidin
Golden Mile,OF13,,4558.94,2023-01-19,,MEZ,,HIGH,reidin
Al Malak,PJFRE106,4,5000.05,2023-01-19,,nan,,HIGH,reidin
Royal Atlantis,408,2,1474.65,2023-01-19,,4,,HIGH,reidin
Al Shirawi,1110,3,2142.02,2023-01-18,,LP,,HIGH,reidin
Golden Mile,2604,1,1302.43,2023-01-18,,6,,HIGH,reidin
Al Msalli,B1023,,2555.03,2023-01-18,,LG,,HIGH,reidin
Al Msalli,B1024,,2542.97,2023-01-18,,LG,,HIGH,reidin
Al Msalli,609,1,1145.28,2023-01-18,,6,,HIGH,reidin
Palm Tower,3705,1,1054.86,2023-01-18,,37,,HIGH,reidin
Al Seef,PJFRM138,4,5000.05,2023-01-18,,nan,,HIGH,reidin
Golden Mile,5702,,4370.14,2023-01-17,,7,,HIGH,reidin
Al Msalli,905,2,1550.0,2023-01-17,,9,,HIGH,reidin
Al Malak,605,3,2438.78,2023-01-17,,6,,HIGH,reidin
Al Hamri,203,3,2160.96,2023-01-17,,2,,HIGH,reidin
Al Fahad,PJFRL010,4,5000.05,2023-01-17,,nan,,HIGH,reidin
Al Ramth,507,3,2443.41,2023-01-16,,5,,HIGH,reidin
Palm Tower,4218,1,1076.39,2023-01-16,,42,,HIGH,reidin
Al Msalli,B1006,,1418.04,2023-01-16,,LG,,HIGH,reidin
Al Mashraba,1009,2,1777.98,2023-01-16,,10,,HIGH,reidin
The Fairmont Palm Residences,924,2,1725.35,2023-01-16,,9,,HIGH,reidin
The 8,TPTGAIN17B,,124.0,2023-01-16,,nan,,HIGH,reidin
The 8,TPTFBIN14,,3189.56,2023-01-16,,1,,HIGH,reidin
Al Hallawi,912,2,1582.29,2023-01-16,,9,,HIGH,reidin
The 8,TPTGBIN15,,3131.65,2023-01-16,,nan,,HIGH,reidin
The 8,TPTFBIN15,,3188.59,2023-01-16,,1,,HIGH,reidin
Al Mashraba,406,3,4057.99,2023-01-15,,4,,HIGH,reidin
Al Khayali,201,2,1948.27,2023-01-15,,2,,HIGH,reidin
Azizi Mina,805,2,1528.47,2023-01-14,,8,,HIGH,reidin
Azizi Mina,104,2,1506.95,2023-01-13,,1,,HIGH,reidin
Jash Hamad,206,2,1991.32,2023-01-13,,2,,HIGH,reidin
The 8,SHOP4,,289.44,2023-01-13,,G,,HIGH,reidin
Seven Palm,40504,2,1948.27,2023-01-13,,5,,HIGH,reidin
Seven Palm,41306,2,1743.75,2023-01-12,,13,,HIGH,reidin
Golden Mile,4209,2,1786.81,2023-01-12,,2,,HIGH,reidin
Al Sultana,208,2,1550.0,2023-01-12,,2,,HIGH,reidin
Golden Mile,7309,2,1787.78,2023-01-12,,3,,HIGH,reidin
Kempinski Residences,224,2,1980.56,2023-01-11,,2,,HIGH,reidin
Kempinski Residences,403,2,1743.75,2023-01-11,,4,,HIGH,reidin
The 8,10604,3,1732.99,2023-01-11,,6,,HIGH,reidin
Al Anbara,407,2,1997.89,2023-01-11,,4,,HIGH,reidin
Balqis Residences,GR14,,449.61,2023-01-11,,G,,HIGH,reidin
Al Khayali,1005,3,2529.52,2023-01-11,,10,,HIGH,reidin
Marina Residences,C107,1,1123.21,2023-01-10,,1,,HIGH,reidin
Al Shamsi,311,1,1059.06,2023-01-10,,3,,HIGH,reidin
Palm Tower,1918,1,1065.63,2023-01-10,,19,,HIGH,reidin
Marina Residences,B105,1,1097.92,2023-01-10,,1,,HIGH,reidin
Al Anbara,509,1,1140.97,2023-01-10,,5,,HIGH,reidin
Al Ghaf,PJFRB032,4,5000.05,2023-01-10,,nan,,HIGH,reidin
Seven Palm,30202,2,1851.39,2023-01-09,,2,,HIGH,reidin
Golden Mile,7503,2,1797.57,2023-01-09,,5,,HIGH,reidin
The 8,F01,,2690.98,2023-01-06,,1,,HIGH,reidin
Palm Tower,PWBB1FB2,,2018.02,2023-01-06,,G,,HIGH,reidin
Al Hatmi,402,3,2217.36,2023-01-06,,4,,HIGH,reidin
Jash Hamad,105,2,1550.0,2023-01-06,,1,,HIGH,reidin
Al Ramth,101,2,1980.56,2023-01-05,,1,,HIGH,reidin
Royal Atlantis,304,1,790.61,2023-01-05,,3,,HIGH,reidin
Azizi Mina,320,2,1367.02,2023-01-05,,3,,HIGH,reidin
Al Ramth,TH03,2,4090.28,2023-01-05,,LG,,HIGH,reidin
Al Basri,601,2,1582.29,2023-01-05,,6,,HIGH,reidin
Al Murjan,207,3,2443.41,2023-01-05,,2,,HIGH,reidin
Al Basri,PJFRD016,6,6999.98,2023-01-04,,nan,,HIGH,reidin
Al Shamsi,RETAIL8,,911.38,2023-01-04,,G,,HIGH,reidin
Golden Mile,3103,2,2098.96,2023-01-04,,1,,HIGH,reidin
Golden Mile,4608,3,3326.05,2023-01-03,,6,,HIGH,reidin
The Fairmont Palm Residences,4V100,4,3024.66,2023-01-03,,nan,,HIGH,reidin
Al Sultana,705,2,1550.0,2023-01-03,,7,,HIGH,reidin
Al Hatmi,202,3,2195.84,2023-01-03,,2,,HIGH,reidin
The 8,TPTGBIN30,,845.29,2023-01-02,,nan,,HIGH,reidin
Golden Mile,7707,3,5062.91,2023-01-02,,7,,HIGH,reidin
Al Anbar,PJJPFJ06,4,24735.44,2023-01-02,,nan,,HIGH,reidin
Golden Mile,GM2B8GR14,,1592.73,2023-01-02,,G,,HIGH,reidin
Golden Mile,7402,2,1797.57,2023-01-02,,4,,HIGH,reidin
Al Malak,PJFRE092,3,5000.05,2022-12-30,,nan,,HIGH,reidin
Kempinski Residences,R201,,4510.07,2022-12-30,,2,,HIGH,reidin
Al Basri,PJFRF089,5,6999.98,2022-12-29,,nan,,HIGH,reidin
Al Fahad,PJFRA040,4,5000.05,2022-12-29,,nan,,HIGH,reidin
The Fairmont Palm Residences,201,2,2540.28,2022-12-29,,2,,HIGH,reidin
Palm Tower,3918,1,1076.07,2022-12-28,,39,,HIGH,reidin
Al Ramth,205,3,2438.13,2022-12-28,,2,,HIGH,reidin
Al Sultana,PJFRP082,5,5343.95,2022-12-27,,nan,,HIGH,reidin
Al Shamsi,234,2,1667.54,2022-12-27,,2,,HIGH,reidin
Al Hamri,301,2,1586.17,2022-12-26,,3,,HIGH,reidin
Golden Mile,5309,2,1787.78,2022-12-26,,3,,HIGH,reidin
Al Malak,904,2,1743.75,2022-12-23,,9,,HIGH,reidin
Royal Atlantis,701,1,871.88,2022-12-22,,7,,HIGH,reidin
The Fairmont Palm Residences,5V009,5,3799.66,2022-12-22,,nan,,HIGH,reidin
Al Shamsi,G14,3,2992.36,2022-12-21,,G,,HIGH,reidin
Al Shamsi,307,1,1020.74,2022-12-21,,3,,HIGH,reidin
Al Malak,1302,2,1776.04,2022-12-21,,13,,HIGH,reidin
Azizi Mina,710,2,1356.25,2022-12-21,,7,,HIGH,reidin
Palm Tower,3204,0,523.99,2022-12-21,,32,,HIGH,reidin
The Fairmont Palm Residences,304,1,1388.54,2022-12-21,,3,,HIGH,reidin
The 8,TPTGBIN29,,1353.56,2022-12-21,,nan,,HIGH,reidin
Azizi Mina,401,1,1011.81,2022-12-20,,4,,HIGH,reidin
Palm Tower,2213,1,1058.41,2022-12-20,,22,,HIGH,reidin
Al Shamsi,430,2,1681.97,2022-12-20,,4,,HIGH,reidin
Al Shamsi,405,1,1037.21,2022-12-20,,4,,HIGH,reidin
The 8,TPTGAIN10,,3600.2,2022-12-20,,nan,,HIGH,reidin
The 8,TPTFAIN10,,2436.62,2022-12-20,,1,,HIGH,reidin
Kempinski Residences,316,2,1776.04,2022-12-20,,3,,HIGH,reidin
Serenia Residences,A203,3,2626.39,2022-12-20,,2,,HIGH,reidin
Serenia Residences,C210,2,1711.46,2022-12-19,,2,,HIGH,reidin
Al Khushkar,205,2,1550.0,2022-12-19,,2,,HIGH,reidin
Balqis Residences,VILLAV28,5,13917.72,2022-12-19,,G,,HIGH,reidin
Golden Mile,GM2B8FB18,,1365.62,2022-12-19,,B1,,HIGH,reidin
Al Msalli,B1018,,3581.69,2022-12-19,,LG,,HIGH,reidin
Azizi Mina,109,1,979.51,2022-12-19,,1,,HIGH,reidin
Al Ghaf,PJFRC040,5,5343.95,2022-12-19,,nan,,HIGH,reidin
Golden Mile,2310,2,1794.34,2022-12-16,,3,,HIGH,reidin
The 8,TPTGBIN16A,,911.92,2022-12-16,,nan,,HIGH,reidin
Golden Mile,1607,2,1883.68,2022-12-16,,6,,HIGH,reidin
Oceana,PH01,4,5306.6,2022-12-15,,14,,HIGH,reidin
Al Malak,608,2,1743.75,2022-12-15,,6,,HIGH,reidin
Al Mashraba,GF05,,931.08,2022-12-15,,1,,HIGH,reidin
Golden Mile,3607,2,1883.68,2022-12-15,,6,,HIGH,reidin
Golden Mile,1102,2,2096.16,2022-12-15,,1,,HIGH,reidin
Kempinski Residences,602,5,5554.17,2022-12-15,,6,,HIGH,reidin
Royal Atlantis,709,2,1496.18,2022-12-14,,7,,HIGH,reidin
Seven Palm,C7,,936.46,2022-12-14,,G,,HIGH,reidin
Golden Mile,10604,1,1302.43,2022-12-14,,6,,HIGH,reidin
Azizi Mina,504,2,1506.95,2022-12-14,,5,,HIGH,reidin
Azizi Mina,321,1,861.11,2022-12-14,,3,,HIGH,reidin
Al Sultana,310,3,2163.54,2022-12-14,,3,,HIGH,reidin
Seven Palm,11601,3,24025.02,2022-12-14,,16,,HIGH,reidin
Seven Palm,C4,,26468.43,2022-12-14,,G,,HIGH,reidin
Seven Palm,C9,,20828.15,2022-12-14,,1,,HIGH,reidin
Al Msalli,E020,,3848.96,2022-12-14,,2,,HIGH,reidin
Al Msalli,E019,,2046.0,2022-12-14,,2,,HIGH,reidin
Seven Palm,C5,,4208.68,2022-12-14,,G,,HIGH,reidin
Al Murjan,1301,2,2019.09,2022-12-14,,13,,HIGH,reidin
Seven Palm,C2,,1259.38,2022-12-14,,G,,HIGH,reidin
Seven Palm,C3,,1506.95,2022-12-14,,G,,HIGH,reidin
Seven Palm,C6,,9203.13,2022-12-14,,G,,HIGH,reidin
Seven Palm,HOTEL,,76563.62,2022-12-14,,G,,HIGH,reidin
Golden Mile,GM2B7GR26,,4150.34,2022-12-13,,G,,HIGH,reidin
Al Shamsi,303,2,1517.93,2022-12-13,,3,,HIGH,reidin
Al Khayali,PJFRC113,5,6999.98,2022-12-13,,nan,,HIGH,reidin
Al Habool,1004,1,1140.97,2022-12-13,,LP,,HIGH,reidin
Marina Residences,C401,2,1756.78,2022-12-13,,4,,HIGH,reidin
Al Anbara,504,1,1140.97,2022-12-12,,5,,HIGH,reidin
The Fairmont Palm Residences,521,2,1994.77,2022-12-12,,5,,HIGH,reidin
Al Habool,901,2,1582.29,2022-12-12,,9,,HIGH,reidin
Al Shamsi,218,1,1269.28,2022-12-12,,2,,HIGH,reidin
Al Hallawi,505,2,1550.0,2022-12-12,,5,,HIGH,reidin
Al Malak,709,2,1732.99,2022-12-12,,7,,HIGH,reidin
Al Shamsi,309,1,1139.79,2022-12-12,,3,,HIGH,reidin
Al Habool,109,3,2224.36,2022-12-10,,1,,HIGH,reidin
Seven Palm,30303,2,1851.39,2022-12-09,,3,,HIGH,reidin
Al Ramth,208,2,2034.38,2022-12-09,,2,,HIGH,reidin
Al Seef,PJFRM134,4,5000.05,2022-12-08,,nan,,HIGH,reidin
Golden Mile,7212,3,2411.11,2022-12-08,,2,,HIGH,reidin
The Fairmont Palm Residences,801,2,1915.97,2022-12-08,,8,,HIGH,reidin
The 8,TPTFAIN15,,3187.73,2022-12-08,,1,,HIGH,reidin
Kempinski Residences,327,2,2260.42,2022-12-08,,3,,HIGH,reidin
Al Khushkar,512,2,1589.07,2022-12-08,,5,,HIGH,reidin
The 8,TPTGAIN15,,4414.6,2022-12-08,,nan,,HIGH,reidin
The 8,10005,2,1448.28,2022-12-07,,G,,HIGH,reidin
The 8,20004,2,1593.81,2022-12-07,,G,,HIGH,reidin
Al Khushkar,902,3,2185.07,2022-12-07,,9,,HIGH,reidin
The 8,TPTFBIN13,,3189.02,2022-12-07,,1,,HIGH,reidin
The 8,TPTFBIN12,,3247.68,2022-12-07,,1,,HIGH,reidin
Al Anbara,GF05,,929.79,2022-12-07,,1,,HIGH,reidin
Kempinski Residences,428,2,1765.28,2022-12-07,,4,,HIGH,reidin
Jash Hamad,303,3,2162.14,2022-12-07,,3,,HIGH,reidin
Al Khushkar,503,3,2152.78,2022-12-07,,5,,HIGH,reidin
Palm Tower,PWBB7FB2,,2010.48,2022-12-07,,G,,HIGH,reidin
Palm Tower,PWBB7FB1,,2010.48,2022-12-07,,G,,HIGH,reidin
The 8,TPTGAIN18,,1730.84,2022-12-07,,nan,,HIGH,reidin
The 8,TPTGAIN18A,,1728.47,2022-12-07,,nan,,HIGH,reidin
Al Msalli,E029.3,,837.97,2022-12-06,,2,,HIGH,reidin
Al Basri,PJFRD050,4,5000.05,2022-12-06,,nan,,HIGH,reidin
Al Malak,PJFRE013,4,5000.05,2022-12-06,,nan,,HIGH,reidin
Golden Mile,8108,3,3322.28,2022-12-05,,1,,HIGH,reidin
The Fairmont Palm Residences,P309,,4822.23,2022-12-05,,10,,HIGH,reidin
Al Shirawi,206,2,1996.81,2022-12-05,,2,,HIGH,reidin
Al Sultana,504,1,1140.97,2022-12-05,,5,,HIGH,reidin
The 8,10105,2,1329.77,2022-12-05,,1,,HIGH,reidin
Al Das,201,4,1585.85,2022-12-05,,2,,HIGH,reidin
The Fairmont Palm Residences,119,2,1776.04,2022-12-05,,1,,HIGH,reidin
Al Khayali,609,2,1734.93,2022-12-05,,6,,HIGH,reidin
Al Habool,908,2,1550.0,2022-12-05,,9,,HIGH,reidin
Al Murjan,407,3,2443.41,2022-12-05,,4,,HIGH,reidin
Al Shamsi,332,2,1676.8,2022-12-05,,3,,HIGH,reidin
Al Shamsi,412,1,1059.38,2022-12-05,,4,,HIGH,reidin
Golden Mile,10502,2,1797.57,2022-12-04,,5,,HIGH,reidin
Kempinski Residences,401,2,2614.98,2022-12-01,,4,,HIGH,reidin
Golden Mile,5509,2,1786.81,2022-12-01,,5,,HIGH,reidin
Golden Mile,G601,3,5403.48,2022-11-30,,G,,HIGH,reidin
Al Ghaf,PJFRC062,5,5343.95,2022-11-30,,nan,,HIGH,reidin
Al Basri,1004,1,1140.97,2022-11-30,,10,,HIGH,reidin
Azizi Mina,817,1,914.93,2022-11-30,,8,,HIGH,reidin
Al Basri,406,2,2002.09,2022-11-30,,4,,HIGH,reidin
Al Shirawi,204,1,1140.97,2022-11-29,,2,,HIGH,reidin
Palm Tower,2513,1,1054.86,2022-11-29,,25,,HIGH,reidin
Al Khayali,809,2,1732.99,2022-11-29,,8,,HIGH,reidin
The 8,TPTFAIN01,,3952.18,2022-11-29,,1,,HIGH,reidin
Azizi Mina,519,1,912.46,2022-11-29,,5,,HIGH,reidin
Golden Mile,8602,2,1797.57,2022-11-29,,6,,HIGH,reidin
The 8,TPTGAIN01,,4012.35,2022-11-29,,nan,,HIGH,reidin
Al Habool,1009,1,1140.97,2022-11-29,,LP,,HIGH,reidin
Al Basri,1107,2,1991.32,2022-11-28,,11,,HIGH,reidin
Palm Tower,4401,1,1033.33,2022-11-28,,44,,HIGH,reidin
Marina Residences,416,1,1140.97,2022-11-28,,4,,HIGH,reidin
Golden Mile,8304,1,1306.63,2022-11-28,,3,,HIGH,reidin
Al Basri,PJFRF019,5,6999.98,2022-11-28,,nan,,HIGH,reidin
Golden Mile,8406,1,1291.67,2022-11-27,,4,,HIGH,reidin
The Fairmont Palm Residences,219,2,1722.22,2022-11-25,,2,,HIGH,reidin
Golden Mile,2406,1,1291.67,2022-11-25,,4,,HIGH,reidin
Al Sahab,PJFRO099,5,5343.95,2022-11-25,,nan,,HIGH,reidin
Al Basri,709,1,1144.63,2022-11-25,,7,,HIGH,reidin
Al Fahad,PJFRL040,4,5000.05,2022-11-24,,nan,,HIGH,reidin
Al Murjan,107,3,2734.03,2022-11-24,,1,,HIGH,reidin
Palm Tower,1910,1,1108.68,2022-11-24,,19,,HIGH,reidin
Al Basri,1204,1,1140.97,2022-11-23,,LP,,HIGH,reidin
The Fairmont Palm Residences,5V028,5,3336.81,2022-11-23,,nan,,HIGH,reidin
Marina Residences,206,1,1140.97,2022-11-23,,2,,HIGH,reidin
Kempinski Residences,324,4,5500.35,2022-11-23,,3,,HIGH,reidin
Al Hatmi,912,2,1582.29,2022-11-22,,9,,HIGH,reidin
Al Habool,510,3,2163.54,2022-11-22,,5,,HIGH,reidin
Al Ghaf,PJFRB023,3,5000.05,2022-11-22,,nan,,HIGH,reidin
Al Malak,PJFRE033,4,5000.05,2022-11-22,,nan,,HIGH,reidin
Al Malak,109,2,2045.14,2022-11-22,,1,,HIGH,reidin
Serenia Residences,C203,2,1700.7,2022-11-21,,2,,HIGH,reidin
Golden Mile,5203,2,1797.57,2022-11-21,,2,,HIGH,reidin
Golden Mile,RT40,,830.33,2022-11-21,,B1,,HIGH,reidin
Marina Residences,401N,3,2432.64,2022-11-21,,4,,HIGH,reidin
Al Hamri,501,2,1582.72,2022-11-21,,5,,HIGH,reidin
Al Ramth,902,2,1732.99,2022-11-21,,9,,HIGH,reidin
Al Nabat,612,2,1582.29,2022-11-21,,6,,HIGH,reidin
Al Basri,PJFRF001,5,6000.01,2022-11-21,,nan,,HIGH,reidin
Al Khayali,302,2,2045.14,2022-11-20,,3,,HIGH,reidin
Golden Mile,7112,3,3756.6,2022-11-18,,1,,HIGH,reidin
Seven Palm,31601,4,14186.82,2022-11-18,,16,,HIGH,reidin
Al Basri,PJFRD084,5,5343.95,2022-11-18,,nan,,HIGH,reidin
Al Khayali,PJFRC138,6,6999.98,2022-11-18,,nan,,HIGH,reidin
The Fairmont Palm Residences,525,2,1991.32,2022-11-18,,5,,HIGH,reidin
Al Malak,803,2,1734.93,2022-11-18,,8,,HIGH,reidin
Golden Mile,1701,,4886.81,2022-11-18,,7,,HIGH,reidin
Al Msalli,409,1,1140.97,2022-11-18,,4,,HIGH,reidin
Al Msalli,408,2,1550.0,2022-11-18,,4,,HIGH,reidin
The Fairmont Palm Residences,5V020,5,3336.81,2022-11-17,,nan,,HIGH,reidin
Al Ramth,1202,2,1776.04,2022-11-17,,12,,HIGH,reidin
Kempinski Residences,RETAIL07,,527.43,2022-11-17,,G,,HIGH,reidin
Palm Tower,2709,2,1108.68,2022-11-17,,27,,HIGH,reidin
Golden Mile,9702,3,4362.39,2022-11-17,,7,,HIGH,reidin
Golden Mile,G102,3,3583.19,2022-11-17,,G,,HIGH,reidin
Palm Tower,3518,1,1065.63,2022-11-17,,35,,HIGH,reidin
Al Shamsi,502,3,3341.33,2022-11-16,,5,,HIGH,reidin
Marina Residences,BG06,1,721.18,2022-11-16,,G,,HIGH,reidin
Al Shirawi,607,2,1991.32,2022-11-16,,6,,HIGH,reidin
Al Shamsi,RETAIL10,,590.18,2022-11-15,,G,,HIGH,reidin
Al Shamsi,RETAIL9,,574.04,2022-11-15,,G,,HIGH,reidin
Al Shamsi,310,1,1140.76,2022-11-15,,3,,HIGH,reidin
Al Nabat,PJFRN73A,5,4999.94,2022-11-15,,nan,,HIGH,reidin
Al Sahab,PJFRO118,4,5000.05,2022-11-15,,nan,,HIGH,reidin
Golden Mile,10606,1,1291.67,2022-11-15,,6,,HIGH,reidin
Al Sahab,PJFRO072,4,5000.05,2022-11-14,,nan,,HIGH,reidin
Al Seef,PJFRM063,6,6999.98,2022-11-14,,nan,,HIGH,reidin
Al Shirawi,704,1,1140.97,2022-11-14,,7,,HIGH,reidin
Golden Mile,7512,3,2411.11,2022-11-14,,5,,HIGH,reidin
Al Msalli,F049,,2456.0,2022-11-14,,1,,HIGH,reidin
Azizi Mina,210,1,947.22,2022-11-14,,2,,HIGH,reidin
Al Ramth,410,2,1732.99,2022-11-13,,4,,HIGH,reidin
Golden Mile,8506,1,1291.67,2022-11-13,,5,,HIGH,reidin
Golden Mile,7209,2,1786.81,2022-11-11,,2,,HIGH,reidin
Al Ramth,1205,3,2529.52,2022-11-11,,12,,HIGH,reidin
Al Murjan,811,2,1872.92,2022-11-11,,8,,HIGH,reidin
Al Fahad,PJFRL058,4,5000.05,2022-11-10,,nan,,HIGH,reidin
Al Malak,1008,2,1745.69,2022-11-09,,10,,HIGH,reidin
Al Mashraba,902,2,1735.25,2022-11-09,,9,,HIGH,reidin
Serenia Residences,B407,2,1571.53,2022-11-09,,4,,HIGH,reidin
The 8,10406,2,1334.83,2022-11-09,,4,,HIGH,reidin
Al Nabat,1103,2,1777.98,2022-11-09,,11,,HIGH,reidin
Al Basri,PJFRD089,4,5000.05,2022-11-09,,nan,,HIGH,reidin
Al Shirawi,610,3,2163.54,2022-11-09,,6,,HIGH,reidin
Al Shamsi,301,2,1555.38,2022-11-09,,3,,HIGH,reidin
Kempinski Residences,G09,1,1323.96,2022-11-09,,G,,HIGH,reidin
Club Vista Mare,001,,3634.22,2022-11-08,,G,,HIGH,reidin
Golden Mile,OF29,,3753.48,2022-11-08,,MEZ,,HIGH,reidin
Golden Mile,OF27,,3127.56,2022-11-08,,MEZ,,HIGH,reidin
Golden Mile,OF28,,3421.84,2022-11-08,,MEZ,,HIGH,reidin
The 8,TPTGBIN18A,,1035.16,2022-11-08,,nan,,HIGH,reidin
The 8,TPTGBIN19,,3365.66,2022-11-08,,nan,,HIGH,reidin
Golden Mile,GM2B9GR11,,1592.3,2022-11-08,,G,,HIGH,reidin
Al Mashraba,211,2,1953.32,2022-11-08,,2,,HIGH,reidin
Golden Mile,5306,1,1291.67,2022-11-08,,3,,HIGH,reidin
Al Malak,1003,2,1777.98,2022-11-08,,10,,HIGH,reidin
Al Khushkar,1106,2,1999.93,2022-11-08,,11,,HIGH,reidin
Al Hatmi,502,3,2217.36,2022-11-08,,5,,HIGH,reidin
Golden Mile,KS11,,424.21,2022-11-08,,B1,,HIGH,reidin
Marina Residences,812,1,1140.97,2022-11-08,,8,,HIGH,reidin
Marina Residences,808,2,2012.85,2022-11-07,,8,,HIGH,reidin
Al Mashraba,R002,,4033.99,2022-11-07,,B1,,HIGH,reidin
Palm Tower,1917,0,527.43,2022-11-07,,19,,HIGH,reidin
Golden Mile,2508,3,3326.05,2022-11-07,,5,,HIGH,reidin
Al Shamsi,243,1,1267.02,2022-11-07,,2,,HIGH,reidin
Balqis Residences,102,2,3853.48,2022-11-07,,1,,HIGH,reidin
Al Ghaf,PJFRB007,4,5000.05,2022-11-07,,nan,,HIGH,reidin
Al Khayali,PJFRC115,6,6999.98,2022-11-07,,nan,,HIGH,reidin
Oceana,1105,3,2281.95,2022-11-07,,12,,HIGH,reidin
The Fairmont Palm Residences,P205,,4972.92,2022-11-06,,10,,HIGH,reidin
Azizi Mina,421,1,957.99,2022-11-06,,4,,HIGH,reidin
Golden Mile,6610,2,1797.57,2022-11-06,,6,,HIGH,reidin
Marina Residences,609,1,1151.74,2022-11-06,,6,,HIGH,reidin
Golden Mile,207,1,1098.24,2022-11-04,,2,,HIGH,reidin
Royal Atlantis,807,1,942.49,2022-11-04,,8,,HIGH,reidin
Al Mashraba,909,2,1732.99,2022-11-04,,9,,HIGH,reidin
The Fairmont Palm Residences,817,4,3169.97,2022-11-03,,8,,HIGH,reidin
The Fairmont Palm Residences,315,2,2055.9,2022-11-03,,3,,HIGH,reidin
Al Hatmi,1003,3,2143.52,2022-11-03,,LP,,HIGH,reidin
Kempinski Residences,237,2,1980.02,2022-11-03,,2,,HIGH,reidin
Al Mashraba,405,3,2443.41,2022-11-03,,4,,HIGH,reidin
Golden Mile,1010,1,1092.21,2022-11-03,,10,,HIGH,reidin
Al Sahab,PJFRO075,4,5000.05,2022-11-03,,nan,,HIGH,reidin
Al Nabat,404,1,1136.99,2022-11-03,,4,,HIGH,reidin
The 8,20003,1,1711.46,2022-11-02,,G,,HIGH,reidin
Al Khayali,404,2,1862.15,2022-11-02,,4,,HIGH,reidin
Al Msalli,711,3,2185.07,2022-11-02,,7,,HIGH,reidin
Serenia Residences,C709,2,1833.2,2022-11-02,,7,,HIGH,reidin
The 8,20201,3,1949.56,2022-11-02,,2,,HIGH,reidin
Al Ramth,306,3,4057.99,2022-11-02,,3,,HIGH,reidin
Marina Residences,616,1,1140.97,2022-11-01,,6,,HIGH,reidin
Al Malak,PJFRE085,5,5343.95,2022-11-01,,nan,,HIGH,reidin
Al Seef,PJFRM084,4,5000.05,2022-11-01,,nan,,HIGH,reidin
Al Basri,202,3,2200.36,2022-11-01,,2,,HIGH,reidin
Al Sultana,707,2,1969.79,2022-11-01,,7,,HIGH,reidin
Al Khayali,G01,3,2734.03,2022-11-01,,G,,HIGH,reidin
Golden Mile,G203,3,3713.55,2022-10-31,,G,,HIGH,reidin
Al Sultana,301,2,1585.85,2022-10-31,,3,,HIGH,reidin
Serenia Residences,A501,1,936.46,2022-10-31,,5,,HIGH,reidin
Al Ramth,501,2,1872.92,2022-10-31,,5,,HIGH,reidin
Al Mashraba,LG03,2,2046.97,2022-10-31,,LG,,HIGH,reidin
Al Malak,1011,2,1870.01,2022-10-31,,10,,HIGH,reidin
Golden Mile,7601,1,1302.43,2022-10-30,,6,,HIGH,reidin
The 8,20614,2,1323.96,2022-10-30,,6,,HIGH,reidin
Marina Residences,210,1,1140.97,2022-10-30,,2,,HIGH,reidin
Al Shamsi,222,1,1269.28,2022-10-29,,2,,HIGH,reidin
Al Shamsi,304,2,1555.38,2022-10-29,,3,,HIGH,reidin
Al Khayali,TH07,2,4097.49,2022-10-29,,LG,,HIGH,reidin
Oceana,PR02,2,2443.73,2022-10-28,,B1,,HIGH,reidin
Golden Mile,5404,1,1306.63,2022-10-28,,4,,HIGH,reidin
Serenia Residences,A705,1,1065.63,2022-10-28,,7,,HIGH,reidin
Al Murjan,901,2,1872.92,2022-10-28,,9,,HIGH,reidin
Al Khayali,408,2,1862.15,2022-10-28,,4,,HIGH,reidin
Golden Mile,GM2B9GR02,,1806.51,2022-10-27,,G,,HIGH,reidin
Golden Mile,GM2B9GR03,,1796.28,2022-10-27,,G,,HIGH,reidin
Al Hamri,707,2,1991.32,2022-10-27,,7,,HIGH,reidin
Golden Mile,707,1,1116.97,2022-10-27,,7,,HIGH,reidin
The 8,2501,3,6598.27,2022-10-27,,5,,HIGH,reidin
Golden Mile,3602,2,1797.57,2022-10-27,,6,,HIGH,reidin
Golden Mile,10405,2,1806.51,2022-10-26,,4,,HIGH,reidin
Al Basri,PJFRD012,4,5000.05,2022-10-26,,nan,,HIGH,reidin
Golden Mile,GM2B8FB19,,1338.28,2022-10-26,,B1,,HIGH,reidin
Golden Mile,GM2B7FB17,,2311.87,2022-10-26,,B1,,HIGH,reidin
Al Mashraba,710,2,1732.99,2022-10-26,,7,,HIGH,reidin
Golden Mile,GM2B7RT43A,,330.45,2022-10-26,,B1,,HIGH,reidin
Golden Mile,GM2B7RT43B,,334.22,2022-10-26,,B1,,HIGH,reidin
Al Hatmi,411,3,2206.6,2022-10-25,,4,,HIGH,reidin
Al Murjan,402,2,1732.99,2022-10-25,,4,,HIGH,reidin
Al Ramth,802,2,1732.99,2022-10-25,,8,,HIGH,reidin
Al Nabat,1110,2,1776.04,2022-10-25,,11,,HIGH,reidin
Marina Residences,714,1,1140.97,2022-10-25,,7,,HIGH,reidin
The 8,10017,2,2714.33,2022-10-25,,G,,HIGH,reidin
Al Msalli,E029.2,,865.96,2022-10-25,,2,,HIGH,reidin
Al Khayali,1106,3,4057.99,2022-10-25,,11,,HIGH,reidin
Golden Mile,4509,2,1797.57,2022-10-25,,5,,HIGH,reidin
Al Basri,411,3,2217.36,2022-10-24,,4,,HIGH,reidin
Al Anbara,306,2,1997.89,2022-10-24,,3,,HIGH,reidin
Kempinski Residences,233,2,1980.56,2022-10-24,,2,,HIGH,reidin
The 8,10106,2,1326.54,2022-10-24,,1,,HIGH,reidin
Golden Mile,2706,,4445.49,2022-10-24,,7,,HIGH,reidin
Golden Mile,5405,2,1807.69,2022-10-24,,4,,HIGH,reidin
Al Shamsi,258,1,1188.33,2022-10-24,,2,,HIGH,reidin
Golden Mile,7508,3,3327.55,2022-10-23,,5,,HIGH,reidin
Club Vista Mare,005,,3847.99,2022-10-21,,G,,HIGH,reidin
Jash Hamad,603,3,2163.54,2022-10-21,,6,,HIGH,reidin
Al Ramth,301,2,1948.27,2022-10-21,,3,,HIGH,reidin
Marina Residences,611,1,1140.97,2022-10-21,,6,,HIGH,reidin
Marina Residences,211,1,1140.97,2022-10-21,,2,,HIGH,reidin
Al Sultana,205,2,1550.0,2022-10-21,,2,,HIGH,reidin
Kempinski Residences,329,2,2260.42,2022-10-21,,3,,HIGH,reidin
Al Hamri,604,1,1140.97,2022-10-20,,6,,HIGH,reidin
Azizi Mina,101,1,990.28,2022-10-20,,1,,HIGH,reidin
Golden Mile,2603,2,1797.57,2022-10-20,,6,,HIGH,reidin
Marina Residences,408,2,2016.83,2022-10-19,,4,,HIGH,reidin
Palm Tower,2104,0,527.43,2022-10-19,,21,,HIGH,reidin
Golden Mile,10603,2,1797.57,2022-10-19,,6,,HIGH,reidin
Al Ghaf,PJFRB051,4,5000.05,2022-10-19,,nan,,HIGH,reidin
Golden Mile,8503,2,1800.05,2022-10-18,,5,,HIGH,reidin
Seven Palm,30502,2,1840.63,2022-10-18,,5,,HIGH,reidin
Al Malak,LG01,3,2755.56,2022-10-18,,LG,,HIGH,reidin
Kempinski Residences,V02,4,11146.02,2022-10-18,,nan,,HIGH,reidin
Golden Mile,GMB2RT42A,,330.56,2022-10-18,,B1,,HIGH,reidin
Golden Mile,9604,1,1306.63,2022-10-18,,nan,,HIGH,reidin
Al Ghaf,PJFRC015,4,5000.05,2022-10-18,,nan,,HIGH,reidin
Al Basri,PJFRD129,4,5000.05,2022-10-17,,nan,,HIGH,reidin
Marina Residences,A203,1,1108.68,2022-10-17,,2,,HIGH,reidin
Golden Mile,OF11,,3132.51,2022-10-17,,M,,HIGH,reidin
Al Basri,1001,2,1582.72,2022-10-16,,10,,HIGH,reidin
Azizi Mina,212,2,1679.17,2022-10-14,,2,,HIGH,reidin
Jash Hamad,908,2,1593.06,2022-10-14,,9,,HIGH,reidin
Marina Residences,A103,1,1108.68,2022-10-14,,1,,HIGH,reidin
Al Msalli,P044,,905.03,2022-10-14,,G,,HIGH,reidin
Palm Tower,3609,1,1119.45,2022-10-14,,36,,HIGH,reidin
Al Shirawi,J2,1,721.18,2022-10-14,,1,,HIGH,reidin
Al Murjan,509,2,1734.93,2022-10-14,,5,,HIGH,reidin
Golden Mile,6403,2,1797.57,2022-10-14,,4,,HIGH,reidin
Marina Residences,313,1,1140.97,2022-10-13,,3,,HIGH,reidin
Al Sultana,PJFRP014,6,6999.98,2022-10-13,,nan,,HIGH,reidin
Azizi Mina,306,1,925.7,2022-10-13,,3,,HIGH,reidin
Golden Mile,8509,2,1786.81,2022-10-13,,5,,HIGH,reidin
Serenia Residences,A811,1,1201.68,2022-10-13,,8,,HIGH,reidin
Al Malak,511,2,1872.92,2022-10-13,,5,,HIGH,reidin
Marina Residences,B204,2,2023.61,2022-10-12,,2,,HIGH,reidin
Al Hallawi,J2,1,720.21,2022-10-12,,1,,HIGH,reidin
Kempinski Residences,328,2,2260.42,2022-10-12,,3,,HIGH,reidin
Al Das,409,2,1144.63,2022-10-12,,4,,HIGH,reidin
Al Ramth,G03,3,2734.03,2022-10-12,,G,,HIGH,reidin
Golden Mile,5201,1,1302.43,2022-10-12,,2,,HIGH,reidin
Royal Atlantis,705,1,979.51,2022-10-12,,7,,HIGH,reidin
Al Hatmi,605,2,1550.0,2022-10-12,,6,,HIGH,reidin
The Fairmont Palm Residences,911,3,2174.31,2022-10-11,,9,,HIGH,reidin
Palm Tower,3306,0,527.43,2022-10-11,,33,,HIGH,reidin
Golden Mile,3307,2,1883.68,2022-10-11,,3,,HIGH,reidin
Al Khayali,1205,3,2518.75,2022-10-11,,12,,HIGH,reidin
Golden Mile,1611,2,1786.81,2022-10-11,,6,,HIGH,reidin
Azizi Mina,706,1,904.17,2022-10-11,,7,,HIGH,reidin
Azizi Mina,716,2,1560.77,2022-10-11,,7,,HIGH,reidin
Al Seef,PJFRM017,4,5000.05,2022-10-11,,nan,,HIGH,reidin
Al Hatmi,205,2,1550.76,2022-10-11,,2,,HIGH,reidin
Al Ramth,108,2,2045.14,2022-10-10,,1,,HIGH,reidin
Al Msalli,903,3,2141.69,2022-10-10,,9,,HIGH,reidin
Golden Mile,313,1,1093.18,2022-10-10,,3,,HIGH,reidin
Marina Residences,C404,2,1754.52,2022-10-10,,4,,HIGH,reidin
Al Khayali,904,2,1745.69,2022-10-10,,9,,HIGH,reidin
Al Seef,PJFRM118,5,6999.98,2022-10-10,,nan,,HIGH,reidin
Golden Mile,9612,3,2414.34,2022-10-10,,6,,HIGH,reidin
Al Murjan,TH02,2,4068.75,2022-10-10,,10,,HIGH,reidin
The Fairmont Palm Residences,4V094,4,3024.66,2022-10-10,,nan,,HIGH,reidin
Marina Residences,C108,1,1101.47,2022-10-10,,1,,HIGH,reidin
Al Hamri,212,2,1582.29,2022-10-09,,2,,HIGH,reidin
Al Ramth,510,2,1732.99,2022-10-09,,5,,HIGH,reidin
Golden Mile,2510,2,1797.57,2022-10-09,,5,,HIGH,reidin
Al Malak,G01,3,2734.35,2022-10-09,,G,,HIGH,reidin
The 8,TPTFAIN23,,1537.84,2022-10-07,,1,,HIGH,reidin
The 8,TPTGBIN28B,,711.49,2022-10-07,,nan,,HIGH,reidin
Al Malak,107,3,2735.75,2022-10-07,,1,,HIGH,reidin
Al Sahab,PJFRO084,4,5000.05,2022-10-07,,nan,,HIGH,reidin
Al Hamri,PH07,4,5231.26,2022-10-07,,LP,,HIGH,reidin
Al Seef,PJFRM055,4,5000.05,2022-10-07,,nan,,HIGH,reidin
Al Basri,PJFRF023,4,5000.05,2022-10-07,,nan,,HIGH,reidin
Jash Falqa,704,1,1140.97,2022-10-07,,7,,HIGH,reidin
The Fairmont Palm Residences,R6,,355.96,2022-10-07,,LG,,HIGH,reidin
Golden Mile,10507,2,1887.88,2022-10-06,,5,,HIGH,reidin
Al Khayali,105,3,2734.03,2022-10-06,,1,,HIGH,reidin
Al Ramth,405,3,2443.41,2022-10-06,,4,,HIGH,reidin
Azizi Mina,702,1,1000.29,2022-10-06,,7,,HIGH,reidin
Golden Mile,10306,1,1291.67,2022-10-06,,3,,HIGH,reidin
Al Ghaf,PJFRB008,5,6999.98,2022-10-05,,nan,,HIGH,reidin
Oceana,1725,1,581.25,2022-10-05,,17,,HIGH,reidin
Kempinski Residences,511,3,2561.81,2022-10-05,,5,,HIGH,reidin
Golden Mile,3505,2,1808.34,2022-10-05,,5,,HIGH,reidin
Marina Residences,C306,2,1786.81,2022-10-04,,3,,HIGH,reidin
Al Msalli,201,2,1582.29,2022-10-04,,2,,HIGH,reidin
Palm Tower,2215,0,527.43,2022-10-04,,22,,HIGH,reidin
Al Msalli,P034B,,864.99,2022-10-04,,G,,HIGH,reidin
Golden Mile,5605,2,1807.69,2022-10-04,,6,,HIGH,reidin
Marina Residences,B301,1,1120.09,2022-10-04,,3,,HIGH,reidin
Golden Mile,9406,1,1289.73,2022-10-04,,4,,HIGH,reidin
Al Ghaf,PJFRB030,4,5000.05,2022-10-04,,nan,,HIGH,reidin
The Fairmont Palm Residences,820,2,1732.99,2022-10-03,,8,,HIGH,reidin
Al Msalli,F078,,1756.02,2022-10-03,,1,,HIGH,reidin
Balqis Residences,VILLAV01,4,9820.66,2022-10-03,,G,,HIGH,reidin
Golden Mile,8508,3,3327.55,2022-10-03,,5,,HIGH,reidin
Al Shirawi,601,2,1582.29,2022-10-03,,6,,HIGH,reidin
Seven Palm,31309,2,2236.31,2022-10-03,,13,,HIGH,reidin
Al Khushkar,708,2,1550.0,2022-10-03,,7,,HIGH,reidin
Golden Mile,2109,2,2594.1,2022-10-02,,1,,HIGH,reidin
Al Nabat,907,3,2443.41,2022-10-02,,9,,HIGH,reidin
Club Vista Mare,114,0,602.78,2022-10-02,,1,,HIGH,reidin
The Fairmont Palm Residences,419,2,1722.22,2022-09-30,,4,,HIGH,reidin
Al Hallawi,1005,2,1550.0,2022-09-30,,10,,HIGH,reidin
Marina Residences,305,1,1142.7,2022-09-30,,3,,HIGH,reidin
Golden Mile,1308,3,3326.05,2022-09-30,,3,,HIGH,reidin
Al Malak,609,2,1732.99,2022-09-29,,6,,HIGH,reidin
Golden Mile,G302,4,3692.88,2022-09-29,,G,,HIGH,reidin
Palm Tower,4110,1,1114.28,2022-09-29,,41,,HIGH,reidin
Al Fahad,PJFRL070,4,5000.05,2022-09-29,,nan,,HIGH,reidin
The Fairmont Palm Residences,110,1,1692.95,2022-09-29,,1,,HIGH,reidin
Al Basri,PJFRF024,4,5000.05,2022-09-29,,nan,,HIGH,reidin
Golden Mile,10605,2,1797.57,2022-09-28,,6,,HIGH,reidin
Al Khayali,601,2,1872.92,2022-09-28,,6,,HIGH,reidin
Golden Mile,9403,2,1797.57,2022-09-28,,4,,HIGH,reidin
The 8,20210,3,1735.36,2022-09-28,,2,,HIGH,reidin
Al Nabat,1304,2,1743.75,2022-09-28,,13,,HIGH,reidin
Al Ghaf,PJFRB053,4,6000.01,2022-09-28,,nan,,HIGH,reidin
Al Malak,PJFRE025,4,5000.05,2022-09-28,,nan,,HIGH,reidin
Serenia Residences,B606,2,1781.53,2022-09-28,,6,,HIGH,reidin
Azizi Mina,423,1,861.11,2022-09-28,,4,,HIGH,reidin
Al Das,804,2,1144.63,2022-09-27,,8,,HIGH,reidin
Golden Mile,2705,,3950.35,2022-09-27,,7,,HIGH,reidin
Marina Residences,C406,2,1856.13,2022-09-27,,4,,HIGH,reidin
Al Mashraba,203,2,2034.38,2022-09-27,,2,,HIGH,reidin
Golden Mile,RT17A,,316.78,2022-09-27,,B1,,HIGH,reidin
Golden Mile,RT17B,,1044.64,2022-09-27,,B1,,HIGH,reidin
Kempinski Residences,601,4,7254.87,2022-09-27,,6,,HIGH,reidin
Golden Mile,GM2B10RT35,,849.16,2022-09-27,,B1,,HIGH,reidin
Azizi Mina,619,1,930.0,2022-09-27,,6,,HIGH,reidin
Al Nabat,112,2,1593.06,2022-09-27,,1,,HIGH,reidin
Azizi Mina,206,1,936.46,2022-09-27,,2,,HIGH,reidin
Club Vista Mare,129,0,602.78,2022-09-27,,1,,HIGH,reidin
Al Nabat,306,3,4057.99,2022-09-27,,3,,HIGH,reidin
Jash Hamad,812,2,1582.29,2022-09-26,,8,,HIGH,reidin
Al Anbara,808,2,1550.0,2022-09-26,,8,,HIGH,reidin
Serenia Residences,A414,2,1526.11,2022-09-26,,4,,HIGH,reidin
Al Khushkar,311,3,2217.36,2022-09-26,,3,,HIGH,reidin
Al Hamri,204,1,1145.39,2022-09-26,,2,,HIGH,reidin
Palm Tower,4314,1,1054.86,2022-09-26,,43,,HIGH,reidin
The Fairmont Palm Residences,528,3,3382.02,2022-09-26,,5,,HIGH,reidin
Golden Mile,4505,2,1808.34,2022-09-25,,5,,HIGH,reidin
Al Anbara,707,2,1991.32,2022-09-25,,7,,HIGH,reidin
Al Shamsi,G27,3,2979.77,2022-09-24,,G,,HIGH,reidin
Al Shamsi,427,1,1140.44,2022-09-24,,4,,HIGH,reidin
Seven Palm,41003,2,1937.5,2022-09-24,,10,,HIGH,reidin
Al Shamsi,G15,3,2982.03,2022-09-24,,G,,HIGH,reidin
Al Shamsi,G11,3,3158.67,2022-09-24,,G,,HIGH,reidin
Al Fahad,PJFRL034,4,5000.05,2022-09-23,,nan,,HIGH,reidin
Serenia Residences,C407,1,1033.55,2022-09-23,,4,,HIGH,reidin
The 8,20110,2,1334.72,2022-09-23,,1,,HIGH,reidin
Al Basri,706,2,1991.32,2022-09-23,,7,,HIGH,reidin
Balqis Residences,412,3,2411.01,2022-09-23,,4,,HIGH,reidin
Marina Residences,C502,3,7696.19,2022-09-23,,5,,HIGH,reidin
Al Shamsi,G42,3,4474.23,2022-09-23,,G,,HIGH,reidin
Al Shamsi,G17,3,3152.64,2022-09-23,,G,,HIGH,reidin
Al Sultana,102,3,2217.36,2022-09-22,,1,,HIGH,reidin
Al Shirawi,210,3,2163.54,2022-09-22,,2,,HIGH,reidin
Al Sultana,411,3,2217.36,2022-09-22,,4,,HIGH,reidin
Al Malak,TH07,2,4097.49,2022-09-22,,LG,,HIGH,reidin
Golden Mile,7307,2,1883.68,2022-09-22,,3,,HIGH,reidin
Al Ramth,1102,2,1776.04,2022-09-22,,11,,HIGH,reidin
Al Hallawi,911,3,2185.07,2022-09-21,,9,,HIGH,reidin
Al Hamri,308,2,1550.0,2022-09-21,,3,,HIGH,reidin
Marina Residences,405S,2,1980.23,2022-09-21,,4,,HIGH,reidin
Marina Residences,903,1,1140.97,2022-09-21,,9,,HIGH,reidin
Golden Mile,4301,1,1303.83,2022-09-21,,3,,HIGH,reidin
Al Msalli,P041B,,565.97,2022-09-21,,G,,HIGH,reidin
The Fairmont Palm Residences,B113,5,9752.09,2022-09-21,,B1,,HIGH,reidin
Seven Palm,40306,2,1743.75,2022-09-21,,3,,HIGH,reidin
Golden Mile,1306,1,1288.22,2022-09-21,,3,,HIGH,reidin
The Fairmont Palm Residences,309,1,1356.25,2022-09-21,,3,,HIGH,reidin
Jash Falqa,107,1,1140.97,2022-09-20,,1,,HIGH,reidin
Jash Hamad,604,1,1143.45,2022-09-20,,6,,HIGH,reidin
Kempinski Residences,207,3,2541.03,2022-09-20,,2,,HIGH,reidin
Al Mashraba,1006,3,4057.99,2022-09-20,,10,,HIGH,reidin
Azizi Mina,301,1,990.28,2022-09-20,,3,,HIGH,reidin
Al Fahad,PJFRA004,5,5460.96,2022-09-20,,nan,,HIGH,reidin
The Fairmont Palm Residences,P202,,4359.38,2022-09-20,,10,,HIGH,reidin
Golden Mile,4408,3,3326.05,2022-09-19,,4,,HIGH,reidin
The 8,10402,2,1614.59,2022-09-19,,4,,HIGH,reidin
Al Ghaf,PJFRB024,4,5000.05,2022-09-19,,nan,,HIGH,reidin
Jash Hamad,407,2,1991.32,2022-09-19,,4,,HIGH,reidin
Marina Residences,CG06,2,2185.07,2022-09-19,,G,,HIGH,reidin
Kempinski Residences,606,4,5629.52,2022-09-19,,6,,HIGH,reidin
Al Khayali,605,3,2443.41,2022-09-18,,6,,HIGH,reidin
Golden Mile,3208,3,3326.05,2022-09-18,,2,,HIGH,reidin
Al Basri,310,3,2163.54,2022-09-18,,3,,HIGH,reidin
Marina Residences,514,1,1142.8,2022-09-17,,5,,HIGH,reidin
Seven Palm,40406,2,1748.16,2022-09-16,,4,,HIGH,reidin
Al Shamsi,153,3,2425.43,2022-09-16,,1,,HIGH,reidin
The 8,20203,2,1323.96,2022-09-16,,2,,HIGH,reidin
Al Msalli,405,2,1550.0,2022-09-16,,4,,HIGH,reidin
The 8,TPTGAIN05,,5479.36,2022-09-16,,nan,,HIGH,reidin
The 8,TPTFAIN05,,3641.54,2022-09-16,,1,,HIGH,reidin
Al Msalli,410,3,2160.96,2022-09-16,,4,,HIGH,reidin
Golden Mile,1401,1,1303.83,2022-09-16,,4,,HIGH,reidin
Golden Mile,9208,3,3326.05,2022-09-15,,2,,HIGH,reidin
Golden Mile,9410,2,1797.57,2022-09-15,,4,,HIGH,reidin
Golden Mile,1211,2,1797.57,2022-09-15,,2,,HIGH,reidin
Al Nabat,1001,2,1872.92,2022-09-15,,10,,HIGH,reidin
Golden Mile,10703,3,4693.06,2022-09-14,,7,,HIGH,reidin
Seven Palm,40908,1,1216.32,2022-09-14,,9,,HIGH,reidin
Al Hatmi,801,2,1582.72,2022-09-14,,8,,HIGH,reidin
Al Mashraba,306,3,4053.36,2022-09-14,,3,,HIGH,reidin
Al Sultana,PJFRP028,4,5000.05,2022-09-14,,nan,,HIGH,reidin
Al Sultana,106,2,1550.0,2022-09-13,,1,,HIGH,reidin
Al Ramth,408,2,1862.15,2022-09-13,,4,,HIGH,reidin
Al Msalli,406,2,2002.09,2022-09-13,,4,,HIGH,reidin
Royal Atlantis,108,2,1485.42,2022-09-13,,1,,HIGH,reidin
Al Hatmi,212,2,1582.29,2022-09-13,,2,,HIGH,reidin
Al Seef,PJFRM014,4,5000.05,2022-09-13,,nan,,HIGH,reidin
Al Anbara,J1,1,721.18,2022-09-13,,1,,HIGH,reidin
Golden Mile,GM2B9GR06,,1811.35,2022-09-13,,G,,HIGH,reidin
Al Shamsi,260,1,1269.28,2022-09-13,,2,,HIGH,reidin
Al Fahad,PJFRL007,5,5343.95,2022-09-12,,nan,,HIGH,reidin
Al Sultana,602,3,2217.36,2022-09-12,,6,,HIGH,reidin
Al Habool,810,3,2152.78,2022-09-12,,8,,HIGH,reidin
Al Shamsi,203,2,1517.93,2022-09-12,,2,,HIGH,reidin
Al Shamsi,331,1,1048.73,2022-09-12,,3,,HIGH,reidin
Golden Mile,G101,3,3728.51,2022-09-12,,G,,HIGH,reidin
Al Shirawi,1111,3,2174.31,2022-09-11,,LP,,HIGH,reidin
Golden Mile,6511,2,1797.57,2022-09-09,,5,,HIGH,reidin
The Fairmont Palm Residences,623,2,1765.28,2022-09-09,,6,,HIGH,reidin
Marina Residences,902,1,1140.97,2022-09-09,,9,,HIGH,reidin
Marina Residences,A402,3,2563.53,2022-09-09,,4,,HIGH,reidin
Al Malak,PJFRE027,4,5000.05,2022-09-08,,nan,,HIGH,reidin
Al Mashraba,LG07,3,2755.56,2022-09-08,,LG,,HIGH,reidin
Al Hamri,811,3,2185.07,2022-09-08,,8,,HIGH,reidin
Golden Mile,1203,2,1797.57,2022-09-08,,2,,HIGH,reidin
Golden Mile,9204,1,1306.63,2022-09-08,,2,,HIGH,reidin
Al Sultana,PJFRP064,5,5343.95,2022-09-08,,nan,,HIGH,reidin
Balqis Residences,511,2,1926.74,2022-09-08,,5,,HIGH,reidin
Al Ghaf,PJFRB058,5,5460.96,2022-09-08,,nan,,HIGH,reidin
Al Shamsi,425,1,1059.38,2022-09-07,,4,,HIGH,reidin
Jash Falqa,608,2,1550.76,2022-09-07,,6,,HIGH,reidin
Golden Mile,2408,3,3328.63,2022-09-07,,4,,HIGH,reidin
Al Ramth,1107,3,2518.75,2022-09-07,,11,,HIGH,reidin
Serenia Residences,B307,2,1572.93,2022-09-06,,3,,HIGH,reidin
The 8,20105,3,1747.84,2022-09-06,,1,,HIGH,reidin
Marina Residences,810,1,1142.7,2022-09-06,,8,,HIGH,reidin
Al Mashraba,606,3,4053.47,2022-09-06,,6,,HIGH,reidin
Palm Tower,4107,1,1044.1,2022-09-06,,41,,HIGH,reidin
Al Sultana,712,2,1563.35,2022-09-06,,7,,HIGH,reidin
Jash Hamad,PH07,3,5228.35,2022-09-06,,9,,HIGH,reidin
Al Msalli,407,2,1991.32,2022-09-05,,4,,HIGH,reidin
Al Hamri,512,2,1582.29,2022-09-05,,5,,HIGH,reidin
Al Khayali,804,2,1745.69,2022-09-05,,8,,HIGH,reidin
Golden Mile,FB09,,664.99,2022-09-05,,B1,,HIGH,reidin
Golden Mile,7101,1,1304.58,2022-09-05,,1,,HIGH,reidin
Al Habool,305,2,1550.0,2022-09-05,,3,,HIGH,reidin
Al Basri,308,2,1550.0,2022-09-04,,3,,HIGH,reidin
Al Fahad,PJFRL100,4,5000.05,2022-09-04,,nan,,HIGH,reidin
Al Habool,212,2,1582.29,2022-09-04,,2,,HIGH,reidin
Al Murjan,807,3,2438.78,2022-09-03,,8,,HIGH,reidin
Al Fahad,PJFRL026,4,6000.01,2022-09-02,,nan,,HIGH,reidin
Golden Mile,G106,3,3698.15,2022-09-02,,G,,HIGH,reidin
Golden Mile,1205,2,1807.69,2022-09-02,,2,,HIGH,reidin
Al Mashraba,1206,3,4057.99,2022-09-01,,12,,HIGH,reidin
Golden Mile,3409,2,1787.78,2022-09-01,,4,,HIGH,reidin
Golden Mile,4207,2,1883.68,2022-09-01,,2,,HIGH,reidin
Al Hamri,605,2,1550.0,2022-09-01,,6,,HIGH,reidin
Al Nabat,809,2,1732.99,2022-09-01,,8,,HIGH,reidin
Al Sultana,311,3,2217.36,2022-09-01,,3,,HIGH,reidin
Al Mashraba,1101,2,2023.61,2022-09-01,,11,,HIGH,reidin
Golden Mile,10208,3,3326.05,2022-08-31,,2,,HIGH,reidin
Balqis Residences,207,5,11446.12,2022-08-31,,2,,HIGH,reidin
Balqis Residences,515,2,1926.42,2022-08-31,,5,,HIGH,reidin
Al Sahab,501,6,12378.49,2022-08-31,,5,,HIGH,reidin
Al Ramth,LG02,3,4768.41,2022-08-31,,LG,,HIGH,reidin
Al Mashraba,1304,2,1745.69,2022-08-31,,13,,HIGH,reidin
The 8,TPTGBIN15A,,511.93,2022-08-30,,nan,,HIGH,reidin
Al Sultana,605,2,1550.0,2022-08-30,,6,,HIGH,reidin
Al Msalli,102,3,2228.13,2022-08-30,,1,,HIGH,reidin
The Fairmont Palm Residences,5V016,5,3417.54,2022-08-30,,nan,,HIGH,reidin
The 8,10006,2,1754.52,2022-08-29,,G,,HIGH,reidin
Al Anbara,1002,3,2185.07,2022-08-29,,LP,,HIGH,reidin
Serenia Residences,A805,1,1065.63,2022-08-29,,8,,HIGH,reidin
Golden Mile,7211,2,1797.57,2022-08-26,,2,,HIGH,reidin
The 8,10016,2,2779.13,2022-08-26,,G,,HIGH,reidin
Al Anbara,607,2,1993.69,2022-08-25,,6,,HIGH,reidin
Al Fahad,PJFRL030,4,5000.05,2022-08-25,,nan,,HIGH,reidin
Al Basri,209,1,1144.63,2022-08-25,,2,,HIGH,reidin
Kempinski Residences,203,2,1765.28,2022-08-24,,2,,HIGH,reidin
Al Nabat,1111,2,2023.61,2022-08-24,,11,,HIGH,reidin
Al Hallawi,J1,1,721.18,2022-08-24,,1,,HIGH,reidin
Al Ramth,705,3,2443.41,2022-08-23,,7,,HIGH,reidin
Al Malak,310,2,2034.38,2022-08-23,,3,,HIGH,reidin
Al Hamri,412,2,1582.29,2022-08-23,,4,,HIGH,reidin
The Fairmont Palm Residences,212,2,1853.76,2022-08-23,,2,,HIGH,reidin
The 8,10509,2,1302.43,2022-08-23,,5,,HIGH,reidin
Golden Mile,6311,2,1797.57,2022-08-23,,3,,HIGH,reidin
Al Basri,609,1,1140.97,2022-08-23,,6,,HIGH,reidin
Golden Mile,G806,1,1765.6,2022-08-22,,G,,HIGH,reidin
Al Habool,407,2,1991.32,2022-08-22,,4,,HIGH,reidin
Golden Mile,7102,2,2098.96,2022-08-22,,1,,HIGH,reidin
Al Shamsi,G13,3,2979.99,2022-08-20,,G,,HIGH,reidin
Seven Palm,40801,4,5328.13,2022-08-19,,8,,HIGH,reidin
Al Sultana,209,1,1140.97,2022-08-18,,2,,HIGH,reidin
Al Mashraba,1105,3,2529.52,2022-08-18,,11,,HIGH,reidin
Al Shamsi,252,3,2134.27,2022-08-17,,2,,HIGH,reidin
Al Shamsi,106,3,2124.47,2022-08-16,,1,,HIGH,reidin
Al Das,505,4,1550.76,2022-08-16,,5,,HIGH,reidin
Golden Mile,GM2B8GR21,,1811.13,2022-08-16,,G,,HIGH,reidin
Golden Mile,GM2B8GR20,,1793.05,2022-08-16,,G,,HIGH,reidin
Golden Mile,8404,1,1302.43,2022-08-16,,4,,HIGH,reidin
Palm Tower,3216,1,1054.86,2022-08-16,,32,,HIGH,reidin
Al Sahab,PJFRO087,4,5000.05,2022-08-16,,nan,,HIGH,reidin
Al Sahab,PJFRO008,3,5000.05,2022-08-16,,nan,,HIGH,reidin
Marina Residences,315,1,1140.97,2022-08-16,,3,,HIGH,reidin
Al Sultana,PJFRP003,4,5000.05,2022-08-15,,nan,,HIGH,reidin
Al Mashraba,511,2,1872.92,2022-08-15,,5,,HIGH,reidin
Serenia Residences,C409,2,1829.86,2022-08-14,,4,,HIGH,reidin
Al Sultana,710,3,2142.02,2022-08-12,,7,,HIGH,reidin
The 8,TPTGAIN22,,3019.81,2022-08-12,,nan,,HIGH,reidin
The 8,TPTFAIN22,,1818.24,2022-08-12,,1,,HIGH,reidin
The Fairmont Palm Residences,517,4,3175.35,2022-08-12,,5,,HIGH,reidin
Al Malak,903,2,1732.99,2022-08-12,,9,,HIGH,reidin
Al Shamsi,347,1,1140.33,2022-08-11,,3,,HIGH,reidin
Balqis Residences,211,2,2179.58,2022-08-11,,2,,HIGH,reidin
Al Msalli,B1001B,,947.01,2022-08-11,,LG,,HIGH,reidin
Seven Palm,41108,1,1216.32,2022-08-10,,11,,HIGH,reidin
The Fairmont Palm Residences,814,2,1722.22,2022-08-10,,8,,HIGH,reidin
Golden Mile,5603,2,1797.57,2022-08-10,,6,,HIGH,reidin
Al Sahab,201,4,6134.88,2022-08-10,,2,,HIGH,reidin
Al Anbara,203,3,2163.54,2022-08-10,,2,,HIGH,reidin
Al Basri,109,3,2217.36,2022-08-09,,1,,HIGH,reidin
Golden Mile,3609,2,1786.81,2022-08-09,,6,,HIGH,reidin
Al Malak,PJFRE039,5,5343.95,2022-08-09,,nan,,HIGH,reidin
Al Ghaf,PJFRC095,4,5000.05,2022-08-09,,nan,,HIGH,reidin
Kempinski Residences,V04,4,11146.02,2022-08-09,,nan,,HIGH,reidin
Al Ramth,TH02,2,4101.05,2022-08-09,,LG,,HIGH,reidin
Al Anbara,810,3,2152.78,2022-08-09,,8,,HIGH,reidin
Serenia Residences,A704,1,1044.1,2022-08-08,,7,,HIGH,reidin
Golden Mile,712,2,1635.9,2022-08-08,,7,,HIGH,reidin
Al Basri,205,2,1550.0,2022-08-08,,2,,HIGH,reidin
Al Seef,PJFRM072,6,6999.98,2022-08-08,,nan,,HIGH,reidin
Al Murjan,602,2,1732.99,2022-08-08,,6,,HIGH,reidin
Al Hatmi,612,2,1582.29,2022-08-07,,6,,HIGH,reidin
Al Nabat,1208,2,1745.69,2022-08-06,,12,,HIGH,reidin
Al Habool,707,2,1991.32,2022-08-05,,7,,HIGH,reidin
Golden Mile,6608,3,3326.05,2022-08-04,,6,,HIGH,reidin
Azizi Mina,314,2,1657.64,2022-08-04,,3,,HIGH,reidin
Al Sahab,PJFRO028B,4,5000.05,2022-08-03,,nan,,HIGH,reidin
Al Khayali,1105,3,2529.52,2022-08-03,,11,,HIGH,reidin
Al Anbara,701,2,1582.29,2022-08-03,,7,,HIGH,reidin
Al Anbara,603,3,2163.54,2022-08-03,,6,,HIGH,reidin
Golden Mile,10103,2,2098.96,2022-08-02,,1,,HIGH,reidin
Al Fahad,PJFRL038,4,5000.05,2022-08-02,,nan,,HIGH,reidin
Al Msalli,911,3,2174.31,2022-08-02,,9,,HIGH,reidin
Al Khushkar,603,3,2156.87,2022-08-01,,6,,HIGH,reidin
Al Khushkar,407,2,2002.09,2022-07-31,,4,,HIGH,reidin
Al Basri,509,1,1140.97,2022-07-29,,5,,HIGH,reidin
Al Anbara,706,2,1991.32,2022-07-29,,7,,HIGH,reidin
Marina Residences,C305,1,1119.45,2022-07-29,,3,,HIGH,reidin
Palm Tower,3408,0,517.64,2022-07-29,,34,,HIGH,reidin
Al Basri,PJFRD011,5,5343.95,2022-07-29,,nan,,HIGH,reidin
Golden Mile,2509,2,1786.81,2022-07-29,,5,,HIGH,reidin
Al Shirawi,212,2,1582.29,2022-07-29,,2,,HIGH,reidin
Jash Hamad,203,3,2228.13,2022-07-28,,2,,HIGH,reidin
Al Shamsi,316,1,1142.27,2022-07-27,,3,,HIGH,reidin
Al Nabat,403,2,1926.74,2022-07-27,,4,,HIGH,reidin
Al Sahab,PJFRO064,7,6999.98,2022-07-27,,nan,,HIGH,reidin
Al Msalli,402,3,2217.36,2022-07-26,,4,,HIGH,reidin
The Fairmont Palm Residences,421,2,1994.77,2022-07-25,,4,,HIGH,reidin
Al Khushkar,310,3,2156.87,2022-07-25,,3,,HIGH,reidin
Golden Mile,1702,,4370.14,2022-07-25,,7,,HIGH,reidin
Golden Mile,8202,2,1799.08,2022-07-25,,2,,HIGH,reidin
Al Msalli,P056C,,526.03,2022-07-25,,G,,HIGH,reidin
Golden Mile,6703,,4682.3,2022-07-25,,7,,HIGH,reidin
Marina Residences,B302,1,1140.97,2022-07-24,,3,,HIGH,reidin
Al Shirawi,901,2,1582.29,2022-07-24,,9,,HIGH,reidin
Al Basri,PJFRD072,7,6999.98,2022-07-22,,nan,,HIGH,reidin
Al Malak,G02,3,4951.39,2022-07-22,,G,,HIGH,reidin
Al Hallawi,309,1,1140.97,2022-07-22,,3,,HIGH,reidin
Golden Mile,4406,1,1291.67,2022-07-20,,4,,HIGH,reidin
Al Hamri,107,1,1144.42,2022-07-20,,1,,HIGH,reidin
Al Hatmi,906,2,1993.69,2022-07-20,,9,,HIGH,reidin
Marina Residences,201N,3,2430.27,2022-07-20,,2,,HIGH,reidin
Golden Mile,6405,2,1808.34,2022-07-20,,4,,HIGH,reidin
Golden Mile,6111,2,2604.86,2022-07-20,,1,,HIGH,reidin
Golden Mile,2103,2,2096.7,2022-07-20,,1,,HIGH,reidin
The 8,TPTGCIN07,,1707.69,2022-07-19,,G,,HIGH,reidin
Marina Residences,614,1,1140.97,2022-07-19,,6,,HIGH,reidin
Al Msalli,B1008,,747.01,2022-07-19,,LG,,HIGH,reidin
The 8,TPTGDIN11,,2918.95,2022-07-19,,G,,HIGH,reidin
Al Khushkar,207,2,2002.09,2022-07-19,,2,,HIGH,reidin
Al Msalli,E032,,2131.04,2022-07-18,,2,,HIGH,reidin
Seven Palm,30203,2,1851.39,2022-07-18,,2,,HIGH,reidin
Al Shirawi,202,3,2195.84,2022-07-18,,2,,HIGH,reidin
Al Habool,801,2,1582.29,2022-07-18,,8,,HIGH,reidin
The Fairmont Palm Residences,B112,3,6845.84,2022-07-18,,B1,,HIGH,reidin
Golden Mile,9103,2,2389.59,2022-07-18,,1,,HIGH,reidin
Golden Mile,8507,2,1883.68,2022-07-18,,5,,HIGH,reidin
Al Fahad,PJFRA088,6,6999.98,2022-07-18,,nan,,HIGH,reidin
Al Msalli,306,2,2002.09,2022-07-17,,3,,HIGH,reidin
Al Khayali,102,2,2045.14,2022-07-15,,1,,HIGH,reidin
Marina Residences,802S,,6745.95,2022-07-15,,8,,HIGH,reidin
Marina Residences,205S,2,1980.23,2022-07-15,,2,,HIGH,reidin
The Fairmont Palm Residences,5V038,5,3428.3,2022-07-15,,nan,,HIGH,reidin
Golden Mile,5101,1,1302.43,2022-07-15,,1,,HIGH,reidin
Serenia Residences,A701,1,936.46,2022-07-15,,7,,HIGH,reidin
Al Malak,1005,3,2529.52,2022-07-15,,10,,HIGH,reidin
Golden Mile,8511,2,1959.03,2022-07-14,,5,,HIGH,reidin
Al Hatmi,702,3,2185.07,2022-07-14,,7,,HIGH,reidin
Royal Atlantis,203,2,1517.71,2022-07-14,,2,,HIGH,reidin
Golden Mile,OF31,,1857.2,2022-07-14,,MEZ,,HIGH,reidin
Al Shamsi,206,3,2073.34,2022-07-13,,2,,HIGH,reidin
Marina Residences,506S,3,2430.17,2022-07-13,,5,,HIGH,reidin
Al Murjan,205,3,2443.41,2022-07-13,,2,,HIGH,reidin
The Fairmont Palm Residences,4V104,4,3024.66,2022-07-13,,nan,,HIGH,reidin
Al Ramth,1009,2,1776.04,2022-07-13,,10,,HIGH,reidin
Seven Palm,31007,2,1646.88,2022-07-13,,10,,HIGH,reidin
Golden Mile,2503,2,1797.57,2022-07-13,,5,,HIGH,reidin
Marina Residences,A304,2,1754.52,2022-07-13,,3,,HIGH,reidin
Al Shirawi,805,2,1550.0,2022-07-12,,8,,HIGH,reidin
Seven Palm,30201,4,4101.05,2022-07-12,,2,,HIGH,reidin
The Fairmont Palm Residences,P203,,4525.79,2022-07-12,,10,,HIGH,reidin
Al Mashraba,G02,2,2034.38,2022-07-12,,G,,HIGH,reidin
Al Shamsi,319,3,2424.14,2022-07-12,,3,,HIGH,reidin
Marina Residences,202,1,1141.3,2022-07-12,,2,,HIGH,reidin
Al Fahad,PJFRL091,4,5000.05,2022-07-12,,nan,,HIGH,reidin
Al Basri,504,1,1140.97,2022-07-12,,5,,HIGH,reidin
Al Shamsi,G46,3,2980.09,2022-07-07,,G,,HIGH,reidin
Al Basri,1112,2,1582.29,2022-07-07,,11,,HIGH,reidin
Al Ramth,504,2,1743.75,2022-07-07,,5,,HIGH,reidin
Al Msalli,P062,,1767.0,2022-07-07,,G,,HIGH,reidin
Al Shirawi,911,3,2185.07,2022-07-07,,9,,HIGH,reidin
Al Sahab,PJFRO010,4,5000.05,2022-07-07,,nan,,HIGH,reidin
Al Sultana,701,2,1560.77,2022-07-06,,7,,HIGH,reidin
Al Anbara,608,2,1550.0,2022-07-06,,6,,HIGH,reidin
Al Msalli,502,3,2217.36,2022-07-06,,5,,HIGH,reidin
Al Nabat,1305,3,2518.75,2022-07-06,,13,,HIGH,reidin
Al Ghaf,PJFRB033,4,5000.05,2022-07-06,,nan,,HIGH,reidin
Palm Tower,PWBCFB05,,5640.39,2022-07-06,,G,,HIGH,reidin
Al Msalli,E014,,7162.41,2022-07-06,,2,,HIGH,reidin
Al Khayali,PJFRC109,5,6999.98,2022-07-05,,nan,,HIGH,reidin
Balqis Residences,1007,2,1883.68,2022-07-05,,10,,HIGH,reidin
Al Basri,603,3,2163.54,2022-07-05,,6,,HIGH,reidin
Azizi Mina,105,2,1937.5,2022-07-05,,1,,HIGH,reidin
Golden Mile,8308,3,3329.81,2022-07-05,,3,,HIGH,reidin
Palm Tower,2710,1,1108.68,2022-07-04,,27,,HIGH,reidin
Golden Mile,3704,,10225.71,2022-07-04,,7,,HIGH,reidin
Al Habool,PH07,4,5564.94,2022-07-04,,LP,,HIGH,reidin
Al Ghaf,PJFRB115,5,5460.96,2022-07-04,,nan,,HIGH,reidin
The Fairmont Palm Residences,5V025,5,3417.54,2022-07-04,,nan,,HIGH,reidin
Al Das,602,5,2218.12,2022-07-04,,6,,HIGH,reidin
Palm Tower,2411,0,602.78,2022-07-04,,24,,HIGH,reidin
Al Hamri,903,3,2142.02,2022-07-04,,9,,HIGH,reidin
Al Fahad,PJFRA066,6,6999.98,2022-07-03,,nan,,HIGH,reidin
Golden Mile,5204,1,1302.43,2022-07-03,,2,,HIGH,reidin
Al Malak,409,2,1927.49,2022-07-02,,4,,HIGH,reidin
Golden Mile,9311,2,1794.34,2022-07-02,,3,,HIGH,reidin
The Fairmont Palm Residences,223,2,2098.96,2022-07-01,,2,,HIGH,reidin
The Fairmont Palm Residences,902,1,1313.2,2022-07-01,,9,,HIGH,reidin
Golden Mile,4206,1,1291.67,2022-07-01,,2,,HIGH,reidin
Al Shirawi,411,3,2217.36,2022-07-01,,4,,HIGH,reidin
The 8,TPTGAIN13A,,793.73,2022-07-01,,nan,,HIGH,reidin
Golden Mile,4307,2,1883.68,2022-07-01,,3,,HIGH,reidin
Palm Tower,2305,1,1055.08,2022-07-01,,23,,HIGH,reidin
Serenia Residences,C405,1,1001.04,2022-07-01,,4,,HIGH,reidin
Golden Mile,4105,2,2002.09,2022-06-30,,1,,HIGH,reidin
Al Msalli,311,3,2217.36,2022-06-30,,3,,HIGH,reidin
Al Ramth,1007,3,2529.52,2022-06-30,,10,,HIGH,reidin
Al Malak,1211,2,2012.85,2022-06-30,,12,,HIGH,reidin
Al Hallawi,107,1,1140.97,2022-06-30,,1,,HIGH,reidin
Marina Residences,B401,2,1646.88,2022-06-30,,4,,HIGH,reidin
Al Ghaf,PJFRC010,4,5000.05,2022-06-30,,nan,,HIGH,reidin
Al Sahab,PJFRO063,4,5000.05,2022-06-29,,nan,,HIGH,reidin
Seven Palm,30707,2,1646.88,2022-06-29,,7,,HIGH,reidin
Golden Mile,1212,3,2421.88,2022-06-29,,2,,HIGH,reidin
Jash Falqa,404,1,1140.97,2022-06-29,,4,,HIGH,reidin
Royal Atlantis,706,1,850.35,2022-06-29,,7,,HIGH,reidin
Golden Mile,G501,3,5403.48,2022-06-29,,G,,HIGH,reidin
Al Mashraba,1205,3,2529.52,2022-06-28,,12,,HIGH,reidin
Al Khayali,1206,3,4057.99,2022-06-28,,12,,HIGH,reidin
Al Anbara,710,3,2152.78,2022-06-28,,7,,HIGH,reidin
Serenia Residences,A502,2,1625.35,2022-06-27,,5,,HIGH,reidin
Al Mashraba,501,2,1872.92,2022-06-27,,5,,HIGH,reidin
Jash Hamad,703,3,2163.54,2022-06-26,,7,,HIGH,reidin
Al Habool,201,2,1582.29,2022-06-26,,2,,HIGH,reidin
Serenia Residences,C305,1,1001.04,2022-06-26,,3,,HIGH,reidin
Al Khayali,1108,2,1743.75,2022-06-26,,11,,HIGH,reidin
Al Shamsi,108,1,1026.12,2022-06-25,,1,,HIGH,reidin
Balqis Residences,501,3,6275.35,2022-06-24,,5,,HIGH,reidin
Al Hatmi,802,3,2185.07,2022-06-24,,8,,HIGH,reidin
Golden Mile,7511,2,1797.57,2022-06-24,,5,,HIGH,reidin
Al Hatmi,706,2,1991.32,2022-06-24,,7,,HIGH,reidin
Al Sultana,806,2,1969.79,2022-06-24,,8,,HIGH,reidin
Al Nabat,707,2,1991.32,2022-06-24,,7,,HIGH,reidin
Al Habool,210,3,2160.96,2022-06-23,,2,,HIGH,reidin
Al Hatmi,302,3,2217.36,2022-06-23,,3,,HIGH,reidin
Golden Mile,4106,1,1288.22,2022-06-23,,1,,HIGH,reidin
Al Shamsi,236,1,1031.5,2022-06-23,,2,,HIGH,reidin
Al Khushkar,1009,1,1140.97,2022-06-23,,10,,HIGH,reidin
Al Khayali,604,2,1745.69,2022-06-23,,6,,HIGH,reidin
Al Nabat,1102,2,1776.04,2022-06-23,,11,,HIGH,reidin
Al Nabat,410,3,2155.04,2022-06-23,,4,,HIGH,reidin
Golden Mile,1311,2,1794.34,2022-06-22,,3,,HIGH,reidin
Al Malak,1208,2,1745.69,2022-06-22,,12,,HIGH,reidin
Al Basri,810,3,2158.92,2022-06-22,,8,,HIGH,reidin
Al Msalli,708,2,1550.0,2022-06-22,,7,,HIGH,reidin
Serenia Residences,AG01,1,1806.61,2022-06-21,,G,,HIGH,reidin
Al Shirawi,603,3,2163.54,2022-06-21,,6,,HIGH,reidin
Al Ramth,811,2,1872.92,2022-06-21,,8,,HIGH,reidin
The Fairmont Palm Residences,211,3,2314.24,2022-06-20,,2,,HIGH,reidin
Al Mashraba,305,3,2439.64,2022-06-20,,3,,HIGH,reidin
Jash Falqa,506,2,1969.79,2022-06-20,,5,,HIGH,reidin
Al Fahad,PJFRL016,4,5000.05,2022-06-20,,nan,,HIGH,reidin
Golden Mile,9610,2,1797.57,2022-06-20,,6,,HIGH,reidin
Al Sultana,312,2,1582.29,2022-06-19,,3,,HIGH,reidin
Seven Palm,31003,3,2766.32,2022-06-17,,10,,HIGH,reidin
Balqis Residences,904,2,1937.5,2022-06-17,,9,,HIGH,reidin
Golden Mile,2611,2,1797.57,2022-06-17,,6,,HIGH,reidin
Al Msalli,506,2,2023.61,2022-06-17,,5,,HIGH,reidin
Al Mashraba,103,2,2045.14,2022-06-17,,1,,HIGH,reidin
Al Shamsi,RETAIL13,,1677.55,2022-06-16,,G,,HIGH,reidin
Al Murjan,304,2,1857.96,2022-06-16,,3,,HIGH,reidin
Al Msalli,P011B,,2517.03,2022-06-15,,G,,HIGH,reidin
Palm Tower,2106,0,523.34,2022-06-14,,21,,HIGH,reidin
Golden Mile,10610,2,1794.45,2022-06-14,,6,,HIGH,reidin
Golden Mile,10109,2,2594.1,2022-06-14,,1,,HIGH,reidin
Golden Mile,1312,3,2421.88,2022-06-14,,3,,HIGH,reidin
The 8,20405,2,1335.15,2022-06-14,,4,,HIGH,reidin
Palm Tower,2105,1,1055.08,2022-06-14,,21,,HIGH,reidin
Palm Tower,2707,0,516.67,2022-06-14,,27,,HIGH,reidin
Al Khayali,LG03,3,2751.15,2022-06-13,,LG,,HIGH,reidin
Golden Mile,7105,2,2001.76,2022-06-13,,1,,HIGH,reidin
Marina Residences,G01N,2,2212.95,2022-06-13,,G,,HIGH,reidin
Al Mashraba,507,3,2443.41,2022-06-13,,5,,HIGH,reidin
Al Shamsi,226,1,1188.33,2022-06-13,,2,,HIGH,reidin
Palm Tower,PWBCFB02A03,,8820.69,2022-06-10,,G,,HIGH,reidin
Palm Tower,PWBCFB01A02,,9270.41,2022-06-10,,G,,HIGH,reidin
Palm Tower,PWBCFFFB01,,12511.42,2022-06-10,,G,,HIGH,reidin
Golden Mile,9302,2,1799.4,2022-06-10,,3,,HIGH,reidin
Seven Palm,31407,2,1646.88,2022-06-09,,14,,HIGH,reidin
The Fairmont Palm Residences,821,2,1732.99,2022-06-09,,8,,HIGH,reidin
Al Malak,TH08,2,4047.23,2022-06-09,,LG,,HIGH,reidin
Al Msalli,P040B,,851.96,2022-06-09,,G,,HIGH,reidin
Al Basri,106,2,1550.0,2022-06-09,,1,,HIGH,reidin
Golden Mile,G504,3,5306.6,2022-06-09,,G,,HIGH,reidin
Al Sultana,401,2,1582.29,2022-06-09,,4,,HIGH,reidin
Golden Mile,6210,2,1797.57,2022-06-08,,2,,HIGH,reidin
Golden Mile,GM2B9GR01,,3604.61,2022-06-08,,G,,HIGH,reidin
The Fairmont Palm Residences,126,2,2195.84,2022-06-08,,1,,HIGH,reidin
Kempinski Residences,102,2,1754.52,2022-06-08,,1,,HIGH,reidin
Marina Residences,1001,2,2012.85,2022-06-08,,10,,HIGH,reidin
The 8,20401,3,1779.49,2022-06-08,,4,,HIGH,reidin
Al Khayali,206,3,4057.99,2022-06-08,,2,,HIGH,reidin
Golden Mile,5304,1,1302.43,2022-06-07,,3,,HIGH,reidin
Al Hatmi,301,2,1582.29,2022-06-07,,3,,HIGH,reidin
Golden Mile,2703,,4676.91,2022-06-07,,7,,HIGH,reidin
Oceana,PH02,4,5306.6,2022-06-06,,14,,HIGH,reidin
Balqis Residences,209,2,2626.39,2022-06-06,,2,,HIGH,reidin
Golden Mile,10303,2,1797.57,2022-06-03,,3,,HIGH,reidin
Golden Mile,10511,2,1794.45,2022-06-03,,5,,HIGH,reidin
Al Malak,1206,3,4057.99,2022-06-03,,12,,HIGH,reidin
Al Hamri,103,3,2238.89,2022-06-03,,1,,HIGH,reidin
Al Ramth,1207,3,2529.52,2022-06-02,,12,,HIGH,reidin
Golden Mile,10105,2,2002.09,2022-06-02,,1,,HIGH,reidin
Al Ramth,106,3,4725.35,2022-06-02,,1,,HIGH,reidin
Al Nabat,1106,3,4057.99,2022-06-02,,11,,HIGH,reidin
Golden Mile,G301,4,3723.88,2022-06-02,,G,,HIGH,reidin
Marina Residences,G03S,2,1990.14,2022-06-02,,G,,HIGH,reidin
Al Nabat,1209,2,1776.04,2022-06-02,,12,,HIGH,reidin
Al Murjan,1205,3,2529.52,2022-06-01,,12,,HIGH,reidin
Al Ghaf,PJFRB113,5,5343.95,2022-06-01,,nan,,HIGH,reidin
The 8,TPTFBIN08,,2436.41,2022-05-31,,1,,HIGH,reidin
Marina Residences,A205,2,2034.38,2022-05-31,,2,,HIGH,reidin
The 8,TPTFBIN09,,2437.7,2022-05-31,,1,,HIGH,reidin
Golden Mile,FB05,,2031.79,2022-05-31,,B1,,HIGH,reidin
Al Basri,910,3,2163.54,2022-05-31,,9,,HIGH,reidin
Al Das,807,4,1999.93,2022-05-31,,8,,HIGH,reidin
Al Hatmi,712,2,1582.29,2022-05-30,,7,,HIGH,reidin
Marina Residences,206S,3,2430.17,2022-05-30,,2,,HIGH,reidin
Al Hallawi,703,3,2163.54,2022-05-30,,7,,HIGH,reidin
Kempinski Residences,408,3,3745.84,2022-05-30,,4,,HIGH,reidin
Golden Mile,401,1,1074.13,2022-05-30,,4,,HIGH,reidin
Golden Mile,2702,,4370.14,2022-05-30,,7,,HIGH,reidin
Al Hamri,503,3,2163.54,2022-05-30,,5,,HIGH,reidin
Al Anbara,705,2,1550.0,2022-05-29,,7,,HIGH,reidin
Al Nabat,1203,2,1776.04,2022-05-27,,12,,HIGH,reidin
The Fairmont Palm Residences,R3,,723.66,2022-05-27,,G,,HIGH,reidin
Golden Mile,2707,,5112.85,2022-05-26,,7,,HIGH,reidin
Al Ramth,1302,2,1778.09,2022-05-26,,13,,HIGH,reidin
Al Malak,505,3,2438.78,2022-05-25,,5,,HIGH,reidin
Balqis Residences,1102,9,21926.06,2022-05-25,,11,,HIGH,reidin
Golden Mile,GM2B9GR12,,3219.27,2022-05-25,,G,,HIGH,reidin
Jash Falqa,812,2,1560.77,2022-05-24,,8,,HIGH,reidin
Golden Mile,10512,3,2411.11,2022-05-24,,5,,HIGH,reidin
Golden Mile,7501,1,1302.43,2022-05-24,,5,,HIGH,reidin
Al Hamri,504,1,1140.97,2022-05-24,,5,,HIGH,reidin
Al Nabat,1011,2,1872.92,2022-05-24,,10,,HIGH,reidin
The 8,TPTGBIN14,,3130.03,2022-05-23,,nan,,HIGH,reidin
The 8,TPTGAIN16A,,797.6,2022-05-23,,nan,,HIGH,reidin
Al Khayali,808,2,1745.69,2022-05-23,,8,,HIGH,reidin
Marina Residences,CG02,2,2475.7,2022-05-23,,G,,HIGH,reidin
Al Sultana,909,1,1140.97,2022-05-22,,LP,,HIGH,reidin
Golden Mile,903,1,848.2,2022-05-22,,9,,HIGH,reidin
Golden Mile,7403,2,1797.57,2022-05-22,,4,,HIGH,reidin
Al Khayali,507,3,2443.41,2022-05-22,,5,,HIGH,reidin
Al Murjan,809,2,1734.93,2022-05-20,,8,,HIGH,reidin
Golden Mile,1612,3,2421.88,2022-05-20,,6,,HIGH,reidin
Al Hamri,403,3,2163.54,2022-05-20,,4,,HIGH,reidin
Al Anbara,609,1,1140.97,2022-05-20,,6,,HIGH,reidin
Al Basri,904,1,1140.97,2022-05-20,,9,,HIGH,reidin
The 8,TPTGBIN13,,3134.99,2022-05-19,,nan,,HIGH,reidin
Golden Mile,705,1,990.28,2022-05-19,,7,,HIGH,reidin
Al Hamri,706,2,1991.32,2022-05-19,,7,,HIGH,reidin
The Fairmont Palm Residences,401,2,1920.5,2022-05-19,,4,,HIGH,reidin
Al Hallawi,810,3,2163.54,2022-05-19,,8,,HIGH,reidin
Golden Mile,7704,4,9924.32,2022-05-18,,7,,HIGH,reidin
The Fairmont Palm Residences,221,2,2185.07,2022-05-18,,2,,HIGH,reidin
Al Khushkar,808,2,1550.0,2022-05-18,,8,,HIGH,reidin
Golden Mile,407,1,1098.24,2022-05-18,,4,,HIGH,reidin
Al Ramth,1105,3,2529.52,2022-05-18,,11,,HIGH,reidin
Golden Mile,8312,3,2411.11,2022-05-18,,3,,HIGH,reidin
Al Ramth,TH01,2,4047.23,2022-05-17,,LG,,HIGH,reidin
Golden Mile,GM2B7RT24,,1203.94,2022-05-17,,B1,,HIGH,reidin
Golden Mile,GM2B7RT25,,2355.25,2022-05-17,,B1,,HIGH,reidin
Al Khayali,1003,2,1776.04,2022-05-17,,10,,HIGH,reidin
Golden Mile,7303,2,1797.57,2022-05-17,,3,,HIGH,reidin
Al Msalli,309,1,1140.97,2022-05-15,,3,,HIGH,reidin
Jash Falqa,904,1,1140.97,2022-05-13,,LP,,HIGH,reidin
Jash Falqa,909,1,1140.97,2022-05-12,,LP,,HIGH,reidin
Al Nabat,303,2,1937.5,2022-05-12,,3,,HIGH,reidin
Marina Residences,C405,1,1120.09,2022-05-12,,4,,HIGH,reidin
Golden Mile,6304,1,1306.63,2022-05-11,,3,,HIGH,reidin
Golden Mile,4102,2,2098.96,2022-05-11,,1,,HIGH,reidin
Al Hatmi,209,1,1140.97,2022-05-11,,2,,HIGH,reidin
Al Malak,1007,3,2529.52,2022-05-11,,10,,HIGH,reidin
Seven Palm,41406,2,1743.75,2022-05-11,,14,,HIGH,reidin
Al Murjan,LG01,3,2755.56,2022-05-11,,LG,,HIGH,reidin
Al Ramth,1209,2,1776.04,2022-05-10,,12,,HIGH,reidin
Marina Residences,1007,1,1140.97,2022-05-10,,10,,HIGH,reidin
Al Msalli,F016,,5063.98,2022-05-10,,1,,HIGH,reidin
The 8,20413,2,1322.88,2022-05-10,,4,,HIGH,reidin
Marina Residences,613,1,1140.97,2022-05-10,,6,,HIGH,reidin
Al Mashraba,805,3,2443.41,2022-05-09,,8,,HIGH,reidin
Golden Mile,OF30,,2302.51,2022-05-09,,MEZ,,HIGH,reidin
Al Shamsi,208,1,1030.11,2022-05-09,,2,,HIGH,reidin
Palm Tower,4219,1,1119.45,2022-05-09,,42,,HIGH,reidin
Golden Mile,10408,3,3326.05,2022-04-29,,4,,HIGH,reidin
Al Khushkar,PH12,4,4843.76,2022-04-29,,LP,,HIGH,reidin
Al Mashraba,411,2,1937.5,2022-04-29,,4,,HIGH,reidin
Al Ramth,810,2,1732.99,2022-04-29,,8,,HIGH,reidin
Al Shirawi,1104,1,1140.97,2022-04-29,,LP,,HIGH,reidin
Kempinski Residences,205,2,1754.52,2022-04-28,,2,,HIGH,reidin
Al Anbara,903,3,2142.02,2022-04-28,,9,,HIGH,reidin
Al Msalli,E091,,1536.98,2022-04-27,,2,,HIGH,reidin
Al Msalli,E070,,4092.97,2022-04-27,,2,,HIGH,reidin
Al Msalli,E090,,1701.99,2022-04-27,,2,,HIGH,reidin
Golden Mile,10205,2,1806.72,2022-04-27,,2,,HIGH,reidin
Al Msalli,E092A,,902.98,2022-04-27,,2,,HIGH,reidin
Al Msalli,E068,,4147.98,2022-04-27,,2,,HIGH,reidin
Al Msalli,E092B,,888.67,2022-04-27,,2,,HIGH,reidin
Al Shamsi,251,3,2398.95,2022-04-27,,2,,HIGH,reidin
Al Shamsi,151,3,2444.05,2022-04-27,,1,,HIGH,reidin
Al Nabat,1105,3,2529.52,2022-04-26,,11,,HIGH,reidin
Balqis Residences,603,2,2002.09,2022-04-26,,6,,HIGH,reidin
Al Sahab,601,6,12378.49,2022-04-26,,6,,HIGH,reidin
Al Habool,704,1,1140.97,2022-04-25,,7,,HIGH,reidin
Al Msalli,P011A,,1724.38,2022-04-25,,G,,HIGH,reidin
Marina Residences,1002,1,1142.05,2022-04-25,,10,,HIGH,reidin
Al Shirawi,508,2,1550.76,2022-04-25,,5,,HIGH,reidin
Al Anbara,411,3,2217.36,2022-04-24,,4,,HIGH,reidin
Al Khayali,807,3,2438.78,2022-04-22,,8,,HIGH,reidin
Al Shamsi,232,2,1667.54,2022-04-22,,2,,HIGH,reidin
Al Khushkar,307,2,2002.09,2022-04-22,,3,,HIGH,reidin
Golden Mile,9312,3,2421.88,2022-04-22,,3,,HIGH,reidin
Marina Residences,B303,2,1864.63,2022-04-22,,3,,HIGH,reidin
Al Malak,306,3,4057.99,2022-04-21,,3,,HIGH,reidin
Marina Residences,501N,3,2430.27,2022-04-21,,5,,HIGH,reidin
Al Msalli,203,3,2174.31,2022-04-21,,2,,HIGH,reidin
Al Basri,PH12,4,4838.16,2022-04-21,,LP,,HIGH,reidin
Al Msalli,802,3,2185.07,2022-04-20,,8,,HIGH,reidin
Golden Mile,911,1,1105.99,2022-04-19,,9,,HIGH,reidin
Palm Tower,4418,1,1076.07,2022-04-19,,44,,HIGH,reidin
Marina Residences,412,1,1140.97,2022-04-19,,4,,HIGH,reidin
Al Nabat,807,2,1991.32,2022-04-18,,8,,HIGH,reidin
Serenia Residences,C606,2,1724.05,2022-04-18,,6,,HIGH,reidin
Golden Mile,7412,3,2411.11,2022-04-18,,4,,HIGH,reidin
Golden Mile,G502,3,5414.24,2022-04-18,,G,,HIGH,reidin
Al Shamsi,341,1,1140.65,2022-04-16,,3,,HIGH,reidin
Al Shamsi,237,1,1030.11,2022-04-16,,2,,HIGH,reidin
Kempinski Residences,430,2,1764.96,2022-04-15,,4,,HIGH,reidin
The 8,10101,1,871.88,2022-04-15,,1,,HIGH,reidin
Marina Residences,BG05,2,2012.85,2022-04-14,,G,,HIGH,reidin
Al Msalli,105,2,1550.0,2022-04-14,,1,,HIGH,reidin
Marina Residences,202N,2,1980.13,2022-04-14,,2,,HIGH,reidin
Golden Mile,201,1,1074.13,2022-04-14,,2,,HIGH,reidin
Al Khayali,611,2,1872.92,2022-04-14,,6,,HIGH,reidin
Golden Mile,410,1,1092.21,2022-04-14,,4,,HIGH,reidin
Al Shamsi,107,1,1026.01,2022-04-14,,1,,HIGH,reidin
Marina Residences,A502,3,7696.19,2022-04-13,,5,,HIGH,reidin
The 8,10202,1,1011.81,2022-04-13,,2,,HIGH,reidin
Palm Tower,3507,0,516.67,2022-04-13,,35,,HIGH,reidin
Al Hatmi,505,2,1550.0,2022-04-13,,5,,HIGH,reidin
Balqis Residences,309,2,2023.61,2022-04-12,,3,,HIGH,reidin
Al Khushkar,211,3,2206.71,2022-04-12,,2,,HIGH,reidin
Marina Residences,605S,2,1980.23,2022-04-12,,6,,HIGH,reidin
Jash Falqa,806,2,1974.75,2022-04-11,,8,,HIGH,reidin
Jash Hamad,205,2,1553.66,2022-04-11,,2,,HIGH,reidin
Al Hamri,610,3,2152.78,2022-04-11,,6,,HIGH,reidin
Al Nabat,409,1,1140.97,2022-04-10,,4,,HIGH,reidin
Golden Mile,6603,2,1797.57,2022-04-10,,6,,HIGH,reidin
Palm Tower,3613,1,1056.48,2022-04-10,,36,,HIGH,reidin
Palm Tower,PWBCFB04,,5351.49,2022-04-08,,G,,HIGH,reidin
Golden Mile,3508,3,3328.63,2022-04-08,,5,,HIGH,reidin
Al Basri,1005,2,1550.76,2022-04-07,,10,,HIGH,reidin
Al Mashraba,G04,2,2033.52,2022-04-07,,G,,HIGH,reidin
Seven Palm,40706,2,1743.75,2022-04-07,,7,,HIGH,reidin
Serenia Residences,A407,2,1334.72,2022-04-06,,4,,HIGH,reidin
Al Khushkar,604,1,1140.97,2022-04-06,,6,,HIGH,reidin
Golden Mile,202,1,867.68,2022-04-06,,2,,HIGH,reidin
Golden Mile,910,1,1105.99,2022-04-06,,9,,HIGH,reidin
The 8,TPTFAIN08,,2436.73,2022-04-05,,1,,HIGH,reidin
Jash Falqa,406,2,1991.32,2022-04-05,,4,,HIGH,reidin
The 8,10311,3,1700.7,2022-04-04,,3,,HIGH,reidin
Azizi Mina,411,2,1524.81,2022-04-04,,4,,HIGH,reidin
Al Ramth,1111,2,2023.61,2022-04-04,,11,,HIGH,reidin
Marina Residences,A102,1,1119.45,2022-04-01,,1,,HIGH,reidin
Al Msalli,E016,,2077.0,2022-03-30,,2,,HIGH,reidin
Al Hallawi,905,2,1550.0,2022-03-30,,9,,HIGH,reidin
The 8,20108,3,1735.68,2022-03-30,,1,,HIGH,reidin
Serenia Residences,C301,3,2938.54,2022-03-30,,3,,HIGH,reidin
Serenia Residences,C103,2,1700.7,2022-03-28,,1,,HIGH,reidin
Golden Mile,8612,3,2411.11,2022-03-28,,6,,HIGH,reidin
Al Hallawi,812,2,1582.29,2022-03-28,,8,,HIGH,reidin
Azizi Mina,510,2,1356.25,2022-03-28,,5,,HIGH,reidin
Al Anbara,506,2,2012.85,2022-03-28,,5,,HIGH,reidin
Palm Tower,2212,0,516.67,2022-03-28,,22,,HIGH,reidin
Al Ramth,102,2,2045.14,2022-03-27,,1,,HIGH,reidin
Al Ramth,203,2,2045.14,2022-03-25,,2,,HIGH,reidin
Al Shirawi,408,2,1550.0,2022-03-25,,4,,HIGH,reidin
Golden Mile,RT01,,845.93,2022-03-25,,B1,,HIGH,reidin
The Fairmont Palm Residences,610,1,1550.0,2022-03-25,,6,,HIGH,reidin
The Fairmont Palm Residences,402,1,1313.2,2022-03-25,,4,,HIGH,reidin
Al Murjan,907,3,2443.41,2022-03-25,,9,,HIGH,reidin
Golden Mile,7406,1,1280.9,2022-03-25,,4,,HIGH,reidin
The Fairmont Palm Residences,P201,,4908.34,2022-03-25,,10,,HIGH,reidin
Al Sahab,802,3,4871.74,2022-03-24,,8,,HIGH,reidin
Al Basri,1202,3,2185.07,2022-03-24,,LP,,HIGH,reidin
Golden Mile,2306,1,1291.67,2022-03-23,,3,,HIGH,reidin
Golden Mile,6201,1,1302.43,2022-03-23,,2,,HIGH,reidin
Al Msalli,B1003B,,857.99,2022-03-23,,LG,,HIGH,reidin
Al Msalli,P061A,,499.98,2022-03-23,,G,,HIGH,reidin
Seven Palm,40107,2,1797.57,2022-03-23,,1,,HIGH,reidin
Balqis Residences,707,2,1964.63,2022-03-23,,7,,HIGH,reidin
Golden Mile,701,1,1092.86,2022-03-23,,7,,HIGH,reidin
Al Hamri,205,2,1550.76,2022-03-23,,2,,HIGH,reidin
Seven Palm,41206,2,1743.75,2022-03-22,,12,,HIGH,reidin
The Fairmont Palm Residences,519,2,1722.22,2022-03-22,,5,,HIGH,reidin
The Fairmont Palm Residences,406,1,1280.9,2022-03-22,,4,,HIGH,reidin
Al Msalli,504,1,1140.97,2022-03-21,,5,,HIGH,reidin
Palm Tower,3802,1,1054.86,2022-03-21,,38,,HIGH,reidin
Golden Mile,912,2,1635.9,2022-03-21,,9,,HIGH,reidin
The 8,TPTGAIN03,,4138.61,2022-03-21,,nan,,HIGH,reidin
The 8,TPTFAIN03,,2726.17,2022-03-21,,1,,HIGH,reidin
The 8,10301,1,869.18,2022-03-19,,3,,HIGH,reidin
Golden Mile,3502,2,1797.57,2022-03-18,,5,,HIGH,reidin
Golden Mile,713,1,1093.18,2022-03-18,,7,,HIGH,reidin
Marina Residences,707,1,1140.97,2022-03-17,,7,,HIGH,reidin
Golden Mile,2403,2,1797.57,2022-03-17,,4,,HIGH,reidin
Golden Mile,1412,3,2411.11,2022-03-17,,4,,HIGH,reidin
Golden Mile,613,1,1074.24,2022-03-17,,6,,HIGH,reidin
Golden Mile,1005,1,976.5,2022-03-17,,10,,HIGH,reidin
Palm Tower,3801,1,1033.33,2022-03-16,,38,,HIGH,reidin
Azizi Mina,701,1,990.28,2022-03-16,,7,,HIGH,reidin
Golden Mile,6209,2,1786.81,2022-03-16,,2,,HIGH,reidin
Al Msalli,805,2,1550.0,2022-03-16,,8,,HIGH,reidin
Palm Tower,2302,0,527.43,2022-03-16,,23,,HIGH,reidin
Al Shirawi,904,1,1140.97,2022-03-16,,9,,HIGH,reidin
Club Vista Mare,101,0,609.45,2022-03-16,,1,,HIGH,reidin
Golden Mile,7204,1,1302.43,2022-03-15,,2,,HIGH,reidin
Al Hatmi,201,2,1582.29,2022-03-15,,2,,HIGH,reidin
Palm Tower,4518,1,1076.39,2022-03-15,,45,,HIGH,reidin
Al Hallawi,1002,3,2181.3,2022-03-15,,10,,HIGH,reidin
Marina Residences,916,1,1140.97,2022-03-15,,9,,HIGH,reidin
Golden Mile,2502,2,1797.57,2022-03-14,,5,,HIGH,reidin
Al Hatmi,701,2,1582.29,2022-03-14,,7,,HIGH,reidin
Al Msalli,P034C,,864.99,2022-03-14,,G,,HIGH,reidin
Al Khayali,410,2,1733.53,2022-03-14,,4,,HIGH,reidin
Al Murjan,302,2,2045.14,2022-03-14,,3,,HIGH,reidin
Al Ramth,211,2,1948.27,2022-03-14,,2,,HIGH,reidin
Al Anbara,PH12,4,4839.34,2022-03-14,,LP,,HIGH,reidin
Jash Hamad,802,3,2195.84,2022-03-13,,8,,HIGH,reidin
Golden Mile,7506,1,1291.67,2022-03-13,,5,,HIGH,reidin
The Fairmont Palm Residences,816,2,1776.04,2022-03-13,,8,,HIGH,reidin
Al Ramth,1109,2,1776.04,2022-03-13,,11,,HIGH,reidin
Kempinski Residences,432,2,1754.52,2022-03-13,,4,,HIGH,reidin
Al Nabat,PH04,1,1140.97,2022-03-11,,9,,HIGH,reidin
Al Shamsi,201,2,1555.06,2022-03-11,,2,,HIGH,reidin
Marina Residences,1014,1,1140.97,2022-03-11,,10,,HIGH,reidin
Al Habool,202,3,2206.6,2022-03-11,,2,,HIGH,reidin
Club Vista Mare,004,,3576.95,2022-03-11,,G,,HIGH,reidin
Al Das,801,4,1589.07,2022-03-11,,8,,HIGH,reidin
Golden Mile,SH02,,1214.38,2022-03-10,,G,,HIGH,reidin
Golden Mile,SH01,,821.29,2022-03-10,,G,,HIGH,reidin
Golden Mile,RT11A,,985.54,2022-03-10,,B1,,HIGH,reidin
Golden Mile,GMB2RT42B,,334.22,2022-03-10,,B1,,HIGH,reidin
Seven Palm,C1,,16199.67,2022-03-10,,G,,HIGH,reidin
Golden Mile,2507,2,1886.8,2022-03-10,,5,,HIGH,reidin
Al Malak,307,3,2443.41,2022-03-10,,3,,HIGH,reidin
Marina Residences,712,1,1140.97,2022-03-09,,7,,HIGH,reidin
Golden Mile,909,2,1683.47,2022-03-09,,9,,HIGH,reidin
Al Malak,510,2,1732.99,2022-03-09,,5,,HIGH,reidin
Golden Mile,4507,2,1886.8,2022-03-09,,5,,HIGH,reidin
The Fairmont Palm Residences,203,1,1354.85,2022-03-09,,2,,HIGH,reidin
Golden Mile,10612,3,2411.11,2022-03-08,,6,,HIGH,reidin
Golden Mile,906,3,1790.25,2022-03-08,,9,,HIGH,reidin
Golden Mile,1410,2,1794.34,2022-03-07,,4,,HIGH,reidin
Al Khayali,304,2,1862.15,2022-03-07,,3,,HIGH,reidin
Marina Residences,C302,3,3724.31,2022-03-07,,3,,HIGH,reidin
Golden Mile,8408,3,3326.05,2022-03-07,,4,,HIGH,reidin
Golden Mile,6307,2,1883.68,2022-03-06,,3,,HIGH,reidin
Golden Mile,209,2,1664.74,2022-03-05,,2,,HIGH,reidin
Al Hallawi,502,3,2217.36,2022-03-04,,5,,HIGH,reidin
Al Shirawi,809,1,1140.97,2022-03-04,,8,,HIGH,reidin
Kempinski Residences,507,3,3788.89,2022-03-04,,5,,HIGH,reidin
Al Nabat,1403,5,13099.67,2022-03-03,,14,,HIGH,reidin
Al Basri,605,2,1550.76,2022-03-03,,6,,HIGH,reidin
Golden Mile,3608,3,3326.05,2022-03-03,,6,,HIGH,reidin
Seven Palm,40404,2,2077.43,2022-03-03,,4,,HIGH,reidin
Al Hamri,310,3,2163.54,2022-03-03,,3,,HIGH,reidin
Golden Mile,2411,2,1797.57,2022-03-03,,4,,HIGH,reidin
Balqis Residences,1011,3,2393.03,2022-03-02,,10,,HIGH,reidin
The 8,TPTGBIN14A,,611.28,2022-03-02,,nan,,HIGH,reidin
Golden Mile,610,1,1092.21,2022-03-02,,6,,HIGH,reidin
The 8,TPTGC10,,224.1,2022-03-02,,G,,HIGH,reidin
The 8,TPTGBIN15B,,611.07,2022-03-02,,nan,,HIGH,reidin
Al Hamri,912,2,1582.29,2022-03-02,,9,,HIGH,reidin
Al Shirawi,609,1,1140.97,2022-03-02,,6,,HIGH,reidin
The 8,TPTFAIN12,,3208.5,2022-03-02,,1,,HIGH,reidin
Marina Residences,503N,2,1758.18,2022-03-02,,5,,HIGH,reidin
The 8,TPTGCIN06A,,496.97,2022-02-28,,G,,HIGH,reidin
The 8,TPTGCIN06,,1209.97,2022-02-28,,G,,HIGH,reidin
Golden Mile,1002,1,867.68,2022-02-28,,10,,HIGH,reidin
Al Khushkar,110,2,1603.82,2022-02-25,,1,,HIGH,reidin
Golden Mile,1609,2,1786.81,2022-02-25,,6,,HIGH,reidin
Al Das,307,4,1996.7,2022-02-25,,3,,HIGH,reidin
Jash Hamad,811,3,2206.6,2022-02-25,,8,,HIGH,reidin
Al Mashraba,307,3,2443.41,2022-02-25,,3,,HIGH,reidin
Marina Residences,406S,3,2430.17,2022-02-25,,4,,HIGH,reidin
Golden Mile,RT09,,1151.09,2022-02-24,,B1,,HIGH,reidin
Kempinski Residences,115,2,1948.27,2022-02-24,,1,,HIGH,reidin
Golden Mile,3207,2,1883.68,2022-02-24,,2,,HIGH,reidin
Al Msalli,401,2,1582.29,2022-02-23,,4,,HIGH,reidin
Golden Mile,902,1,867.68,2022-02-23,,9,,HIGH,reidin
Seven Palm,31308,1,1216.32,2022-02-22,,13,,HIGH,reidin
Golden Mile,208,1,1099.21,2022-02-22,,2,,HIGH,reidin
Golden Mile,601,1,1074.13,2022-02-22,,6,,HIGH,reidin
Al Habool,709,1,1140.97,2022-02-22,,7,,HIGH,reidin
The 8,TPTGBIN01,,4007.29,2022-02-22,,nan,,HIGH,reidin
The 8,10217,2,1330.53,2022-02-22,,2,,HIGH,reidin
Jash Hamad,810,3,2228.13,2022-02-22,,8,,HIGH,reidin
The 8,TPTFBIN01,,3948.52,2022-02-22,,1,,HIGH,reidin
Al Ramth,202,2,2045.14,2022-02-21,,2,,HIGH,reidin
Al Shirawi,406,2,2002.09,2022-02-21,,4,,HIGH,reidin
Golden Mile,7507,2,1883.68,2022-02-21,,5,,HIGH,reidin
The 8,TPTFAIN1819,,4435.26,2022-02-18,,1,,HIGH,reidin
Al Anbara,207,2,2002.09,2022-02-18,,2,,HIGH,reidin
The 8,TPTGAIN20,,3364.69,2022-02-18,,nan,,HIGH,reidin
Balqis Residences,VILLAV04,5,13939.25,2022-02-18,,G,,HIGH,reidin
Golden Mile,10608,3,3358.34,2022-02-18,,6,,HIGH,reidin
Marina Residences,704,1,1140.97,2022-02-18,,7,,HIGH,reidin
The 8,TPTGAIN19,,3364.36,2022-02-18,,nan,,HIGH,reidin
Al Khayali,TH05,2,3993.41,2022-02-17,,LG,,HIGH,reidin
Golden Mile,10601,1,1304.58,2022-02-17,,6,,HIGH,reidin
The Fairmont Palm Residences,726,2,1732.99,2022-02-17,,7,,HIGH,reidin
Al Sultana,807,2,1969.79,2022-02-17,,8,,HIGH,reidin
The 8,20501,3,1770.55,2022-02-16,,5,,HIGH,reidin
Al Hatmi,904,1,1140.97,2022-02-16,,9,,HIGH,reidin
Golden Mile,RT13,,1715.98,2022-02-16,,B1,,HIGH,reidin
Al Murjan,403,2,1927.49,2022-02-16,,4,,HIGH,reidin
Golden Mile,806,3,1771.42,2022-02-16,,8,,HIGH,reidin
Marina Residences,1005,1,1140.97,2022-02-15,,10,,HIGH,reidin
Al Shirawi,1004,1,1140.97,2022-02-15,,10,,HIGH,reidin
Al Mashraba,402,2,1732.99,2022-02-15,,4,,HIGH,reidin
Jash Falqa,606,2,1969.79,2022-02-15,,6,,HIGH,reidin
Seven Palm,30902,2,1439.78,2022-02-15,,9,,HIGH,reidin
Al Mashraba,408,2,1866.89,2022-02-15,,4,,HIGH,reidin
Al Anbara,711,3,2185.07,2022-02-14,,7,,HIGH,reidin
Serenia Residences,C204,2,1636.11,2022-02-14,,2,,HIGH,reidin
Al Habool,J1,1,721.18,2022-02-14,,1,,HIGH,reidin
Club Vista Mare,099,0,731.95,2022-02-11,,1,,HIGH,reidin
Al Khayali,508,2,1743.75,2022-02-11,,5,,HIGH,reidin
Golden Mile,2303,2,1797.57,2022-02-11,,3,,HIGH,reidin
Golden Mile,RT20,,850.89,2022-02-11,,B1,,HIGH,reidin
Al Hallawi,205,2,1550.0,2022-02-10,,2,,HIGH,reidin
Al Sultana,910,3,2142.02,2022-02-10,,LP,,HIGH,reidin
Al Mashraba,1405,4,10258.0,2022-02-10,,14,,HIGH,reidin
Balqis Residences,802,3,2283.88,2022-02-10,,8,,HIGH,reidin
The Fairmont Palm Residences,B110,4,5468.06,2022-02-10,,B1,,HIGH,reidin
Al Shamsi,302,2,1518.25,2022-02-10,,3,,HIGH,reidin
Al Khushkar,1202,3,2185.07,2022-02-10,,LP,,HIGH,reidin
Serenia Residences,B404,2,1743.75,2022-02-10,,4,,HIGH,reidin
Al Ramth,602,2,1732.99,2022-02-09,,6,,HIGH,reidin
Golden Mile,8208,3,3326.8,2022-02-09,,2,,HIGH,reidin
Kempinski Residences,431,2,1765.28,2022-02-08,,4,,HIGH,reidin
Marina Residences,706S,3,2430.17,2022-02-08,,7,,HIGH,reidin
Al Habool,110,2,1614.59,2022-02-08,,1,,HIGH,reidin
Jash Falqa,905,2,1550.0,2022-02-08,,LP,,HIGH,reidin
The 8,10505,2,1338.38,2022-02-08,,5,,HIGH,reidin
Seven Palm,30506,2,1743.75,2022-02-08,,5,,HIGH,reidin
Jash Falqa,808,2,1550.76,2022-02-08,,8,,HIGH,reidin
Al Nabat,305,2,1550.0,2022-02-07,,3,,HIGH,reidin
Seven Palm,30106,2,1883.68,2022-02-07,,1,,HIGH,reidin
Al Mashraba,403,2,1926.74,2022-02-07,,4,,HIGH,reidin
Jash Hamad,608,2,1553.45,2022-02-07,,6,,HIGH,reidin
Marina Residences,814,1,1140.97,2022-02-07,,8,,HIGH,reidin
Al Anbara,802,3,2181.3,2022-02-07,,8,,HIGH,reidin
Golden Mile,10212,3,2411.11,2022-02-07,,2,,HIGH,reidin
Al Shirawi,708,2,1550.0,2022-02-04,,7,,HIGH,reidin
Al Msalli,P068,,3350.05,2022-02-04,,G,,HIGH,reidin
Al Msalli,P067B,,965.95,2022-02-04,,G,,HIGH,reidin
Al Msalli,P069,,2067.96,2022-02-04,,G,,HIGH,reidin
Al Msalli,P067A,,1659.04,2022-02-04,,G,,HIGH,reidin
Golden Mile,1004,1,980.27,2022-02-04,,10,,HIGH,reidin
Al Shirawi,605,2,1550.0,2022-02-03,,6,,HIGH,reidin
Al Msalli,F014B,,3000.44,2022-02-03,,1,,HIGH,reidin
Marina Residences,109,1,1404.04,2022-02-03,,1,,HIGH,reidin
Golden Mile,7602,2,1799.08,2022-02-03,,6,,HIGH,reidin
Jash Falqa,104,1,1140.97,2022-02-03,,1,,HIGH,reidin
Al Malak,407,3,2443.41,2022-02-02,,4,,HIGH,reidin
Golden Mile,808,1,1099.21,2022-02-02,,8,,HIGH,reidin
Marina Residences,C203,1,1108.68,2022-02-02,,2,,HIGH,reidin
The Fairmont Palm Residences,P307,,4854.52,2022-02-02,,10,,HIGH,reidin
Al Habool,505,2,1550.0,2022-02-02,,5,,HIGH,reidin
Golden Mile,105,1,989.74,2022-02-02,,1,,HIGH,reidin
Seven Palm,30504,3,2766.32,2022-02-02,,5,,HIGH,reidin
The Fairmont Palm Residences,B108,3,5177.54,2022-02-01,,B1,,HIGH,reidin
Al Murjan,1109,2,1777.98,2022-02-01,,11,,HIGH,reidin
Golden Mile,4112,3,2646.09,2022-02-01,,1,,HIGH,reidin
Al Shamsi,110,1,1026.01,2022-01-31,,1,,HIGH,reidin
Golden Mile,GM2B10FB24,,2322.96,2022-01-31,,B1,,HIGH,reidin
Serenia Residences,A609,1,899.65,2022-01-31,,6,,HIGH,reidin
The Fairmont Palm Residences,P312,,4120.85,2022-01-31,,10,,HIGH,reidin
The 8,10413,2,1290.7,2022-01-30,,4,,HIGH,reidin
Seven Palm,41107,2,1646.88,2022-01-30,,11,,HIGH,reidin
Golden Mile,9309,2,1787.78,2022-01-29,,3,,HIGH,reidin
Al Msalli,P023A,,967.03,2022-01-28,,G,,HIGH,reidin
Jash Hamad,401,2,1582.29,2022-01-28,,4,,HIGH,reidin
Golden Mile,102,1,1769.26,2022-01-27,,1,,HIGH,reidin
The Fairmont Palm Residences,713,2,1723.3,2022-01-27,,7,,HIGH,reidin
Golden Mile,9704,4,10236.47,2022-01-27,,7,,HIGH,reidin
Palm Tower,3007,0,500.95,2022-01-27,,30,,HIGH,reidin
Palm Tower,3006,0,500.95,2022-01-27,,30,,HIGH,reidin
Golden Mile,9109,2,2594.1,2022-01-27,,1,,HIGH,reidin
Kempinski Residences,609,3,3855.95,2022-01-27,,6,,HIGH,reidin
Al Hatmi,601,2,1582.29,2022-01-27,,6,,HIGH,reidin
Al Sultana,406,2,2002.09,2022-01-26,,4,,HIGH,reidin
Marina Residences,B502,3,5394.65,2022-01-25,,5,,HIGH,reidin
Marina Residences,204,1,1142.7,2022-01-25,,2,,HIGH,reidin
Golden Mile,5609,2,1787.78,2022-01-25,,6,,HIGH,reidin
Golden Mile,10110,2,2604.22,2022-01-25,,1,,HIGH,reidin
Al Mashraba,1402,4,6824.31,2022-01-25,,14,,HIGH,reidin
Golden Mile,10108,3,3322.06,2022-01-25,,1,,HIGH,reidin
Al Mashraba,608,2,1743.75,2022-01-25,,6,,HIGH,reidin
Al Hallawi,401,2,1586.17,2022-01-25,,4,,HIGH,reidin
The 8,10606,2,1291.67,2022-01-24,,6,,HIGH,reidin
Al Hatmi,812,2,1582.29,2022-01-24,,8,,HIGH,reidin
Golden Mile,FB16,,2994.73,2022-01-24,,B1,,HIGH,reidin
Golden Mile,10509,2,1786.81,2022-01-23,,5,,HIGH,reidin
Jash Hamad,808,2,1550.0,2022-01-23,,8,,HIGH,reidin
Al Shamsi,419,3,2438.78,2022-01-22,,4,,HIGH,reidin
Al Shamsi,323,1,1059.49,2022-01-22,,3,,HIGH,reidin
Al Shamsi,G59,3,2980.2,2022-01-22,,G,,HIGH,reidin
Al Anbara,304,1,1140.97,2022-01-20,,3,,HIGH,reidin
Kempinski Residences,314,2,1770.02,2022-01-19,,3,,HIGH,reidin
Golden Mile,1703,,4682.3,2022-01-18,,7,,HIGH,reidin
The 8,TPTFAIN11,,2463.1,2022-01-18,,1,,HIGH,reidin
The 8,TPTGAIN11,,3695.79,2022-01-18,,nan,,HIGH,reidin
Golden Mile,4211,2,1794.34,2022-01-18,,2,,HIGH,reidin
Golden Mile,OF20,,1707.69,2022-01-18,,MEZ,,HIGH,reidin
Al Khushkar,609,1,1140.97,2022-01-18,,6,,HIGH,reidin
Al Murjan,203,2,2045.14,2022-01-17,,2,,HIGH,reidin
Jash Hamad,706,2,2045.14,2022-01-17,,7,,HIGH,reidin
Al Hallawi,508,2,1550.0,2022-01-17,,5,,HIGH,reidin
Marina Residences,706,1,1140.97,2022-01-14,,7,,HIGH,reidin
Golden Mile,PH01,3,4275.42,2022-01-14,,R,,HIGH,reidin
Golden Mile,2309,2,1787.78,2022-01-12,,3,,HIGH,reidin
Al Msalli,E011,,1298.99,2022-01-12,,2,,HIGH,reidin
Golden Mile,4410,2,1786.81,2022-01-12,,4,,HIGH,reidin
The Fairmont Palm Residences,518,3,4071.77,2022-01-12,,5,,HIGH,reidin
Al Nabat,1007,3,2529.52,2022-01-12,,10,,HIGH,reidin
Marina Residences,208,2,2015.76,2022-01-11,,2,,HIGH,reidin
Al Habool,804,1,1140.97,2022-01-10,,8,,HIGH,reidin
Serenia Residences,B505,1,1054.86,2022-01-10,,5,,HIGH,reidin
The Fairmont Palm Residences,213,2,1722.22,2022-01-10,,2,,HIGH,reidin
Al Khushkar,PH01,4,4843.76,2022-01-06,,LP,,HIGH,reidin
Jash Hamad,201,2,1582.29,2022-01-06,,2,,HIGH,reidin
Kempinski Residences,239,2,1969.79,2022-01-06,,2,,HIGH,reidin
The Fairmont Palm Residences,727,2,1754.52,2022-01-06,,7,,HIGH,reidin
Al Sultana,PH06,4,5249.34,2022-01-05,,LP,,HIGH,reidin
Al Malak,1205,3,2529.52,2022-01-04,,12,,HIGH,reidin
Golden Mile,1006,3,1771.42,2022-01-04,,10,,HIGH,reidin
Golden Mile,606,3,1771.42,2022-01-03,,6,,HIGH,reidin
Marina Residences,06,,1128.92,2021-12-30,,G,,HIGH,reidin
Marina Residences,05,,1520.51,2021-12-30,,G,,HIGH,reidin
Golden Mile,8109,2,2594.1,2021-12-30,,1,,HIGH,reidin
Al Sultana,107,1,1140.97,2021-12-30,,1,,HIGH,reidin
Al Ramth,1303,2,1776.04,2021-12-29,,13,,HIGH,reidin
Al Anbara,309,1,1140.97,2021-12-28,,3,,HIGH,reidin
Al Shamsi,RETAIL12,,574.68,2021-12-28,,G,,HIGH,reidin
Al Shamsi,RETAIL11,,590.18,2021-12-28,,G,,HIGH,reidin
Al Shamsi,RETAIL14,,911.59,2021-12-28,,G,,HIGH,reidin
Al Msalli,R002,,3201.29,2021-12-28,,R,,HIGH,reidin
Golden Mile,5310,2,1794.34,2021-12-27,,3,,HIGH,reidin
Golden Mile,3203,2,1797.57,2021-12-27,,2,,HIGH,reidin
The Fairmont Palm Residences,P310,,4176.39,2021-12-26,,10,,HIGH,reidin
Al Sultana,405,2,1550.86,2021-12-26,,4,,HIGH,reidin
Golden Mile,1013,1,1074.24,2021-12-23,,10,,HIGH,reidin
Jash Hamad,502,3,2271.18,2021-12-23,,5,,HIGH,reidin
Marina Residences,A210,2,2055.9,2021-12-23,,2,,HIGH,reidin
The Fairmont Palm Residences,225,2,2185.07,2021-12-22,,2,,HIGH,reidin
Al Anbara,GF02,,929.36,2021-12-21,,1,,HIGH,reidin
Seven Palm,30304,2,1440.1,2021-12-20,,3,,HIGH,reidin
The Fairmont Palm Residences,325,2,2195.84,2021-12-20,,3,,HIGH,reidin
Golden Mile,512,2,1635.9,2021-12-20,,5,,HIGH,reidin
Al Shamsi,G57,3,2981.92,2021-12-19,,G,,HIGH,reidin
The Fairmont Palm Residences,111,3,2637.16,2021-12-19,,1,,HIGH,reidin
Al Basri,305,2,1550.0,2021-12-16,,3,,HIGH,reidin
The Fairmont Palm Residences,102,1,1376.38,2021-12-16,,1,,HIGH,reidin
The 8,TPTGAIN08,,1256.36,2021-12-16,,nan,,HIGH,reidin
The 8,TPTGAIN09A,,3689.97,2021-12-16,,G,,HIGH,reidin
Al Murjan,1104,2,1743.75,2021-12-15,,11,,HIGH,reidin
Kempinski Residences,G15,2,1776.04,2021-12-14,,G,,HIGH,reidin
The 8,TPTGDIN10A,,314.41,2021-12-14,,G,,HIGH,reidin
Golden Mile,112,2,3835.07,2021-12-14,,1,,HIGH,reidin
Al Khayali,108,2,2045.14,2021-12-13,,1,,HIGH,reidin
Al Nabat,1009,2,1776.04,2021-12-13,,10,,HIGH,reidin
Golden Mile,3109,2,2595.28,2021-12-13,,1,,HIGH,reidin
Golden Mile,807,1,1098.24,2021-12-13,,8,,HIGH,reidin
Al Shamsi,606,,2927.24,2021-12-12,,6,,HIGH,reidin
The Fairmont Palm Residences,523,2,1765.28,2021-12-12,,5,,HIGH,reidin
Al Msalli,804,1,1140.97,2021-12-12,,8,,HIGH,reidin
Al Murjan,309,2,1937.5,2021-12-12,,3,,HIGH,reidin
The 8,TPTGAIN28,,845.29,2021-12-09,,nan,,HIGH,reidin
Kempinski Residences,G05,2,1959.03,2021-12-09,,G,,HIGH,reidin
Al Malak,907B,1,2528.01,2021-12-08,,9,,HIGH,reidin
Golden Mile,5209,2,1786.81,2021-12-07,,2,,HIGH,reidin
Al Ramth,TH06,2,4079.52,2021-12-06,,LG,,HIGH,reidin
Al Murjan,1306,3,4057.99,2021-12-06,,13,,HIGH,reidin
Al Anbara,R001,,4088.56,2021-12-05,,B1,,HIGH,reidin
Al Shirawi,510,3,2163.54,2021-11-30,,5,,HIGH,reidin
Golden Mile,301,1,1092.86,2021-11-30,,3,,HIGH,reidin
Al Hatmi,707,2,1991.32,2021-11-30,,7,,HIGH,reidin
Jash Hamad,212,2,1582.29,2021-11-29,,2,,HIGH,reidin
Golden Mile,7306,1,1291.67,2021-11-28,,3,,HIGH,reidin
Al Nabat,106,2,2002.09,2021-11-27,,1,,HIGH,reidin
Al Msalli,509,1,1140.97,2021-11-27,,5,,HIGH,reidin
Golden Mile,813,1,1074.24,2021-11-25,,8,,HIGH,reidin
Golden Mile,811,1,1092.21,2021-11-25,,8,,HIGH,reidin
Golden Mile,604,1,980.27,2021-11-25,,6,,HIGH,reidin
Al Ramth,TH04,2,3993.41,2021-11-25,,LG,,HIGH,reidin
Kempinski Residences,113,3,2938.01,2021-11-24,,1,,HIGH,reidin
The Fairmont Palm Residences,717,4,3175.35,2021-11-24,,7,,HIGH,reidin
Al Khushkar,1011,3,2185.07,2021-11-24,,10,,HIGH,reidin
Al Anbara,209,1,1140.97,2021-11-24,,2,,HIGH,reidin
Golden Mile,FB15,,1451.94,2021-11-24,,B1,,HIGH,reidin
The Fairmont Palm Residences,404,1,1388.65,2021-11-23,,4,,HIGH,reidin
Marina Residences,A306,2,1786.92,2021-11-22,,3,,HIGH,reidin
Seven Palm,30306,2,1743.75,2021-11-22,,3,,HIGH,reidin
Seven Palm,41507,2,1646.88,2021-11-22,,15,,HIGH,reidin
Serenia Residences,A806,2,1474.65,2021-11-22,,8,,HIGH,reidin
Golden Mile,4205,2,1808.34,2021-11-21,,2,,HIGH,reidin
Golden Mile,612,2,1635.9,2021-11-21,,6,,HIGH,reidin
Serenia Residences,A207,2,1334.72,2021-11-21,,2,,HIGH,reidin
Al Shamsi,402,2,1518.03,2021-11-20,,4,,HIGH,reidin
The Fairmont Palm Residences,316,3,3143.06,2021-11-20,,3,,HIGH,reidin
Al Khayali,107,3,2734.03,2021-11-20,,1,,HIGH,reidin
Seven Palm,30607,2,1646.88,2021-11-18,,6,,HIGH,reidin
Serenia Residences,A302,2,1621.26,2021-11-17,,3,,HIGH,reidin
Al Shirawi,310,3,2158.92,2021-11-16,,3,,HIGH,reidin
Marina Residences,G02N,2,1990.89,2021-11-15,,G,,HIGH,reidin
Azizi Mina,305,2,1657.64,2021-11-15,,3,,HIGH,reidin
Al Shirawi,702,3,2185.07,2021-11-14,,7,,HIGH,reidin
Azizi Mina,406,1,925.7,2021-11-14,,4,,HIGH,reidin
Royal Atlantis,409,2,1424.17,2021-11-14,,4,,HIGH,reidin
Marina Residences,715,1,1140.97,2021-11-14,,7,,HIGH,reidin
Golden Mile,804,1,980.27,2021-11-14,,8,,HIGH,reidin
Marina Residences,A401,2,1754.52,2021-11-11,,4,,HIGH,reidin
Seven Palm,30803,3,2766.32,2021-11-11,,8,,HIGH,reidin
Al Basri,210,3,2163.54,2021-11-11,,2,,HIGH,reidin
Golden Mile,2205,2,1797.57,2021-11-10,,2,,HIGH,reidin
Al Malak,405,3,2432.64,2021-11-10,,4,,HIGH,reidin
Seven Palm,31302,2,1948.27,2021-11-10,,13,,HIGH,reidin
Golden Mile,1304,1,1302.43,2021-11-10,,3,,HIGH,reidin
Azizi Mina,612,2,1517.71,2021-11-10,,6,,HIGH,reidin
Al Shamsi,240,2,1517.93,2021-11-09,,2,,HIGH,reidin
Al Habool,808,2,1550.0,2021-11-08,,8,,HIGH,reidin
Golden Mile,507,1,1116.97,2021-11-08,,5,,HIGH,reidin
Marina Residences,B305,1,1140.97,2021-11-07,,3,,HIGH,reidin
Kempinski Residences,303,2,1765.28,2021-11-04,,3,,HIGH,reidin
The 8,10011,4,5027.39,2021-11-04,,G,,HIGH,reidin
The 8,10018,2,2195.19,2021-11-04,,G,,HIGH,reidin
The 8,10007,4,4495.33,2021-11-04,,G,,HIGH,reidin
Al Msalli,B1022C,,436.05,2021-11-03,,LG,,HIGH,reidin
Seven Palm,40506,2,1743.75,2021-11-03,,5,,HIGH,reidin
Golden Mile,G105,3,3720.11,2021-11-01,,G,,HIGH,reidin
Al Msalli,610,3,2152.78,2021-11-01,,6,,HIGH,reidin
Golden Mile,7701,3,4876.05,2021-11-01,,7,,HIGH,reidin
Golden Mile,809,2,1664.74,2021-10-31,,8,,HIGH,reidin
Al Msalli,1003,3,2141.69,2021-10-31,,LP,,HIGH,reidin
Jash Hamad,705,2,1550.0,2021-10-30,,7,,HIGH,reidin
Kempinski Residences,424,2,1765.28,2021-10-28,,4,,HIGH,reidin
Al Msalli,612,2,1582.29,2021-10-28,,6,,HIGH,reidin
Kempinski Residences,217,2,1760.01,2021-10-28,,2,,HIGH,reidin
Al Hamri,1011,3,2185.07,2021-10-28,,LP,,HIGH,reidin
Al Sahab,PJFRO035,5,5343.95,2021-10-27,,nan,,HIGH,reidin
The Fairmont Palm Residences,202,1,1377.78,2021-10-27,,2,,HIGH,reidin
Marina Residences,C103,1,1119.45,2021-10-26,,1,,HIGH,reidin
Golden Mile,5303,2,1797.57,2021-10-26,,3,,HIGH,reidin
Al Malak,1009,2,1777.98,2021-10-26,,10,,HIGH,reidin
The Fairmont Palm Residences,412,2,1722.22,2021-10-25,,4,,HIGH,reidin
Golden Mile,1511,2,1797.57,2021-10-25,,5,,HIGH,reidin
Al Seef,PJFRM089,4,5000.05,2021-10-25,,nan,,HIGH,reidin
Al Sahab,PJFRO058,4,5000.05,2021-10-24,,nan,,HIGH,reidin
Al Sahab,PJFRO029,4,5000.05,2021-10-24,,nan,,HIGH,reidin
The Fairmont Palm Residences,503,1,1288.44,2021-10-20,,5,,HIGH,reidin
Al Hatmi,311,3,2217.36,2021-10-20,,3,,HIGH,reidin
Kempinski Residences,429,2,1765.28,2021-10-20,,4,,HIGH,reidin
Royal Atlantis,805,1,1142.8,2021-10-20,,8,,HIGH,reidin
Al Malak,305,3,2443.41,2021-10-19,,3,,HIGH,reidin
Balqis Residences,912,3,2884.73,2021-10-19,,9,,HIGH,reidin
Seven Palm,41501,4,5683.34,2021-10-18,,15,,HIGH,reidin
Al Nabat,PJFRN041A,5,6651.66,2021-10-17,,nan,,HIGH,reidin
Al Murjan,311,2,1950.2,2021-10-17,,3,,HIGH,reidin
Al Murjan,605,3,2443.41,2021-10-17,,6,,HIGH,reidin
The 8,20615,1,925.7,2021-10-17,,6,,HIGH,reidin
Al Msalli,E033,,7513.96,2021-10-17,,2,,HIGH,reidin
Al Msalli,F035B,,4426.87,2021-10-17,,1,,HIGH,reidin
Al Msalli,P024A,,660.04,2021-10-17,,G,,HIGH,reidin
The 8,TPTGD14,,1467.66,2021-10-16,,G,,HIGH,reidin
Al Basri,803,3,2163.54,2021-10-16,,8,,HIGH,reidin
Al Sultana,108,3,2238.89,2021-10-14,,1,,HIGH,reidin
Al Murjan,211,2,1948.27,2021-10-14,,2,,HIGH,reidin
Serenia Residences,B205,1,1054.86,2021-10-13,,2,,HIGH,reidin
Al Basri,PJFRF061,5,5343.95,2021-10-13,,nan,,HIGH,reidin
Golden Mile,6107,2,1937.5,2021-10-13,,1,,HIGH,reidin
Seven Palm,30501,4,5328.13,2021-10-11,,5,,HIGH,reidin
Al Nabat,405,3,2443.41,2021-10-11,,4,,HIGH,reidin
Golden Mile,709,2,1683.47,2021-10-10,,7,,HIGH,reidin
Al Hallawi,106,2,1550.0,2021-10-10,,1,,HIGH,reidin
Golden Mile,3706,,4445.49,2021-10-10,,7,,HIGH,reidin
Al Basri,PJFRF010,4,5000.05,2021-10-07,,nan,,HIGH,reidin
Al Nabat,1003,2,1776.04,2021-10-07,,10,,HIGH,reidin
Al Basri,905,2,1550.0,2021-10-07,,9,,HIGH,reidin
Marina Residences,C402,3,2563.53,2021-10-06,,4,,HIGH,reidin
Al Fahad,PJFRL079,3,5000.05,2021-10-06,,nan,,HIGH,reidin
The 8,TPTGAIN24,,1421.37,2021-10-06,,nan,,HIGH,reidin
The Fairmont Palm Residences,5V006,5,3799.66,2021-10-06,,nan,,HIGH,reidin
Al Basri,PJFRF026,4,5000.05,2021-10-05,,nan,,HIGH,reidin
Golden Mile,8107,2,1887.67,2021-10-05,,1,,HIGH,reidin
Al Fahad,PJFRL115,6,6999.98,2021-10-05,,nan,,HIGH,reidin
Al Ramth,TH08,2,4045.29,2021-10-05,,LG,,HIGH,reidin
Al Habool,102,3,2217.36,2021-10-05,,1,,HIGH,reidin
The Fairmont Palm Residences,618,3,4068.75,2021-10-04,,6,,HIGH,reidin
Golden Mile,5510,2,1794.34,2021-10-03,,5,,HIGH,reidin
Al Ramth,606,3,4053.47,2021-10-03,,6,,HIGH,reidin
The 8,20602,1,914.93,2021-10-03,,6,,HIGH,reidin
Al Shamsi,241,2,1517.93,2021-09-29,,2,,HIGH,reidin
Al Murjan,G05,2,2034.38,2021-09-28,,G,,HIGH,reidin
Al Sultana,101,2,1603.82,2021-09-28,,1,,HIGH,reidin
Al Basri,PJFRD069,6,6999.98,2021-09-28,,nan,,HIGH,reidin
Marina Residences,708,2,2012.85,2021-09-28,,7,,HIGH,reidin
Marina Residences,904,1,1142.7,2021-09-28,,9,,HIGH,reidin
Al Malak,PJFRE091,5,6999.98,2021-09-28,,nan,,HIGH,reidin
Al Mashraba,301,2,1950.2,2021-09-26,,3,,HIGH,reidin
Golden Mile,6211,2,1797.57,2021-09-26,,2,,HIGH,reidin
Al Sultana,PJFRP065,6,6999.98,2021-09-23,,nan,,HIGH,reidin
Al Malak,PJFRE048,4,5000.05,2021-09-23,,nan,,HIGH,reidin
Al Msalli,902,3,2185.07,2021-09-23,,9,,HIGH,reidin
Al Basri,PJFRF041,4,5000.05,2021-09-23,,nan,,HIGH,reidin
Club Vista Mare,126,0,602.78,2021-09-22,,1,,HIGH,reidin
Al Mashraba,702,2,1732.99,2021-09-22,,7,,HIGH,reidin
The Fairmont Palm Residences,5V061,5,3412.16,2021-09-21,,nan,,HIGH,reidin
Golden Mile,8105,2,2002.09,2021-09-21,,1,,HIGH,reidin
Golden Mile,GM2B8FB18A,,1387.04,2021-09-21,,B1,,HIGH,reidin
Serenia Residences,C207,1,1033.55,2021-09-21,,2,,HIGH,reidin
Al Ghaf,PJFRB038,4,6000.01,2021-09-20,,nan,,HIGH,reidin
Seven Palm,30008,2,3024.66,2021-09-20,,G,,HIGH,reidin
Kempinski Residences,V10,4,12856.94,2021-09-20,,nan,,HIGH,reidin
The Fairmont Palm Residences,903,1,1288.44,2021-09-20,,9,,HIGH,reidin
Serenia Residences,C104,2,1636.11,2021-09-19,,1,,HIGH,reidin
Kempinski Residences,G06,2,1969.79,2021-09-19,,G,,HIGH,reidin
Golden Mile,9705,3,3932.16,2021-09-18,,nan,,HIGH,reidin
Al Shirawi,PJFRGTP01A,6,11754.18,2021-09-16,,nan,,HIGH,reidin
Golden Mile,KS10,,422.27,2021-09-16,,B1,,HIGH,reidin
Golden Mile,211,1,1092.21,2021-09-15,,2,,HIGH,reidin
Al Basri,PJFRD023,4,5000.05,2021-09-14,,nan,,HIGH,reidin
Golden Mile,104,1,994.05,2021-09-14,,1,,HIGH,reidin
Al Msalli,303,3,2152.78,2021-09-14,,3,,HIGH,reidin
The 8,TPTFBIN19,,2206.17,2021-09-13,,1,,HIGH,reidin
The 8,TPTFBIN20,,2205.95,2021-09-13,,1,,HIGH,reidin
The 8,TPTFBIN23,,1537.3,2021-09-13,,1,,HIGH,reidin
The 8,TPTFBIN22,,1817.81,2021-09-13,,1,,HIGH,reidin
The 8,TPTFBIN18,,2229.1,2021-09-13,,1,,HIGH,reidin
The 8,TPTGBIN21,,3439.71,2021-09-13,,nan,,HIGH,reidin
The 8,TPTFBIN21,,2113.6,2021-09-13,,1,,HIGH,reidin
Azizi Mina,414,1,947.22,2021-09-12,,4,,HIGH,reidin
Golden Mile,5207,2,1883.68,2021-09-11,,2,,HIGH,reidin
Golden Mile,4706,,4434.73,2021-09-11,,7,,HIGH,reidin
Al Shirawi,PJFRGTP01D,6,11754.18,2021-09-09,,nan,,HIGH,reidin
Al Ramth,707,3,2443.41,2021-09-09,,7,,HIGH,reidin
Golden Mile,1502,2,1797.57,2021-09-09,,5,,HIGH,reidin
Marina Residences,802,1,1140.97,2021-09-08,,8,,HIGH,reidin
Al Mashraba,602,2,1732.99,2021-09-08,,6,,HIGH,reidin
Al Khushkar,1211,3,2185.07,2021-09-08,,LP,,HIGH,reidin
Al Khayali,709,2,1732.99,2021-09-07,,7,,HIGH,reidin
Serenia Residences,B201,3,5521.88,2021-09-07,,2,,HIGH,reidin
The 8,20502,1,914.93,2021-09-06,,5,,HIGH,reidin
Golden Mile,OF01,,1857.31,2021-09-06,,MEZ,,HIGH,reidin
Al Shirawi,810,3,2163.54,2021-09-06,,8,,HIGH,reidin
The 8,10303,1,1022.57,2021-09-06,,3,,HIGH,reidin
Golden Mile,304,1,994.05,2021-09-06,,3,,HIGH,reidin
Al Malak,909,2,1732.99,2021-09-05,,9,,HIGH,reidin
Golden Mile,3201,1,1302.43,2021-09-05,,2,,HIGH,reidin
Al Fahad,PJFRL048,4,5000.05,2021-09-05,,nan,,HIGH,reidin
Al Khushkar,303,3,2152.78,2021-09-05,,3,,HIGH,reidin
The 8,TPTGCIN08,,1525.03,2021-09-05,,G,,HIGH,reidin
Al Msalli,PH01,4,4843.76,2021-09-04,,LP,,HIGH,reidin
Serenia Residences,CG02,3,2787.85,2021-09-03,,G,,HIGH,reidin
The Fairmont Palm Residences,4V087,4,3137.68,2021-09-02,,nan,,HIGH,reidin
Al Shamsi,G28,3,3152.21,2021-09-02,,G,,HIGH,reidin
Balqis Residences,VILLAV09,4,9814.09,2021-09-02,,G,,HIGH,reidin
Al Hamri,PJFRITP001E,5,9567.71,2021-09-01,,nan,,HIGH,reidin
Golden Mile,RT12,,1205.66,2021-09-01,,B1,,HIGH,reidin
Al Ghaf,PJFRC117,8,8624.04,2021-09-01,,nan,,HIGH,reidin
Balqis Residences,VILLAV22,4,9773.62,2021-08-31,,G,,HIGH,reidin
Seven Palm,30808,3,2325.0,2021-08-31,,8,,HIGH,reidin
Al Sahab,PJFRO119,4,5000.05,2021-08-30,,nan,,HIGH,reidin
Golden Mile,1509,2,1786.81,2021-08-30,,5,,HIGH,reidin
Al Fahad,PJFRA028,4,5000.05,2021-08-29,,nan,,HIGH,reidin
Golden Mile,5703,,4682.3,2021-08-28,,7,,HIGH,reidin
Al Msalli,P027,,2028.03,2021-08-26,,G,,HIGH,reidin
Al Msalli,P025,,1546.99,2021-08-26,,G,,HIGH,reidin
Al Msalli,P026,,1546.02,2021-08-26,,G,,HIGH,reidin
The Fairmont Palm Residences,314,2,2055.9,2021-08-26,,3,,HIGH,reidin
Al Basri,PJFRD102,6,6999.98,2021-08-25,,nan,,HIGH,reidin
Al Sahab,PJFRO004,4,5000.05,2021-08-24,,nan,,HIGH,reidin
Serenia Residences,B707,2,1571.53,2021-08-24,,7,,HIGH,reidin
Golden Mile,8311,2,1794.34,2021-08-24,,3,,HIGH,reidin
Golden Mile,805,1,976.5,2021-08-24,,8,,HIGH,reidin
Al Shamsi,RETAIL4,,902.12,2021-08-23,,G,,HIGH,reidin
Al Shamsi,RETAIL2,,814.61,2021-08-23,,G,,HIGH,reidin
Al Shamsi,RETAIL3,,915.79,2021-08-23,,G,,HIGH,reidin
Al Shamsi,RETAIL1,,554.56,2021-08-23,,G,,HIGH,reidin
Golden Mile,110,1,1004.27,2021-08-23,,1,,HIGH,reidin
Al Basri,PJFRD073,5,6999.98,2021-08-23,,nan,,HIGH,reidin
Al Malak,706,3,4057.99,2021-08-22,,7,,HIGH,reidin
Balqis Residences,1003,4,6382.35,2021-08-22,,10,,HIGH,reidin
Al Murjan,111,2,1980.56,2021-08-22,,1,,HIGH,reidin
Al Khushkar,408,2,1550.0,2021-08-21,,4,,HIGH,reidin
Serenia Residences,A411,1,1205.56,2021-08-21,,4,,HIGH,reidin
Al Khayali,1311,2,2023.61,2021-08-19,,13,,HIGH,reidin
Azizi Mina,119,1,861.11,2021-08-18,,1,,HIGH,reidin
Marina Residences,404,1,1142.7,2021-08-16,,4,,HIGH,reidin
The 8,10601,2,1323.96,2021-08-15,,6,,HIGH,reidin
Azizi Mina,722,2,1367.02,2021-08-14,,7,,HIGH,reidin
Royal Atlantis,707,1,1119.45,2021-08-11,,7,,HIGH,reidin
Al Ghaf,PJFRC014,4,5000.05,2021-08-11,,nan,,HIGH,reidin
Balqis Residences,VILLAV25,5,13912.56,2021-08-11,,G,,HIGH,reidin
Al Habool,905,2,1550.0,2021-08-10,,9,,HIGH,reidin
Marina Residences,G04S,2,2212.84,2021-08-10,,G,,HIGH,reidin
Al Sahab,PJFRO037,6,6999.98,2021-08-10,,nan,,HIGH,reidin
Royal Atlantis,201,1,861.11,2021-08-09,,2,,HIGH,reidin
Golden Mile,908,1,1118.15,2021-08-09,,9,,HIGH,reidin
The 8,TPTFBIN11,,2462.03,2021-08-09,,1,,HIGH,reidin
The 8,TPTGBIN11,,3696.11,2021-08-09,,nan,,HIGH,reidin
Al Shirawi,PH07,4,5249.34,2021-08-08,,LP,,HIGH,reidin
Al Malak,311,2,1948.27,2021-08-08,,3,,HIGH,reidin
Al Sultana,PJFRP047,5,5343.95,2021-08-08,,nan,,HIGH,reidin
Al Basri,PJFRD040,6,6999.98,2021-08-04,,nan,,HIGH,reidin
Al Khayali,208,2,2034.38,2021-08-04,,2,,HIGH,reidin
The Fairmont Palm Residences,5V072,5,3336.81,2021-08-03,,nan,,HIGH,reidin
Al Khayali,1310,2,1778.09,2021-08-02,,13,,HIGH,reidin
Golden Mile,310,1,1105.99,2021-08-01,,3,,HIGH,reidin
Al Msalli,1005,2,1550.0,2021-08-01,,LP,,HIGH,reidin
Al Hallawi,1010,3,2142.02,2021-07-28,,10,,HIGH,reidin
Golden Mile,812,2,1635.9,2021-07-28,,8,,HIGH,reidin
Azizi Mina,318,1,1108.68,2021-07-27,,3,,HIGH,reidin
Al Shirawi,PJFRGTP01B,6,11808.0,2021-07-27,,nan,,HIGH,reidin
The Fairmont Palm Residences,P213,,4625.36,2021-07-27,,10,,HIGH,reidin
Golden Mile,305,1,990.28,2021-07-27,,3,,HIGH,reidin
Al Seef,PJFRM090,6,6999.98,2021-07-26,,nan,,HIGH,reidin
The Fairmont Palm Residences,319,2,1722.22,2021-07-26,,3,,HIGH,reidin
Marina Residences,705S,2,1980.23,2021-07-26,,7,,HIGH,reidin
Al Basri,PJFRD074,4,5000.05,2021-07-26,,nan,,HIGH,reidin
Golden Mile,510,1,1105.99,2021-07-26,,5,,HIGH,reidin
Golden Mile,4302,2,1797.57,2021-07-26,,3,,HIGH,reidin
The 8,TPTFBIN05,,3639.81,2021-07-25,,1,,HIGH,reidin
The 8,TPTGBIN05,,5479.26,2021-07-25,,nan,,HIGH,reidin
The Fairmont Palm Residences,222,2,1722.22,2021-07-25,,2,,HIGH,reidin
Al Habool,PH01,4,4840.1,2021-07-25,,LP,,HIGH,reidin
Royal Atlantis,407,1,942.49,2021-07-25,,4,,HIGH,reidin
Al Seef,PJFRM107,6,6999.98,2021-07-25,,nan,,HIGH,reidin
The Fairmont Palm Residences,109,1,1356.25,2021-07-25,,1,,HIGH,reidin
Al Ramth,105,3,2734.03,2021-07-24,,1,,HIGH,reidin
Golden Mile,9206,1,1291.67,2021-07-18,,2,,HIGH,reidin
Al Ghaf,PJFRC038,4,6000.01,2021-07-18,,nan,,HIGH,reidin
Al Sahab,PJFRO105,5,5460.96,2021-07-18,,nan,,HIGH,reidin
Al Nabat,1002,2,1776.04,2021-07-17,,10,,HIGH,reidin
Seven Palm,40909,2,2230.5,2021-07-16,,9,,HIGH,reidin
Al Malak,104,2,2045.14,2021-07-15,,1,,HIGH,reidin
Marina Residences,101N,3,2430.27,2021-07-15,,1,,HIGH,reidin
Al Msalli,F019C,,1463.03,2021-07-15,,1,,HIGH,reidin
Al Seef,PJFRM052,4,6000.01,2021-07-15,,nan,,HIGH,reidin
Golden Mile,1001,1,1074.13,2021-07-14,,10,,HIGH,reidin
Al Basri,PJFRF039,4,5000.05,2021-07-13,,nan,,HIGH,reidin
The 8,CG12,,269.1,2021-07-12,,G,,HIGH,reidin
Al Mashraba,1007,3,2529.52,2021-07-12,,10,,HIGH,reidin
Al Msalli,F026,,2803.03,2021-07-12,,1,,HIGH,reidin
Golden Mile,605,1,976.5,2021-07-12,,6,,HIGH,reidin
Al Ramth,605,3,2443.41,2021-07-11,,6,,HIGH,reidin
Al Nabat,1210,2,1776.04,2021-07-10,,12,,HIGH,reidin
Serenia Residences,C607,1,1033.55,2021-07-10,,6,,HIGH,reidin
Golden Mile,905,1,990.28,2021-07-08,,9,,HIGH,reidin
Golden Mile,611,1,1092.21,2021-07-08,,6,,HIGH,reidin
The Fairmont Palm Residences,5V085,5,3880.39,2021-07-08,,nan,,HIGH,reidin
Al Khushkar,510,3,2156.87,2021-07-08,,5,,HIGH,reidin
Seven Palm,31202,3,2777.09,2021-07-06,,12,,HIGH,reidin
Jash Hamad,701,2,1582.29,2021-07-06,,7,,HIGH,reidin
Al Basri,PJFRD009,4,5000.05,2021-07-06,,nan,,HIGH,reidin
Golden Mile,511,1,1105.99,2021-07-06,,5,,HIGH,reidin
Marina Residences,104S,2,1767.97,2021-07-05,,1,,HIGH,reidin
Al Malak,PJFRE084,4,5000.05,2021-07-05,,nan,,HIGH,reidin
Al Anbara,611,3,2217.36,2021-07-05,,6,,HIGH,reidin
Marina Residences,402N,2,1980.13,2021-07-05,,4,,HIGH,reidin
The Fairmont Palm Residences,207,1,1356.25,2021-07-04,,2,,HIGH,reidin
Al Hallawi,1011,3,2185.07,2021-07-04,,10,,HIGH,reidin
Golden Mile,1009,2,1664.74,2021-07-04,,10,,HIGH,reidin
Al Shirawi,604,1,1140.97,2021-07-04,,6,,HIGH,reidin
Marina Residences,AG02,2,2480.0,2021-07-03,,G,,HIGH,reidin
Al Murjan,1405,4,10258.0,2021-07-03,,14,,HIGH,reidin
Golden Mile,5210,2,1797.57,2021-07-01,,2,,HIGH,reidin
Al Mashraba,1404,4,6820.44,2021-07-01,,14,,HIGH,reidin
Al Malak,PJFRE121,6,8019.11,2021-06-29,,nan,,HIGH,reidin
Al Basri,PJFRD122,4,5000.05,2021-06-29,,nan,,HIGH,reidin
Al Hallawi,901,2,1582.29,2021-06-29,,9,,HIGH,reidin
Golden Mile,1207,2,1883.68,2021-06-29,,2,,HIGH,reidin
Al Murjan,LG02,3,4768.41,2021-06-28,,LG,,HIGH,reidin
Serenia Residences,A711,1,1201.68,2021-06-28,,7,,HIGH,reidin
Al Hamri,809,1,1140.97,2021-06-26,,8,,HIGH,reidin
Golden Mile,810,1,1092.21,2021-06-24,,8,,HIGH,reidin
Al Basri,203,3,2163.54,2021-06-23,,2,,HIGH,reidin
Al Mashraba,TH03,2,4090.28,2021-06-23,,LG,,HIGH,reidin
Al Nabat,911,2,1872.92,2021-06-23,,9,,HIGH,reidin
Al Nabat,1204,2,1745.69,2021-06-23,,12,,HIGH,reidin
Al Shirawi,906,2,1991.32,2021-06-23,,9,,HIGH,reidin
Al Shirawi,1003,3,2142.02,2021-06-22,,10,,HIGH,reidin
Golden Mile,710,1,1105.99,2021-06-22,,7,,HIGH,reidin
Al Malak,PJFRE034,4,5000.05,2021-06-21,,nan,,HIGH,reidin
Golden Mile,2301,1,1302.43,2021-06-20,,3,,HIGH,reidin
Al Basri,PJFRD028,4,5000.05,2021-06-20,,nan,,HIGH,reidin
Al Fahad,PJFRL075,4,5000.05,2021-06-17,,nan,,HIGH,reidin
Seven Palm,50002,5,12324.67,2021-06-17,,G,,HIGH,reidin
The 8,TPTGBIN17,,4505.98,2021-06-14,,nan,,HIGH,reidin
The 8,TPTFBIN17,,3209.15,2021-06-14,,1,,HIGH,reidin
Golden Mile,704,1,994.05,2021-06-14,,7,,HIGH,reidin
Al Seef,PJFRM126,5,6999.98,2021-06-14,,nan,,HIGH,reidin
Al Seef,PJFRM042,6,6999.98,2021-06-14,,nan,,HIGH,reidin
Royal Atlantis,901,3,6652.09,2021-06-14,,9,,HIGH,reidin
Al Ramth,804,2,1743.75,2021-06-13,,8,,HIGH,reidin
Al Basri,PJFRD019,4,5000.05,2021-06-13,,nan,,HIGH,reidin
Al Anbara,505,2,1550.0,2021-06-10,,5,,HIGH,reidin
Al Msalli,B1015,,2521.01,2021-06-09,,LG,,HIGH,reidin
Kempinski Residences,G07,3,2960.07,2021-06-09,,G,,HIGH,reidin
Serenia Residences,CG01,3,5231.79,2021-06-09,,G,,HIGH,reidin
Serenia Residences,C602,3,2885.69,2021-06-09,,6,,HIGH,reidin
The 8,TPTFAIN17,,3208.29,2021-06-09,,1,,HIGH,reidin
Al Murjan,101,2,1980.56,2021-06-08,,1,,HIGH,reidin
The 8,TPTGBIN04,,4138.4,2021-06-07,,nan,,HIGH,reidin
The 8,TPTFBIN04,,2769.55,2021-06-07,,1,,HIGH,reidin
Al Hamri,511,3,2217.36,2021-06-07,,5,,HIGH,reidin
Al Fahad,PJFRL121,4,5000.05,2021-06-07,,nan,,HIGH,reidin
Golden Mile,5608,3,3328.63,2021-06-06,,6,,HIGH,reidin
Al Shamsi,RETAIL20,,1533.53,2021-06-06,,G,,HIGH,reidin
The Fairmont Palm Residences,5V015,5,3336.81,2021-06-05,,nan,,HIGH,reidin
Al Ghaf,PJFRB046,5,5343.95,2021-06-05,,nan,,HIGH,reidin
Al Anbara,410,3,2152.78,2021-06-03,,4,,HIGH,reidin
Al Basri,PJFRD103,4,5000.05,2021-06-03,,nan,,HIGH,reidin
The Fairmont Palm Residences,606,1,1280.9,2021-06-03,,6,,HIGH,reidin
Golden Mile,FB13,,2275.6,2021-06-02,,B1,,HIGH,reidin
Al Ramth,806,3,4053.47,2021-06-02,,8,,HIGH,reidin
The 8,TPTGBIN10,,3599.88,2021-06-02,,nan,,HIGH,reidin
The 8,TPTFBIN10,,2438.56,2021-06-02,,1,,HIGH,reidin
Seven Palm,30802,2,2077.43,2021-06-01,,8,,HIGH,reidin
Al Malak,TH05,2,3996.21,2021-06-01,,LG,,HIGH,reidin
Balqis Residences,403,2,1980.56,2021-06-01,,4,,HIGH,reidin
Al Ghaf,PJFRB041,4,6000.01,2021-06-01,,nan,,HIGH,reidin
Al Hallawi,408,2,1550.0,2021-06-01,,4,,HIGH,reidin
Al Sahab,PJFRO073,4,5000.05,2021-05-31,,nan,,HIGH,reidin
Al Murjan,705,3,2443.41,2021-05-31,,7,,HIGH,reidin
Serenia Residences,B207,2,1571.53,2021-05-31,,2,,HIGH,reidin
Al Hamri,PJFRITP001D,5,9244.79,2021-05-31,,nan,,HIGH,reidin
Al Malak,703,2,1734.93,2021-05-30,,7,,HIGH,reidin
Marina Residences,A303,3,3724.31,2021-05-30,,3,,HIGH,reidin
Marina Residences,106S,3,2430.17,2021-05-28,,1,,HIGH,reidin
Marina Residences,606S,3,2430.17,2021-05-28,,6,,HIGH,reidin
Al Msalli,710,3,2163.54,2021-05-27,,7,,HIGH,reidin
Balqis Residences,VILLAV17,5,13971.54,2021-05-27,,G,,HIGH,reidin
Al Hallawi,312,2,1582.29,2021-05-27,,3,,HIGH,reidin
Al Malak,1202,2,1776.04,2021-05-25,,12,,HIGH,reidin
The 8,CG26,,226.04,2021-05-25,,G,,HIGH,reidin
Golden Mile,10701,3,4881.21,2021-05-25,,7,,HIGH,reidin
The Fairmont Palm Residences,622,2,1717.38,2021-05-25,,6,,HIGH,reidin
Al Habool,1008,2,1550.0,2021-05-24,,LP,,HIGH,reidin
The Fairmont Palm Residences,706,5,7039.81,2021-05-23,,7,,HIGH,reidin
Al Ghaf,PJFRC126,4,5000.05,2021-05-23,,nan,,HIGH,reidin
Al Ghaf,PJFRB010,4,5000.05,2021-05-20,,nan,,HIGH,reidin
Oceana,PH1801,4,6108.73,2021-05-19,,18,,HIGH,reidin
Al Malak,PJFRE020,4,5000.05,2021-05-19,,nan,,HIGH,reidin
Al Ramth,411,2,1937.5,2021-05-18,,4,,HIGH,reidin
Golden Mile,OF14,,2567.41,2021-05-18,,MEZ,,HIGH,reidin
Al Murjan,TH01,2,4047.23,2021-05-17,,LG,,HIGH,reidin
The 8,10206,2,1334.72,2021-05-17,,2,,HIGH,reidin
Al Khayali,1309,2,1776.04,2021-05-16,,13,,HIGH,reidin
Jash Falqa,805,2,1550.0,2021-05-16,,8,,HIGH,reidin
Al Fahad,PJFRA039,4,5000.05,2021-05-10,,nan,,HIGH,reidin
Al Fahad,PJFRA073,6,6999.98,2021-05-10,,nan,,HIGH,reidin
Seven Palm,40408,1,1216.32,2021-05-10,,4,,HIGH,reidin
Seven Palm,30701,4,5328.13,2021-05-06,,7,,HIGH,reidin
Golden Mile,108,1,1118.15,2021-05-06,,1,,HIGH,reidin
The Fairmont Palm Residences,5V060,5,3336.81,2021-05-05,,nan,,HIGH,reidin
Al Mashraba,309,2,1937.5,2021-05-04,,3,,HIGH,reidin
Al Seef,PJFRM016,5,5343.95,2021-05-04,,nan,,HIGH,reidin
Marina Residences,C102,1,1119.45,2021-05-03,,1,,HIGH,reidin
Al Ghaf,PJFRB060,4,5000.05,2021-05-02,,nan,,HIGH,reidin
Golden Mile,5412,3,2421.88,2021-05-02,,4,,HIGH,reidin
Club Vista Mare,131,0,602.78,2021-05-02,,1,,HIGH,reidin
Al Ghaf,PJFRB004,3,5000.05,2021-04-29,,nan,,HIGH,reidin
Al Fahad,PJFRL080,5,5343.95,2021-04-28,,nan,,HIGH,reidin
Golden Mile,10504,1,1306.63,2021-04-28,,5,,HIGH,reidin
Al Sultana,PJFRP017,4,6000.01,2021-04-27,,nan,,HIGH,reidin
Al Sultana,PJFRP013,4,5000.05,2021-04-26,,nan,,HIGH,reidin
Al Nabat,703,2,1732.99,2021-04-26,,7,,HIGH,reidin
The Fairmont Palm Residences,5V004,5,3880.39,2021-04-25,,nan,,HIGH,reidin
Al Seef,PJFRM009,6,6999.98,2021-04-22,,nan,,HIGH,reidin
Al Fahad,PJFRL114,4,5000.05,2021-04-22,,nan,,HIGH,reidin
Al Basri,812,2,1582.29,2021-04-22,,8,,HIGH,reidin
Seven Palm,40301,4,4101.05,2021-04-22,,3,,HIGH,reidin
Al Malak,PJFRE099,5,6999.98,2021-04-22,,nan,,HIGH,reidin
Al Sahab,PJFRO133,5,5343.95,2021-04-21,,nan,,HIGH,reidin
Al Ramth,1208,2,1743.75,2021-04-21,,12,,HIGH,reidin
Al Basri,PJFRF064,6,6999.98,2021-04-20,,nan,,HIGH,reidin
Golden Mile,RT10A,,288.69,2021-04-20,,B1,,HIGH,reidin
Al Basri,903,3,2163.54,2021-04-20,,9,,HIGH,reidin
Serenia Residences,B705,1,1054.86,2021-04-20,,7,,HIGH,reidin
Golden Mile,FB12,,1704.03,2021-04-20,,B1,,HIGH,reidin
Marina Residences,505S,2,1980.23,2021-04-20,,5,,HIGH,reidin
Marina Residences,203N,2,1754.52,2021-04-20,,2,,HIGH,reidin
Golden Mile,9405,2,1806.51,2021-04-20,,4,,HIGH,reidin
Golden Mile,9105,2,2195.84,2021-04-18,,1,,HIGH,reidin
Al Ghaf,PJFRC076,4,5000.05,2021-04-18,,nan,,HIGH,reidin
Golden Mile,RT15,,3357.91,2021-04-18,,B1,,HIGH,reidin
Marina Residences,C403,3,2563.53,2021-04-16,,4,,HIGH,reidin
Al Nabat,202,2,2043.96,2021-04-15,,2,,HIGH,reidin
Serenia Residences,A311,1,1205.56,2021-04-15,,3,,HIGH,reidin
Club Vista Mare,106,0,602.78,2021-04-14,,1,,HIGH,reidin
Al Habool,PH06,4,5231.26,2021-04-14,,LP,,HIGH,reidin
Golden Mile,607,1,1098.24,2021-04-13,,6,,HIGH,reidin
Al Murjan,1001,2,1872.92,2021-04-12,,10,,HIGH,reidin
Al Seef,PJFRM113,6,13002.79,2021-04-11,,nan,,HIGH,reidin
The 8,20409,3,1700.7,2021-04-10,,4,,HIGH,reidin
Al Murjan,608,2,1743.75,2021-04-08,,6,,HIGH,reidin
Al Ghaf,PJFRC112,4,5000.05,2021-04-08,,nan,,HIGH,reidin
Golden Mile,907,1,1116.97,2021-04-07,,9,,HIGH,reidin
Marina Residences,AG04,2,3605.91,2021-04-07,,G,,HIGH,reidin
Al Sultana,PJFRP088,6,6999.98,2021-04-06,,nan,,HIGH,reidin
Al Ghaf,PJFRB045,5,5343.95,2021-04-05,,nan,,HIGH,reidin
Marina Residences,C109,1,1119.45,2021-04-04,,1,,HIGH,reidin
Al Basri,PJFRD032,4,5000.05,2021-04-04,,nan,,HIGH,reidin
Marina Residences,209,1,1162.5,2021-04-04,,2,,HIGH,reidin
Al Ghaf,PJFRB083,4,6000.01,2021-04-04,,nan,,HIGH,reidin
Al Ghaf,PJFRC124,4,5000.05,2021-04-03,,nan,,HIGH,reidin
Al Ghaf,PJFRB069,5,5460.96,2021-03-30,,nan,,HIGH,reidin
Al Anbar,PJJPFJ05,7,11291.33,2021-03-30,,nan,,HIGH,reidin
Al Shamsi,G47,3,2981.92,2021-03-30,,G,,HIGH,reidin
Al Shirawi,PH01,4,4919.1,2021-03-29,,LP,,HIGH,reidin
Kempinski Residences,520,2,1786.81,2021-03-29,,5,,HIGH,reidin
Marina Residences,105S,2,1980.23,2021-03-29,,1,,HIGH,reidin
Al Khushkar,1112,2,1593.06,2021-03-28,,11,,HIGH,reidin
Kempinski Residences,214,2,1754.52,2021-03-28,,2,,HIGH,reidin
Al Basri,PJFRD006,4,5000.05,2021-03-28,,nan,,HIGH,reidin
Golden Mile,1003,1,848.2,2021-03-28,,10,,HIGH,reidin
Club Vista Mare,006,,9999.23,2021-03-24,,G,,HIGH,reidin
Al Ramth,1206,3,4057.99,2021-03-24,,12,,HIGH,reidin
The 8,TPTGBIN20,,3364.69,2021-03-22,,nan,,HIGH,reidin
Al Mashraba,806,3,4057.99,2021-03-22,,8,,HIGH,reidin
Al Murjan,201,2,1948.27,2021-03-21,,2,,HIGH,reidin
Al Basri,PJFRF042,5,5343.95,2021-03-20,,nan,,HIGH,reidin
Royal Atlantis,608,2,1474.65,2021-03-18,,6,,HIGH,reidin
Al Shamsi,312,1,1059.49,2021-03-18,,3,,HIGH,reidin
Al Sahab,PJFRO039,4,5000.05,2021-03-18,,nan,,HIGH,reidin
Al Shamsi,G22,3,3160.17,2021-03-17,,G,,HIGH,reidin
Golden Mile,1007,1,1098.24,2021-03-17,,10,,HIGH,reidin
Golden Mile,FB08,,664.99,2021-03-17,,B1,,HIGH,reidin
Al Murjan,104,2,2045.14,2021-03-16,,1,,HIGH,reidin
Al Habool,104,1,1140.97,2021-03-16,,1,,HIGH,reidin
Seven Palm,31506,2,1743.75,2021-03-16,,15,,HIGH,reidin
Marina Residences,C301,2,1754.52,2021-03-15,,3,,HIGH,reidin
Al Basri,J2,1,720.21,2021-03-15,,1,,HIGH,reidin
The 8,407,3,1606.19,2021-03-14,,4,,HIGH,reidin
The 8,511,2,1214.49,2021-03-14,,5,,HIGH,reidin
The 8,411,2,1211.8,2021-03-14,,4,,HIGH,reidin
The 8,514,2,1233.76,2021-03-14,,5,,HIGH,reidin
The 8,213,2,1211.91,2021-03-14,,2,,HIGH,reidin
The 8,415,1,859.61,2021-03-14,,4,,HIGH,reidin
The 8,501,2,1387.47,2021-03-14,,5,,HIGH,reidin
The 8,118,1,861.11,2021-03-14,,1,,HIGH,reidin
The 8,211,2,1214.71,2021-03-14,,2,,HIGH,reidin
The 8,505,1,1005.13,2021-03-14,,5,,HIGH,reidin
The 8,605,3,2625.96,2021-03-14,,6,,HIGH,reidin
The 8,209,3,1609.31,2021-03-14,,2,,HIGH,reidin
The 8,104,1,870.26,2021-03-14,,1,,HIGH,reidin
The 8,208,3,2013.93,2021-03-14,,2,,HIGH,reidin
The 8,204,1,875.0,2021-03-14,,2,,HIGH,reidin
The 8,510,2,1218.47,2021-03-14,,5,,HIGH,reidin
The 8,306,2,1235.91,2021-03-14,,3,,HIGH,reidin
The 8,205,2,1240.65,2021-03-14,,2,,HIGH,reidin
The 8,206,2,1234.19,2021-03-14,,2,,HIGH,reidin
The 8,214,2,1239.68,2021-03-14,,2,,HIGH,reidin
The 8,301,1,865.74,2021-03-14,,3,,HIGH,reidin
The 8,405,1,1149.15,2021-03-14,,4,,HIGH,reidin
The 8,115,2,1240.0,2021-03-14,,1,,HIGH,reidin
The 8,108,2,1915.76,2021-03-14,,1,,HIGH,reidin
The 8,404,2,1234.19,2021-03-14,,4,,HIGH,reidin
The 8,402,2,1695.85,2021-03-14,,4,,HIGH,reidin
The 8,G02,1,1717.06,2021-03-14,,G,,HIGH,reidin
The 8,315,1,846.47,2021-03-14,,3,,HIGH,reidin
The 8,G04,1,1780.78,2021-03-14,,G,,HIGH,reidin
The 8,111,2,1225.04,2021-03-14,,1,,HIGH,reidin
The 8,408,1,857.34,2021-03-14,,4,,HIGH,reidin
The 8,606,3,1605.87,2021-03-14,,6,,HIGH,reidin
The 8,203,1,1008.04,2021-03-14,,2,,HIGH,reidin
The 8,314,2,1240.22,2021-03-14,,3,,HIGH,reidin
The 8,G07,1,936.89,2021-03-14,,G,,HIGH,reidin
The 8,313,2,1212.23,2021-03-14,,3,,HIGH,reidin
The 8,G10,1,1093.72,2021-03-14,,G,,HIGH,reidin
The 8,107,1,1543.44,2021-03-14,,1,,HIGH,reidin
The 8,307,2,1376.38,2021-03-14,,3,,HIGH,reidin
The 8,305,2,1237.96,2021-03-14,,3,,HIGH,reidin
The 8,308,3,1785.09,2021-03-14,,3,,HIGH,reidin
The 8,114,2,1211.91,2021-03-14,,1,,HIGH,reidin
The 8,410,2,1217.72,2021-03-14,,4,,HIGH,reidin
The 8,412,2,1238.71,2021-03-14,,4,,HIGH,reidin
The 8,604,2,1235.59,2021-03-14,,6,,HIGH,reidin
The 8,603,2,1236.99,2021-03-14,,6,,HIGH,reidin
The 8,602,1,1269.92,2021-03-14,,6,,HIGH,reidin
The 8,112,2,1214.71,2021-03-14,,1,,HIGH,reidin
The 8,G12,1,1710.92,2021-03-14,,G,,HIGH,reidin
The 8,311,2,1214.49,2021-03-14,,3,,HIGH,reidin
The 8,601,1,1195.55,2021-03-14,,6,,HIGH,reidin
The 8,G15,2,2583.55,2021-03-14,,G,,HIGH,reidin
The 8,G16,2,2165.05,2021-03-14,,G,,HIGH,reidin
The 8,310,2,1223.96,2021-03-14,,3,,HIGH,reidin
The 8,304,1,869.18,2021-03-14,,3,,HIGH,reidin
The 8,413,1,844.54,2021-03-14,,4,,HIGH,reidin
The 8,414,1,844.75,2021-03-14,,4,,HIGH,reidin
The 8,513,2,1221.38,2021-03-14,,5,,HIGH,reidin
The 8,512,2,1240.65,2021-03-14,,5,,HIGH,reidin
The 8,506,3,1807.37,2021-03-14,,5,,HIGH,reidin
The 8,102,1,1012.34,2021-03-14,,1,,HIGH,reidin
The 8,502,2,1379.18,2021-03-14,,5,,HIGH,reidin
The 8,503,2,1237.2,2021-03-14,,5,,HIGH,reidin
The 8,504,2,1237.42,2021-03-14,,5,,HIGH,reidin
The 8,210,2,1223.64,2021-03-14,,2,,HIGH,reidin
The 8,312,2,1217.18,2021-03-14,,3,,HIGH,reidin
The 8,409,2,1215.78,2021-03-14,,4,,HIGH,reidin
The 8,G08,1,1031.94,2021-03-14,,G,,HIGH,reidin
The 8,607,1,854.87,2021-03-14,,6,,HIGH,reidin
The 8,G06,1,949.91,2021-03-14,,G,,HIGH,reidin
The 8,508,1,854.12,2021-03-14,,5,,HIGH,reidin
The 8,202,1,1008.25,2021-03-14,,2,,HIGH,reidin
The 8,G05,1,931.72,2021-03-14,,G,,HIGH,reidin
The 8,316,1,847.33,2021-03-14,,3,,HIGH,reidin
The 8,317,1,855.51,2021-03-14,,3,,HIGH,reidin
The 8,401,2,1600.16,2021-03-14,,4,,HIGH,reidin
The 8,113,2,1217.94,2021-03-14,,1,,HIGH,reidin
The 8,110,2,1219.01,2021-03-14,,1,,HIGH,reidin
The 8,701,4,3503.11,2021-03-14,,7,,HIGH,reidin
The 8,403,2,1237.2,2021-03-14,,4,,HIGH,reidin
The 8,109,2,1271.43,2021-03-14,,1,,HIGH,reidin
The 8,207,2,1623.95,2021-03-14,,2,,HIGH,reidin
The 8,201,1,857.78,2021-03-14,,2,,HIGH,reidin
The 8,117,1,839.05,2021-03-14,,1,,HIGH,reidin
The 8,215,1,848.09,2021-03-14,,2,,HIGH,reidin
The 8,216,1,845.18,2021-03-14,,2,,HIGH,reidin
The 8,302,1,1008.79,2021-03-14,,3,,HIGH,reidin
The 8,611,2,1233.87,2021-03-14,,6,,HIGH,reidin
The 8,610,2,1228.59,2021-03-14,,6,,HIGH,reidin
The 8,116,1,836.79,2021-03-14,,1,,HIGH,reidin
The 8,303,1,1007.07,2021-03-14,,3,,HIGH,reidin
The 8,406,3,1994.12,2021-03-14,,4,,HIGH,reidin
The 8,609,2,1216.86,2021-03-14,,6,,HIGH,reidin
The 8,608,2,1215.46,2021-03-14,,6,,HIGH,reidin
The 8,509,2,1215.67,2021-03-14,,5,,HIGH,reidin
The 8,103,1,1010.41,2021-03-14,,1,,HIGH,reidin
The 8,G17,2,1563.56,2021-03-14,,G,,HIGH,reidin
The 8,105,2,1412.22,2021-03-14,,1,,HIGH,reidin
Al Basri,PJFRF044,4,5000.05,2021-03-14,,nan,,HIGH,reidin
The 8,106,1,833.13,2021-03-14,,1,,HIGH,reidin
The 8,309,3,1611.36,2021-03-14,,3,,HIGH,reidin
The 8,507,3,1605.11,2021-03-14,,5,,HIGH,reidin
The 8,G14,2,2607.45,2021-03-14,,G,,HIGH,reidin
The 8,G13,2,2620.15,2021-03-14,,G,,HIGH,reidin
The 8,G11,1,1038.39,2021-03-14,,G,,HIGH,reidin
The 8,212,2,1218.15,2021-03-14,,2,,HIGH,reidin
Al Fahad,PJFRA055,6,6999.98,2021-03-11,,nan,,HIGH,reidin
Al Msalli,F060,,2497.01,2021-03-10,,1,,HIGH,reidin
Serenia Residences,B301,3,5511.12,2021-03-10,,3,,HIGH,reidin
Al Msalli,P050,,2517.03,2021-03-10,,G,,HIGH,reidin
Al Msalli,F061,,2515.95,2021-03-10,,1,,HIGH,reidin
Seven Palm,30906,2,1743.75,2021-03-09,,9,,HIGH,reidin
Al Mashraba,503,2,1732.99,2021-03-09,,5,,HIGH,reidin
Al Ramth,406,3,4053.47,2021-03-09,,4,,HIGH,reidin
Oceana,VILLAC,5,12629.93,2021-03-09,,nan,,HIGH,reidin
Al Mashraba,1203,2,1776.04,2021-03-08,,12,,HIGH,reidin
Serenia Residences,A612,2,1604.9,2021-03-07,,6,,HIGH,reidin
Serenia Residences,A205,1,1070.79,2021-03-07,,2,,HIGH,reidin
Al Habool,307,2,1997.89,2021-03-04,,3,,HIGH,reidin
The 8,10507,2,1334.72,2021-03-04,,5,,HIGH,reidin
Al Habool,606,2,1991.32,2021-03-04,,6,,HIGH,reidin
Al Ghaf,PJFRB105,4,5000.05,2021-03-04,,nan,,HIGH,reidin
Al Anbara,409,1,1140.97,2021-03-02,,4,,HIGH,reidin
The 8,20310,2,1743.75,2021-03-02,,3,,HIGH,reidin
Golden Mile,802,1,867.68,2021-03-02,,8,,HIGH,reidin
Golden Mile,7411,2,1794.34,2021-03-02,,4,,HIGH,reidin
Marina Residences,A505,2,1817.16,2021-02-28,,5,,HIGH,reidin
The 8,10304,1,871.88,2021-02-28,,3,,HIGH,reidin
Al Mashraba,401,2,1937.5,2021-02-27,,4,,HIGH,reidin
Al Nabat,PJFRN021A,5,5080.67,2021-02-25,,nan,,HIGH,reidin
Al Ghaf,PJFRB056,4,5000.05,2021-02-25,,nan,,HIGH,reidin
The 8,10607,2,1304.05,2021-02-25,,6,,HIGH,reidin
Al Fahad,PJFRL045,4,5000.05,2021-02-25,,nan,,HIGH,reidin
Al Sultana,PH07,4,5231.26,2021-02-25,,LP,,HIGH,reidin
The 8,20104,2,1333.86,2021-02-25,,1,,HIGH,reidin
Al Ramth,502,2,1732.99,2021-02-25,,5,,HIGH,reidin
Golden Mile,3211,2,1794.34,2021-02-25,,2,,HIGH,reidin
Royal Atlantis,402,1,1065.63,2021-02-25,,4,,HIGH,reidin
Al Basri,PJFRD035,4,5000.05,2021-02-24,,nan,,HIGH,reidin
Al Sultana,PJFRP053,6,6999.98,2021-02-23,,nan,,HIGH,reidin
Kempinski Residences,502,3,1765.28,2021-02-23,,5,,HIGH,reidin
Golden Mile,5202,2,1799.08,2021-02-22,,2,,HIGH,reidin
Golden Mile,308,1,1118.15,2021-02-21,,3,,HIGH,reidin
Al Msalli,B1014,,2699.05,2021-02-17,,LG,,HIGH,reidin
Serenia Residences,B405,1,1054.86,2021-02-16,,4,,HIGH,reidin
Serenia Residences,A312,2,1604.9,2021-02-16,,3,,HIGH,reidin
Al Sultana,PJFRP009,5,6999.98,2021-02-15,,nan,,HIGH,reidin
Al Shirawi,512,2,1582.29,2021-02-15,,5,,HIGH,reidin
Seven Palm,41006,2,1743.75,2021-02-15,,10,,HIGH,reidin
Golden Mile,408,1,1099.21,2021-02-15,,4,,HIGH,reidin
Kempinski Residences,306,3,2566.01,2021-02-15,,3,,HIGH,reidin
Al Habool,408,2,1550.0,2021-02-14,,4,,HIGH,reidin
Al Murjan,804,2,1743.75,2021-02-14,,8,,HIGH,reidin
Balqis Residences,VILLAV02,4,9820.66,2021-02-14,,G,,HIGH,reidin
Marina Residences,1015,1,1140.97,2021-02-14,,10,,HIGH,reidin
Golden Mile,FB01,,2996.13,2021-02-14,,B1,,HIGH,reidin
Al Fahad,PJFRA001,6,6999.98,2021-02-14,,nan,,HIGH,reidin
Serenia Residences,C202,3,2884.73,2021-02-14,,2,,HIGH,reidin
Al Malak,301,2,1948.27,2021-02-14,,3,,HIGH,reidin
Al Nabat,PJFRN077B,5,5069.8,2021-02-11,,nan,,HIGH,reidin
Al Seef,PJFRM006,4,5000.05,2021-02-11,,nan,,HIGH,reidin
Al Khayali,1111,2,2023.61,2021-02-11,,11,,HIGH,reidin
Seven Palm,40704,2,1948.27,2021-02-11,,7,,HIGH,reidin
Al Mashraba,808,2,1743.75,2021-02-10,,8,,HIGH,reidin
Golden Mile,7702,3,4359.38,2021-02-10,,7,,HIGH,reidin
Serenia Residences,C306,2,1722.22,2021-02-09,,3,,HIGH,reidin
Al Malak,503,2,1732.99,2021-02-09,,5,,HIGH,reidin
Al Murjan,709,2,1732.99,2021-02-08,,7,,HIGH,reidin
Al Khayali,PJFRC100,6,6999.98,2021-02-08,,nan,,HIGH,reidin
Golden Mile,603,1,848.2,2021-02-08,,6,,HIGH,reidin
Al Shamsi,136,1,1020.42,2021-02-07,,1,,HIGH,reidin
The Fairmont Palm Residences,413,3,3035.42,2021-02-07,,4,,HIGH,reidin
Al Fahad,PJFRL102,4,5000.05,2021-02-07,,nan,,HIGH,reidin
Al Shamsi,138,1,1021.92,2021-02-07,,1,,HIGH,reidin
Al Sultana,211,3,2195.84,2021-02-07,,2,,HIGH,reidin
Golden Mile,3503,2,1797.57,2021-02-06,,5,,HIGH,reidin
Al Ramth,1004,2,1745.69,2021-02-04,,10,,HIGH,reidin
Al Khayali,PJFRC134,6,6999.98,2021-02-04,,nan,,HIGH,reidin
Al Ghaf,PJFRB078,5,5343.95,2021-02-03,,nan,,HIGH,reidin
Al Fahad,PJFRL120,4,5000.05,2021-02-02,,nan,,HIGH,reidin
The Fairmont Palm Residences,226,2,2195.84,2021-02-02,,2,,HIGH,reidin
Al Shamsi,346,1,1058.95,2021-02-02,,3,,HIGH,reidin
Jash Hamad,503,3,2223.18,2021-02-02,,5,,HIGH,reidin
Al Sahab,PJFRO137,5,5343.95,2021-02-01,,nan,,HIGH,reidin
Al Shamsi,345,1,1059.49,2021-02-01,,3,,HIGH,reidin
Al Shamsi,342,1,1140.54,2021-02-01,,3,,HIGH,reidin
Al Shamsi,343,1,1059.17,2021-02-01,,3,,HIGH,reidin
Al Shamsi,344,1,1059.38,2021-02-01,,3,,HIGH,reidin
Al Shamsi,354,1,1019.02,2021-02-01,,3,,HIGH,reidin
Al Shamsi,355,1,1020.31,2021-02-01,,3,,HIGH,reidin
Al Shamsi,356,1,1020.2,2021-02-01,,3,,HIGH,reidin
Al Shamsi,357,1,1022.25,2021-02-01,,3,,HIGH,reidin
Al Shamsi,358,1,1098.78,2021-02-01,,3,,HIGH,reidin
Al Shamsi,359,1,1101.25,2021-02-01,,3,,HIGH,reidin
Al Khayali,111,2,1980.56,2021-02-01,,1,,HIGH,reidin
Al Hamri,PJJPFI04,7,12696.99,2021-01-31,,nan,,HIGH,reidin
Al Malak,PJFRE054,5,5343.95,2021-01-31,,nan,,HIGH,reidin
The 8,20603,2,1323.96,2021-01-31,,6,,HIGH,reidin
Al Basri,PJFRF015,6,6999.98,2021-01-31,,nan,,HIGH,reidin
Golden Mile,5604,1,1302.43,2021-01-30,,6,,HIGH,reidin
Jash Hamad,611,3,2271.18,2021-01-30,,6,,HIGH,reidin
Kempinski Residences,531,3,4187.16,2021-01-28,,5,,HIGH,reidin
Al Sultana,PJFRP058,4,6000.01,2021-01-28,,nan,,HIGH,reidin
Balqis Residences,1009,2,1966.89,2021-01-28,,10,,HIGH,reidin
Club Vista Mare,132,0,602.78,2021-01-28,,1,,HIGH,reidin
Al Nabat,301,2,1593.06,2021-01-28,,3,,HIGH,reidin
The Fairmont Palm Residences,4V089,4,3100.0,2021-01-27,,nan,,HIGH,reidin
The Fairmont Palm Residences,5V031,5,3417.54,2021-01-27,,nan,,HIGH,reidin
The Fairmont Palm Residences,5V067,5,3336.81,2021-01-27,,nan,,HIGH,reidin
Al Basri,PJFRF081,6,6999.98,2021-01-27,,nan,,HIGH,reidin
The Fairmont Palm Residences,5V041,5,3379.86,2021-01-26,,nan,,HIGH,reidin
Golden Mile,508,1,1118.15,2021-01-25,,5,,HIGH,reidin
Balqis Residences,208,3,8255.91,2021-01-25,,2,,HIGH,reidin
Al Sultana,PJFRP018,6,6999.98,2021-01-25,,nan,,HIGH,reidin
The Fairmont Palm Residences,P209,,4818.24,2021-01-24,,10,,HIGH,reidin
Al Nabat,1107,3,2529.52,2021-01-24,,11,,HIGH,reidin
Al Sahab,PJFRO018,4,5000.05,2021-01-24,,nan,,HIGH,reidin
Al Murjan,604,2,1743.75,2021-01-24,,6,,HIGH,reidin
Golden Mile,411,1,1092.21,2021-01-24,,4,,HIGH,reidin
Al Shamsi,152,3,2164.51,2021-01-24,,1,,HIGH,reidin
The 8,10102,1,1012.99,2021-01-21,,1,,HIGH,reidin
Al Murjan,306,3,4053.36,2021-01-21,,3,,HIGH,reidin
Serenia Residences,A202,2,1625.35,2021-01-20,,2,,HIGH,reidin
Marina Residences,214,1,1140.97,2021-01-20,,2,,HIGH,reidin
Al Mashraba,803,2,1734.93,2021-01-19,,8,,HIGH,reidin
Al Khayali,906,3,4057.99,2021-01-19,,9,,HIGH,reidin
The Fairmont Palm Residences,5V052,5,3336.81,2021-01-19,,nan,,HIGH,reidin
Seven Palm,40508,1,1216.32,2021-01-18,,5,,HIGH,reidin
Al Fahad,PJFRL134,4,5000.05,2021-01-18,,nan,,HIGH,reidin
Al Malak,1402,4,6824.31,2021-01-18,,14,,HIGH,reidin
Marina Residences,603,1,1140.97,2021-01-18,,6,,HIGH,reidin
Al Mashraba,1109,2,1776.04,2021-01-17,,11,,HIGH,reidin
Al Malak,1210,2,1776.04,2021-01-16,,12,,HIGH,reidin
Golden Mile,4403,2,1797.57,2021-01-16,,4,,HIGH,reidin
Al Malak,PJFRE016,5,5460.96,2021-01-16,,nan,,HIGH,reidin
Golden Mile,501,1,1092.86,2021-01-14,,5,,HIGH,reidin
Al Malak,PJFRE114,4,5000.05,2021-01-14,,nan,,HIGH,reidin
Serenia Residences,A308,1,1065.63,2021-01-14,,3,,HIGH,reidin
Golden Mile,413,1,1074.24,2021-01-14,,4,,HIGH,reidin
The 8,10410,2,1334.72,2021-01-14,,4,,HIGH,reidin
Al Malak,LG02,3,4768.41,2021-01-14,,LG,,HIGH,reidin
Al Basri,PJFRD095,6,6999.98,2021-01-14,,nan,,HIGH,reidin
The Fairmont Palm Residences,5V012,5,3336.81,2021-01-13,,nan,,HIGH,reidin
Al Malak,PJFRE083,4,5000.05,2021-01-13,,nan,,HIGH,reidin
Al Basri,PJFRF038,4,5000.05,2021-01-13,,nan,,HIGH,reidin
Al Sahab,PJFRO074,4,5000.05,2021-01-13,,nan,,HIGH,reidin
Al Khayali,502,2,1735.25,2021-01-13,,5,,HIGH,reidin
Al Nabat,GF05,,929.79,2021-01-13,,1,,HIGH,reidin
The 8,20408,3,1732.99,2021-01-12,,4,,HIGH,reidin
Al Ghaf,PJFRC034,4,5000.05,2021-01-11,,nan,,HIGH,reidin
Al Khayali,LG01,3,2755.56,2021-01-11,,LG,,HIGH,reidin
Al Seef,PJFRM140,4,5000.05,2021-01-10,,nan,,HIGH,reidin
Al Fahad,PJFRA006,4,5000.05,2021-01-10,,nan,,HIGH,reidin
Al Murjan,210,2,2045.14,2021-01-10,,2,,HIGH,reidin
Al Basri,PJFRF071,6,6999.98,2021-01-10,,nan,,HIGH,reidin
Al Anbara,104,1,1140.97,2021-01-09,,1,,HIGH,reidin
Marina Residences,C503,2,1767.0,2021-01-09,,5,,HIGH,reidin
Al Fahad,PJFRL128,4,5000.05,2021-01-07,,nan,,HIGH,reidin
The 8,20306,3,1743.75,2021-01-07,,3,,HIGH,reidin
Golden Mile,10206,1,1291.67,2021-01-07,,2,,HIGH,reidin
Al Ghaf,PJFRB019,4,6000.01,2021-01-05,,nan,,HIGH,reidin
Golden Mile,3604,1,1306.63,2021-01-03,,6,,HIGH,reidin
Al Msalli,809,1,1140.97,2020-12-29,,8,,HIGH,reidin
Al Shamsi,G12,3,3153.82,2020-12-29,,G,,HIGH,reidin
Al Ramth,710,2,1732.99,2020-12-28,,7,,HIGH,reidin
Al Sultana,PJFRP037,5,6999.98,2020-12-27,,nan,,HIGH,reidin
Al Khayali,711,2,1872.92,2020-12-27,,7,,HIGH,reidin
Golden Mile,803,1,848.2,2020-12-27,,8,,HIGH,reidin
Al Shamsi,G03,3,4488.55,2020-12-27,,G,,HIGH,reidin
Al Shamsi,G02,3,4488.55,2020-12-24,,G,,HIGH,reidin
Al Shamsi,G60,3,3153.82,2020-12-24,,G,,HIGH,reidin
The Fairmont Palm Residences,416,2,1776.04,2020-12-23,,4,,HIGH,reidin
Al Msalli,F011A,,1753.01,2020-12-23,,1,,HIGH,reidin
Al Khushkar,702,3,2185.07,2020-12-22,,7,,HIGH,reidin
Golden Mile,904,1,994.05,2020-12-22,,9,,HIGH,reidin
Al Basri,PJFRD045,5,6999.98,2020-12-21,,nan,,HIGH,reidin
Seven Palm,30507,2,1646.88,2020-12-20,,5,,HIGH,reidin
Al Mashraba,407,3,2443.41,2020-12-16,,4,,HIGH,reidin
Golden Mile,402,1,867.68,2020-12-16,,4,,HIGH,reidin
Al Ghaf,PJFRB107,4,5000.05,2020-12-15,,nan,,HIGH,reidin
The 8,10015,3,3669.31,2020-12-14,,G,,HIGH,reidin
The 8,20610,2,1323.96,2020-12-13,,6,,HIGH,reidin
Al Mashraba,607,3,2443.41,2020-12-10,,6,,HIGH,reidin
Al Hallawi,809,1,1140.97,2020-12-09,,8,,HIGH,reidin
Al Fahad,PJFRL067,5,5343.95,2020-12-09,,nan,,HIGH,reidin
Royal Atlantis,710,1,1108.68,2020-12-08,,7,,HIGH,reidin
Al Khayali,1303,2,1776.04,2020-12-07,,13,,HIGH,reidin
Al Mashraba,1311,2,2023.61,2020-12-06,,13,,HIGH,reidin
Al Mashraba,1110,2,1776.04,2020-12-06,,11,,HIGH,reidin
Golden Mile,1011,1,1092.21,2020-12-06,,10,,HIGH,reidin
The Fairmont Palm Residences,5V029,5,3336.81,2020-12-06,,nan,,HIGH,reidin
Balqis Residences,913,2,1926.74,2020-12-06,,9,,HIGH,reidin
Al Khushkar,312,2,1585.85,2020-12-06,,3,,HIGH,reidin
The 8,TPTGBIN31,,410.75,2020-11-30,,nan,,HIGH,reidin
Serenia Residences,A401,1,936.46,2020-11-30,,4,,HIGH,reidin
Golden Mile,2207,2,1883.68,2020-11-30,,2,,HIGH,reidin
Golden Mile,311,1,1105.99,2020-11-29,,3,,HIGH,reidin
Al Malak,PJFRE007,5,6999.98,2020-11-29,,nan,,HIGH,reidin
Marina Residences,902S,,4792.09,2020-11-29,,9,,HIGH,reidin
Golden Mile,302,1,867.68,2020-11-26,,3,,HIGH,reidin
Marina Residences,508,2,2012.85,2020-11-26,,5,,HIGH,reidin
Al Fahad,PJFRL117,5,6999.98,2020-11-25,,nan,,HIGH,reidin
Golden Mile,513,1,1093.18,2020-11-25,,5,,HIGH,reidin
Al Hallawi,708,2,1550.0,2020-11-25,,7,,HIGH,reidin
Golden Mile,312,2,1635.9,2020-11-23,,3,,HIGH,reidin
Al Basri,206,2,2002.09,2020-11-23,,2,,HIGH,reidin
Marina Residences,C210,2,2055.9,2020-11-22,,2,,HIGH,reidin
Al Basri,PJFRF021,6,6999.98,2020-11-22,,nan,,HIGH,reidin
Al Ghaf,PJFRB014,4,5000.05,2020-11-21,,nan,,HIGH,reidin
Al Seef,PJFRM144,4,5000.05,2020-11-19,,nan,,HIGH,reidin
The 8,TPTGBIN27,,1422.56,2020-11-19,,nan,,HIGH,reidin
Golden Mile,7301,1,1302.43,2020-11-19,,3,,HIGH,reidin
Serenia Residences,A405,1,1065.63,2020-11-19,,4,,HIGH,reidin
The Fairmont Palm Residences,209,1,1356.25,2020-11-18,,2,,HIGH,reidin
Golden Mile,901,1,1092.86,2020-11-17,,9,,HIGH,reidin
Palm Tower,PWBB1FB1,,2018.02,2020-11-16,,G,,HIGH,reidin
Serenia Residences,A309,1,899.65,2020-11-16,,3,,HIGH,reidin
Kempinski Residences,702,3,6899.66,2020-11-16,,7,,HIGH,reidin
Al Khushkar,508,2,1550.0,2020-11-15,,5,,HIGH,reidin
Serenia Residences,C408,1,1108.68,2020-11-15,,4,,HIGH,reidin
Al Fahad,PJFRL032,4,5000.05,2020-11-15,,nan,,HIGH,reidin
Al Murjan,1310,2,1776.04,2020-11-14,,13,,HIGH,reidin
The Fairmont Palm Residences,5V075,5,3336.81,2020-11-12,,nan,,HIGH,reidin
Al Shamsi,506,,4725.35,2020-11-12,,5,,HIGH,reidin
Al Fahad,PJFRA008,4,5000.05,2020-11-12,,nan,,HIGH,reidin
Al Murjan,401,2,1937.5,2020-11-11,,4,,HIGH,reidin
Golden Mile,205,1,976.5,2020-11-11,,2,,HIGH,reidin
The 8,TPTGC09,,1689.72,2020-11-11,,G,,HIGH,reidin
Al Nabat,109,1,1140.97,2020-11-11,,1,,HIGH,reidin
Al Malak,207,3,2443.41,2020-11-10,,2,,HIGH,reidin
Al Hamri,611,3,2217.36,2020-11-09,,6,,HIGH,reidin
Kempinski Residences,301,3,3755.96,2020-11-09,,3,,HIGH,reidin
Balqis Residences,806,5,3490.41,2020-11-09,,8,,HIGH,reidin
Serenia Residences,B807,2,1571.53,2020-11-09,,8,,HIGH,reidin
Al Habool,603,3,2152.78,2020-11-08,,6,,HIGH,reidin
Golden Mile,3512,3,2421.34,2020-11-08,,5,,HIGH,reidin
Al Malak,PJFRE101,6,6999.98,2020-11-08,,nan,,HIGH,reidin
The 8,TPTGBIN24,,1420.3,2020-11-08,,nan,,HIGH,reidin
Al Fahad,PJFRA010,7,6999.98,2020-11-07,,nan,,HIGH,reidin
Seven Palm,41101,4,5457.3,2020-11-05,,11,,HIGH,reidin
Al Basri,612,2,1582.29,2020-11-05,,6,,HIGH,reidin
Al Basri,PJFRD127,4,5000.05,2020-11-04,,nan,,HIGH,reidin
Al Seef,PJFRM067,5,6000.01,2020-11-04,,nan,,HIGH,reidin
Al Mashraba,210,2,2045.14,2020-11-04,,2,,HIGH,reidin
Al Murjan,1006,3,4057.99,2020-11-03,,10,,HIGH,reidin
Al Ghaf,PJFRB047,4,5000.05,2020-11-03,,nan,,HIGH,reidin
Golden Mile,101,1,1637.3,2020-11-02,,1,,HIGH,reidin
Al Ghaf,PJFRC012,5,5460.96,2020-11-02,,nan,,HIGH,reidin
Marina Residences,816,1,1140.97,2020-11-01,,8,,HIGH,reidin
Al Msalli,B1013,,2691.94,2020-11-01,,LG,,HIGH,reidin
Golden Mile,609,2,1664.74,2020-11-01,,6,,HIGH,reidin
Serenia Residences,A213,2,1506.95,2020-10-28,,2,,HIGH,reidin
Golden Mile,8703,3,4682.3,2020-10-27,,7,,HIGH,reidin
Al Khushkar,1109,1,1140.97,2020-10-27,,11,,HIGH,reidin
Al Khayali,411,2,1937.5,2020-10-26,,4,,HIGH,reidin
Al Ramth,209,2,2041.8,2020-10-25,,2,,HIGH,reidin
Al Nabat,G04,1,1140.97,2020-10-24,,G,,HIGH,reidin
Al Malak,PJFRE117,6,6999.98,2020-10-22,,nan,,HIGH,reidin
Al Fahad,PJFRL104,4,5000.05,2020-10-22,,nan,,HIGH,reidin
Al Seef,PJFRM015,4,5000.05,2020-10-22,,nan,,HIGH,reidin
Golden Mile,7111,2,2604.86,2020-10-21,,1,,HIGH,reidin
Jash Falqa,305,2,1550.0,2020-10-21,,3,,HIGH,reidin
Al Ghaf,PJFRC064,4,5000.05,2020-10-20,,nan,,HIGH,reidin
Al Msalli,P029,,1540.96,2020-10-20,,G,,HIGH,reidin
Seven Palm,30907,2,1646.88,2020-10-20,,9,,HIGH,reidin
Kempinski Residences,121,2,1969.79,2020-10-19,,1,,HIGH,reidin
Al Khayali,501,2,1872.92,2020-10-19,,5,,HIGH,reidin
Al Shamsi,G01,3,4477.78,2020-10-17,,G,,HIGH,reidin
Al Shamsi,339,2,1517.71,2020-10-17,,3,,HIGH,reidin
Al Nabat,G06,1,1506.95,2020-10-17,,G,,HIGH,reidin
The Fairmont Palm Residences,4V093,4,3013.89,2020-10-15,,nan,,HIGH,reidin
Jash Falqa,310,3,2163.54,2020-10-15,,3,,HIGH,reidin
Al Seef,PJFRM088,6,6999.98,2020-10-14,,nan,,HIGH,reidin
Serenia Residences,A603,3,2626.39,2020-10-13,,6,,HIGH,reidin
Seven Palm,40204,2,1442.36,2020-10-13,,2,,HIGH,reidin
Marina Residences,B106,1,1119.45,2020-10-13,,1,,HIGH,reidin
Al Malak,1104,2,1743.75,2020-10-12,,11,,HIGH,reidin
The Fairmont Palm Residences,5V011,5,3417.54,2020-10-12,,nan,,HIGH,reidin
Al Seef,PJFRM060,5,5460.96,2020-10-12,,nan,,HIGH,reidin
Al Shamsi,135,1,1033.33,2020-10-12,,1,,HIGH,reidin
Al Seef,PJFRM027,5,6999.98,2020-10-12,,nan,,HIGH,reidin
Al Sultana,PJFRP002,5,6999.98,2020-10-12,,nan,,HIGH,reidin
Royal Atlantis,610,1,1097.92,2020-10-11,,6,,HIGH,reidin
Al Hallawi,704,1,1140.97,2020-10-11,,7,,HIGH,reidin
Al Seef,PJFRM038,3,5000.05,2020-10-11,,nan,,HIGH,reidin
The 8,TPTGDIN08,,1525.03,2020-10-11,,G,,HIGH,reidin
The 8,20601,3,1776.04,2020-10-11,,6,,HIGH,reidin
The 8,TPTGD09,,1681.0,2020-10-11,,G,,HIGH,reidin
Al Basri,PJFRD096,6,6999.98,2020-10-08,,nan,,HIGH,reidin
Seven Palm,30006,2,3164.59,2020-10-08,,G,,HIGH,reidin
Marina Residences,117,2,2260.42,2020-10-08,,1,,HIGH,reidin
Golden Mile,G104,3,3692.02,2020-10-07,,G,,HIGH,reidin
Al Basri,PJFRF063,5,5343.95,2020-10-07,,nan,,HIGH,reidin
Al Msalli,E029.11,,596.97,2020-10-07,,2,,HIGH,reidin
Balqis Residences,807,2,2011.99,2020-10-07,,8,,HIGH,reidin
Al Basri,PJFRD085,4,6000.01,2020-10-06,,nan,,HIGH,reidin
Golden Mile,5508,3,3326.05,2020-10-06,,5,,HIGH,reidin
Al Ramth,1403,5,13099.67,2020-10-04,,14,,HIGH,reidin
Al Malak,1307,3,2529.52,2020-10-04,,13,,HIGH,reidin
The Fairmont Palm Residences,607,1,1291.67,2020-10-04,,6,,HIGH,reidin
Al Msalli,P058,,2203.05,2020-10-01,,G,,HIGH,reidin
Al Msalli,P057,,2203.05,2020-10-01,,G,,HIGH,reidin
Al Msalli,P059,,2203.05,2020-10-01,,G,,HIGH,reidin
Al Msalli,P060,,2203.05,2020-10-01,,G,,HIGH,reidin
Al Khayali,209,2,2045.14,2020-10-01,,2,,HIGH,reidin
Marina Residences,AG03,2,4940.63,2020-10-01,,G,,HIGH,reidin
Al Malak,PJFRE004,6,6999.98,2020-09-28,,nan,,HIGH,reidin
Al Anbara,905,2,1550.0,2020-09-28,,9,,HIGH,reidin
Golden Mile,203,1,848.2,2020-09-27,,2,,HIGH,reidin
Balqis Residences,1012,3,6852.94,2020-09-27,,10,,HIGH,reidin
Golden Mile,6501,1,1302.43,2020-09-27,,5,,HIGH,reidin
The Fairmont Palm Residences,313,2,1722.22,2020-09-24,,3,,HIGH,reidin
Al Murjan,609,2,1732.99,2020-09-24,,6,,HIGH,reidin
Seven Palm,41208,1,1216.32,2020-09-22,,12,,HIGH,reidin
Al Basri,908,2,1550.0,2020-09-22,,9,,HIGH,reidin
The Fairmont Palm Residences,121,2,2185.07,2020-09-21,,1,,HIGH,reidin
Jash Falqa,712,2,1560.77,2020-09-20,,7,,HIGH,reidin
Al Murjan,310,2,2045.14,2020-09-20,,3,,HIGH,reidin
Al Shamsi,334,1,1033.33,2020-09-19,,3,,HIGH,reidin
Al Shamsi,338,2,1517.71,2020-09-19,,3,,HIGH,reidin
Al Khushkar,804,1,1140.97,2020-09-17,,8,,HIGH,reidin
Al Fahad,PJFRL052,4,5000.05,2020-09-16,,nan,,HIGH,reidin
Golden Mile,7108,3,3326.05,2020-09-16,,1,,HIGH,reidin
The 8,10009,4,5040.09,2020-09-16,,G,,HIGH,reidin
Serenia Residences,A408,1,1063.04,2020-09-15,,4,,HIGH,reidin
Seven Palm,40509,2,2228.13,2020-09-15,,5,,HIGH,reidin
Golden Mile,913,1,1093.18,2020-09-15,,9,,HIGH,reidin
Al Khayali,402,2,1732.99,2020-09-14,,4,,HIGH,reidin
Al Hallawi,311,3,2217.36,2020-09-13,,3,,HIGH,reidin
Al Msalli,704,1,1140.97,2020-09-13,,7,,HIGH,reidin
Serenia Residences,B303,1,1134.41,2020-09-13,,3,,HIGH,reidin
Al Shamsi,G43,3,3153.82,2020-09-10,,G,,HIGH,reidin
Al Ghaf,PJFRC114,4,5000.05,2020-09-09,,nan,,HIGH,reidin
Seven Palm,40207,2,1646.88,2020-09-08,,2,,HIGH,reidin
Al Sultana,PJFRP044,6,6999.98,2020-09-08,,nan,,HIGH,reidin
Al Shamsi,261,1,1270.14,2020-09-07,,2,,HIGH,reidin
Al Shamsi,235,1,1022.57,2020-09-07,,2,,HIGH,reidin
Al Shamsi,604,,2927.78,2020-09-07,,6,,HIGH,reidin
Al Shamsi,336,1,1033.33,2020-09-07,,3,,HIGH,reidin
Serenia Residences,A713,2,1506.95,2020-09-06,,7,,HIGH,reidin
Golden Mile,503,1,848.2,2020-09-05,,5,,HIGH,reidin
The Fairmont Palm Residences,527,2,1754.52,2020-09-03,,5,,HIGH,reidin
Golden Mile,502,1,867.68,2020-09-02,,5,,HIGH,reidin
Al Murjan,405,3,2443.41,2020-08-31,,4,,HIGH,reidin
Royal Atlantis,510,1,1108.68,2020-08-31,,5,,HIGH,reidin
Al Anbar,PJFRJ27,8,13476.4,2020-08-31,,nan,,HIGH,reidin
Al Nabat,PJFRN075A,5,4999.94,2020-08-31,,nan,,HIGH,reidin
Al Shamsi,259,1,1184.03,2020-08-30,,2,,HIGH,reidin
Al Shamsi,255,1,1270.14,2020-08-30,,2,,HIGH,reidin
Seven Palm,41407,2,1646.88,2020-08-30,,14,,HIGH,reidin
Al Basri,PJFRD099,4,5000.05,2020-08-30,,nan,,HIGH,reidin
Palm Tower,PWBB4FB1,,2018.12,2020-08-27,,G,,HIGH,reidin
Palm Tower,PWBB4FB2,,2018.12,2020-08-27,,G,,HIGH,reidin
Palm Tower,PWBB5FB2,,2010.48,2020-08-27,,G,,HIGH,reidin
Palm Tower,PWBB5FB1,,2010.48,2020-08-27,,G,,HIGH,reidin
Al Seef,PJFRM012,4,5000.05,2020-08-27,,nan,,HIGH,reidin
Golden Mile,6611,2,1797.57,2020-08-26,,6,,HIGH,reidin
The 8,TPTGAIN13,,3111.95,2020-08-26,,nan,,HIGH,reidin
Al Seef,PJFRM069,5,5343.95,2020-08-26,,nan,,HIGH,reidin
Club Vista Mare,108,0,602.78,2020-08-26,,1,,HIGH,reidin
Golden Mile,602,1,867.68,2020-08-25,,6,,HIGH,reidin
Al Mashraba,106,3,4725.35,2020-08-25,,1,,HIGH,reidin
Al Khushkar,1107,2,1999.93,2020-08-25,,11,,HIGH,reidin
The 8,TPTFAIN09,,2437.05,2020-08-25,,1,,HIGH,reidin
Al Anbara,J2,1,721.18,2020-08-24,,1,,HIGH,reidin
The 8,TPTGAIN14,,4413.52,2020-08-20,,nan,,HIGH,reidin
The 8,TPTFAIN13,,3189.02,2020-08-20,,1,,HIGH,reidin
Al Habool,310,3,2163.54,2020-08-20,,3,,HIGH,reidin
The 8,TPTFAIN14,,3188.7,2020-08-20,,1,,HIGH,reidin
Al Ghaf,PJFRC050,5,5343.95,2020-08-20,,nan,,HIGH,reidin
Golden Mile,711,1,1105.99,2020-08-20,,7,,HIGH,reidin
Seven Palm,40102,2,1851.39,2020-08-20,,1,,HIGH,reidin
Golden Mile,3603,2,1799.62,2020-08-19,,6,,HIGH,reidin
Al Malak,PJFRE049,4,5000.05,2020-08-19,,nan,,HIGH,reidin
Al Murjan,TH03,2,4090.28,2020-08-18,,LG,,HIGH,reidin
Al Nabat,TH04,2,3993.41,2020-08-18,,LG,,HIGH,reidin
Al Ghaf,PJFRC067,4,5000.05,2020-08-18,,nan,,HIGH,reidin
The 8,10008,4,5072.7,2020-08-17,,G,,HIGH,reidin
Al Ghaf,PJFRB052,4,5000.05,2020-08-15,,nan,,HIGH,reidin
Al Sultana,204,1,1140.97,2020-08-15,,2,,HIGH,reidin
Marina Residences,317,2,2012.85,2020-08-13,,3,,HIGH,reidin
Golden Mile,706,3,1790.25,2020-08-13,,7,,HIGH,reidin
The Fairmont Palm Residences,4V098,4,3100.0,2020-08-13,,nan,,HIGH,reidin
Golden Mile,8502,2,1799.08,2020-08-13,,5,,HIGH,reidin
Jash Hamad,103,3,2223.18,2020-08-12,,1,,HIGH,reidin
Golden Mile,ANCHOR01,,11905.3,2020-08-11,,B1,,HIGH,reidin
Golden Mile,ANCHORM1,,5287.77,2020-08-11,,MEZ,,HIGH,reidin
Al Sultana,505,2,1550.0,2020-08-11,,5,,HIGH,reidin
Al Khayali,901,2,1872.92,2020-08-10,,9,,HIGH,reidin
Royal Atlantis,403,2,1517.71,2020-08-10,,4,,HIGH,reidin
Al Shamsi,340,2,1550.0,2020-08-10,,3,,HIGH,reidin
Jash Hamad,410,3,2228.13,2020-08-10,,4,,HIGH,reidin
Al Malak,PJFRE021,5,5343.95,2020-08-09,,nan,,HIGH,reidin
Golden Mile,1106,1,1291.67,2020-08-09,,1,,HIGH,reidin
Golden Mile,303,1,848.2,2020-08-09,,3,,HIGH,reidin
Al Seef,PJFRM064,6,6999.98,2020-08-09,,nan,,HIGH,reidin
Golden Mile,111,1,1105.99,2020-08-08,,1,,HIGH,reidin
Al Shamsi,G04,3,4488.55,2020-08-06,,G,,HIGH,reidin
Al Shamsi,245,1,1184.03,2020-08-06,,2,,HIGH,reidin
Al Shamsi,G58,3,2981.6,2020-08-06,,G,,HIGH,reidin
Al Hamri,PJFRITP001C,6,13099.56,2020-08-05,,nan,,HIGH,reidin
Al Hamri,110,2,1614.59,2020-08-05,,1,,HIGH,reidin
Al Fahad,PJFRL056,5,5343.95,2020-08-04,,nan,,HIGH,reidin
Royal Atlantis,503,2,1636.11,2020-08-03,,5,,HIGH,reidin
Al Seef,PJFRM010,4,5000.05,2020-07-29,,nan,,HIGH,reidin
Club Vista Mare,113,0,602.78,2020-07-29,,1,,HIGH,reidin
Al Seef,PJFRM068,5,5343.95,2020-07-28,,nan,,HIGH,reidin
Al Mashraba,1301,2,2023.61,2020-07-28,,13,,HIGH,reidin
The 8,TPTFBIN03,,2738.23,2020-07-27,,1,,HIGH,reidin
Golden Mile,2504,1,1302.43,2020-07-27,,5,,HIGH,reidin
The 8,TPTGBIN03,,4128.92,2020-07-27,,nan,,HIGH,reidin
Oceana,VILLAD,5,12954.57,2020-07-27,,nan,,HIGH,reidin
Golden Mile,8205,2,1808.34,2020-07-27,,2,,HIGH,reidin
Kempinski Residences,G28,2,3788.89,2020-07-26,,G,,HIGH,reidin
Seven Palm,40407,2,1646.88,2020-07-26,,4,,HIGH,reidin
The 8,10501,2,1367.02,2020-07-23,,5,,HIGH,reidin
Al Basri,806,2,1993.69,2020-07-23,,8,,HIGH,reidin
Al Shirawi,PJFRGTP01C,6,11808.0,2020-07-22,,nan,,HIGH,reidin
Al Malak,501,2,1872.92,2020-07-22,,5,,HIGH,reidin
Al Murjan,206,3,4057.99,2020-07-22,,2,,HIGH,reidin
Al Hamri,1002,3,2185.07,2020-07-21,,LP,,HIGH,reidin
Royal Atlantis,507,1,1125.37,2020-07-21,,5,,HIGH,reidin
Royal Atlantis,101,1,843.35,2020-07-21,,1,,HIGH,reidin
Al Basri,PJFRD021,4,5000.05,2020-07-21,,nan,,HIGH,reidin
Golden Mile,113,1,1637.73,2020-07-21,,1,,HIGH,reidin
Kempinski Residences,137,4,8099.94,2020-07-20,,1,,HIGH,reidin
Golden Mile,107,1,1116.97,2020-07-19,,1,,HIGH,reidin
Golden Mile,404,1,980.27,2020-07-18,,4,,HIGH,reidin
Al Sultana,PJFRP074,5,6999.98,2020-07-18,,nan,,HIGH,reidin
Al Nabat,104,2,2045.14,2020-07-16,,1,,HIGH,reidin
Al Basri,PJFRF058,4,5000.05,2020-07-15,,nan,,HIGH,reidin
Al Mashraba,111,2,1980.56,2020-07-15,,1,,HIGH,reidin
Al Mashraba,1403,5,13099.67,2020-07-15,,14,,HIGH,reidin
Al Basri,PJFRF076,5,6999.98,2020-07-14,,nan,,HIGH,reidin
The 8,10313,3,2034.38,2020-07-14,,3,,HIGH,reidin
Al Sahab,PJFRO002,4,5000.05,2020-07-13,,nan,,HIGH,reidin
Al Nabat,1101,2,2023.61,2020-07-13,,11,,HIGH,reidin
Al Ghaf,PJFRB064,5,5460.96,2020-07-13,,nan,,HIGH,reidin
Seven Palm,40708,1,1215.24,2020-07-13,,7,,HIGH,reidin
Al Hallawi,906,2,1991.32,2020-07-13,,9,,HIGH,reidin
Al Fahad,PJFRA014,4,5000.05,2020-07-12,,nan,,HIGH,reidin
Marina Residences,C104,2,1754.52,2020-07-12,,1,,HIGH,reidin
Al Nabat,1010,2,1776.04,2020-07-12,,10,,HIGH,reidin
Kempinski Residences,G29,2,3875.0,2020-07-09,,G,,HIGH,reidin
Al Ghaf,PJFRB077,4,5000.05,2020-07-09,,nan,,HIGH,reidin
The 8,TPTGBIN23,,2687.85,2020-07-09,,nan,,HIGH,reidin
Al Hatmi,312,2,1582.29,2020-07-08,,3,,HIGH,reidin
Al Ghaf,PJFRB099,6,6999.98,2020-07-06,,nan,,HIGH,reidin
Al Basri,PJFRD137,5,6999.98,2020-07-05,,nan,,HIGH,reidin
Al Fahad,PJFRL059,4,5000.05,2020-07-02,,nan,,HIGH,reidin
Al Ghaf,PJFRB082,5,6999.98,2020-07-02,,nan,,HIGH,reidin
Al Ghaf,PJFRC028,5,5343.95,2020-07-01,,nan,,HIGH,reidin
Al Basri,502,3,2217.36,2020-07-01,,5,,HIGH,reidin
Al Seef,PJFRM003,6,6999.98,2020-06-29,,nan,,HIGH,reidin
Al Seef,PJFRM049,5,5343.95,2020-06-28,,nan,,HIGH,reidin
Al Basri,PJFRF031,5,6999.98,2020-06-25,,nan,,HIGH,reidin
Seven Palm,30908,3,2325.0,2020-06-25,,9,,HIGH,reidin
Al Seef,PJFRM125,4,6000.01,2020-06-24,,nan,,HIGH,reidin
Al Msalli,E029.10,,977.04,2020-06-24,,2,,HIGH,reidin
Golden Mile,213,1,1074.24,2020-06-23,,2,,HIGH,reidin
Al Ghaf,PJFRC094,5,5460.96,2020-06-23,,nan,,HIGH,reidin
The Fairmont Palm Residences,5V069,5,3336.81,2020-06-23,,nan,,HIGH,reidin
Golden Mile,8210,2,1797.57,2020-06-22,,2,,HIGH,reidin
Al Ramth,803,2,1732.99,2020-06-21,,8,,HIGH,reidin
Al Basri,506,2,2012.85,2020-06-18,,5,,HIGH,reidin
Al Fahad,PJFRL126,4,5000.05,2020-06-18,,nan,,HIGH,reidin
Royal Atlantis,109,2,1493.71,2020-06-17,,1,,HIGH,reidin
Al Khayali,1006,3,4057.99,2020-06-17,,10,,HIGH,reidin
Al Sahab,PJFRO012,4,5000.05,2020-06-16,,nan,,HIGH,reidin
Al Murjan,801,2,1872.92,2020-06-16,,8,,HIGH,reidin
Al Malak,708,2,1745.69,2020-06-16,,7,,HIGH,reidin
Seven Palm,11303,1,1517.71,2020-06-16,,13,,HIGH,reidin
Kempinski Residences,G19,2,3875.0,2020-06-15,,G,,HIGH,reidin
Golden Mile,8707,3,5102.09,2020-06-15,,7,,HIGH,reidin
Al Anbara,605,2,1550.0,2020-06-15,,6,,HIGH,reidin
Al Khushkar,904,1,1140.97,2020-06-14,,9,,HIGH,reidin
The 8,20611,4,5072.16,2020-06-14,,6,,HIGH,reidin
Seven Palm,31406,2,1743.75,2020-06-14,,14,,HIGH,reidin
Al Seef,PJFRM020,4,5000.05,2020-06-14,,nan,,HIGH,reidin
Marina Residences,CG05,2,2518.75,2020-06-13,,G,,HIGH,reidin
Al Anbara,110,2,1614.59,2020-06-11,,1,,HIGH,reidin
Al Hallawi,511,3,2217.36,2020-06-11,,5,,HIGH,reidin
Al Basri,PJFRD143,5,9073.97,2020-06-10,,nan,,HIGH,reidin
Al Sultana,PJFRP084,4,5000.05,2020-06-09,,nan,,HIGH,reidin
Al Fahad,PJFRL138,4,5000.05,2020-06-09,,nan,,HIGH,reidin
Al Malak,601,2,1872.92,2020-06-08,,6,,HIGH,reidin
Golden Mile,4110,2,2604.86,2020-06-07,,1,,HIGH,reidin
Al Sultana,801,2,1582.29,2020-06-07,,8,,HIGH,reidin
The Fairmont Palm Residences,5V070,5,3417.54,2020-06-04,,nan,,HIGH,reidin
Al Hallawi,802,3,2185.07,2020-06-04,,8,,HIGH,reidin
Seven Palm,41302,2,1948.27,2020-06-02,,13,,HIGH,reidin
Al Malak,606,3,4057.99,2020-06-02,,6,,HIGH,reidin
Al Sultana,PJFRP067,6,6999.98,2020-06-01,,nan,,HIGH,reidin
Al Fahad,PJFRL014,5,5343.95,2020-06-01,,nan,,HIGH,reidin
Al Nabat,503,2,1732.99,2020-05-31,,5,,HIGH,reidin
Al Sahab,PJFRO091,4,6000.01,2020-05-31,,nan,,HIGH,reidin
Al Mashraba,109,2,2045.14,2020-05-28,,1,,HIGH,reidin
The Fairmont Palm Residences,5V021,5,3412.16,2020-05-17,,nan,,HIGH,reidin
Al Shirawi,907,2,1993.69,2020-05-17,,9,,HIGH,reidin
Al Ramth,206,3,4057.99,2020-05-13,,2,,HIGH,reidin
Al Hamri,302,3,2217.36,2020-05-13,,3,,HIGH,reidin
Al Shamsi,439,2,1517.71,2020-05-11,,4,,HIGH,reidin
Al Hatmi,1011,3,2185.07,2020-05-03,,LP,,HIGH,reidin
Al Hatmi,304,1,1140.97,2020-05-02,,3,,HIGH,reidin
Golden Mile,708,1,1118.15,2020-04-30,,7,,HIGH,reidin
Al Sultana,PJFRP034,4,6000.01,2020-04-29,,nan,,HIGH,reidin
Golden Mile,4705,,3950.35,2020-04-28,,7,,HIGH,reidin
Al Malak,PJFRE088,3,5000.05,2020-04-27,,nan,,HIGH,reidin
Al Shamsi,G40,3,4488.55,2020-04-27,,G,,HIGH,reidin
Al Ghaf,PJFRC009,4,5000.05,2020-04-14,,nan,,HIGH,reidin
Golden Mile,3406,1,1291.67,2020-04-02,,4,,HIGH,reidin
Al Malak,PJFRE130,5,5343.95,2020-04-02,,nan,,HIGH,reidin
Al Malak,PJFRE078,4,6000.01,2020-04-01,,nan,,HIGH,reidin
Al Basri,PJFRD042,6,6999.98,2020-03-26,,nan,,HIGH,reidin
Al Hallawi,604,1,1140.97,2020-03-26,,6,,HIGH,reidin
The Fairmont Palm Residences,208,1,1356.25,2020-03-25,,2,,HIGH,reidin
Golden Mile,608,1,1099.21,2020-03-25,,6,,HIGH,reidin
Al Seef,PJFRM092,6,6999.98,2020-03-22,,nan,,HIGH,reidin
The Fairmont Palm Residences,R8,,260.7,2020-03-22,,G,,HIGH,reidin
Al Nabat,506,2,1991.32,2020-03-22,,5,,HIGH,reidin
Al Khushkar,805,2,1550.0,2020-03-21,,8,,HIGH,reidin
Serenia Residences,C501,3,2938.54,2020-03-18,,5,,HIGH,reidin
Seven Palm,41508,1,1076.39,2020-03-16,,15,,HIGH,reidin
Al Hamri,603,3,2163.54,2020-03-16,,6,,HIGH,reidin
Al Seef,PJFRM102,4,5000.05,2020-03-15,,nan,,HIGH,reidin
Al Basri,805,2,1550.0,2020-03-14,,8,,HIGH,reidin
Al Shamsi,444,1,1054.86,2020-03-12,,4,,HIGH,reidin
Al Shamsi,445,1,1054.86,2020-03-12,,4,,HIGH,reidin
Al Shamsi,446,1,1054.86,2020-03-12,,4,,HIGH,reidin
Al Shamsi,447,1,1140.97,2020-03-12,,4,,HIGH,reidin
Al Shamsi,448,1,1140.97,2020-03-12,,4,,HIGH,reidin
Al Shamsi,441,1,1140.97,2020-03-12,,4,,HIGH,reidin
Al Shamsi,443,1,1054.86,2020-03-12,,4,,HIGH,reidin
Al Shamsi,442,1,1140.97,2020-03-12,,4,,HIGH,reidin
Al Shamsi,433,1,1022.57,2020-03-12,,4,,HIGH,reidin
Al Shamsi,454,1,1054.86,2020-03-12,,4,,HIGH,reidin
Al Shamsi,435,1,1033.33,2020-03-12,,4,,HIGH,reidin
Al Shamsi,434,1,1033.33,2020-03-12,,4,,HIGH,reidin
Al Shamsi,436,1,1033.33,2020-03-12,,4,,HIGH,reidin
Al Shamsi,452,1,1140.97,2020-03-12,,4,,HIGH,reidin
Al Shamsi,453,1,1140.97,2020-03-12,,4,,HIGH,reidin
Al Shamsi,450,3,2163.54,2020-03-12,,4,,HIGH,reidin
Al Shamsi,455,1,1054.86,2020-03-12,,4,,HIGH,reidin
Al Shamsi,438,2,1517.71,2020-03-12,,4,,HIGH,reidin
Al Shamsi,449,3,2443.41,2020-03-12,,4,,HIGH,reidin
Al Shamsi,456,1,1054.86,2020-03-12,,4,,HIGH,reidin
Al Shamsi,440,2,1571.53,2020-03-12,,4,,HIGH,reidin
Al Shamsi,451,1,2421.88,2020-03-12,,4,,HIGH,reidin
Al Shamsi,459,1,1140.97,2020-03-12,,4,,HIGH,reidin
Al Shamsi,458,1,1140.97,2020-03-12,,4,,HIGH,reidin
Al Shamsi,457,1,1054.86,2020-03-12,,4,,HIGH,reidin
Al Shamsi,437,2,1571.53,2020-03-12,,4,,HIGH,reidin
Al Ghaf,PJFRB079,4,6000.01,2020-03-11,,nan,,HIGH,reidin
Al Ramth,702,2,1732.99,2020-03-10,,7,,HIGH,reidin
Seven Palm,30702,1,1227.08,2020-03-10,,7,,HIGH,reidin
Al Malak,PJFRE071,4,5000.05,2020-03-10,,nan,,HIGH,reidin
Al Basri,907,2,1991.32,2020-03-09,,9,,HIGH,reidin
Al Ghaf,PJFRC082,4,5000.05,2020-03-08,,nan,,HIGH,reidin
Al Khayali,PJFRC136,5,6999.98,2020-03-04,,nan,,HIGH,reidin
Golden Mile,801,1,1074.13,2020-03-02,,8,,HIGH,reidin
Golden Mile,2601,1,1302.43,2020-03-01,,6,,HIGH,reidin
Al Nabat,PJFRN014B,5,5080.67,2020-03-01,,nan,,HIGH,reidin
The 8,TPTGDIN12,,1518.46,2020-03-01,,G,,HIGH,reidin
Marina Residences,711,1,1140.97,2020-03-01,,7,,HIGH,reidin
Tiara Residences,V06,4,11607.9,2020-02-27,,nan,,HIGH,reidin
Al Khushkar,806,2,1991.32,2020-02-25,,8,,HIGH,reidin
Al Murjan,909,2,1732.99,2020-02-23,,9,,HIGH,reidin
Al Shamsi,G50,3,3164.59,2020-02-20,,G,,HIGH,reidin
Al Msalli,F021B,,1268.96,2020-02-20,,1,,HIGH,reidin
Al Shamsi,239,2,1560.77,2020-02-20,,2,,HIGH,reidin
Al Shamsi,248,1,1184.03,2020-02-20,,2,,HIGH,reidin
Al Shamsi,256,1,1184.03,2020-02-20,,2,,HIGH,reidin
Al Shamsi,G49,3,3153.82,2020-02-20,,G,,HIGH,reidin
Al Shamsi,247,1,1184.03,2020-02-20,,2,,HIGH,reidin
Al Shamsi,257,1,1184.03,2020-02-20,,2,,HIGH,reidin
Al Sahab,PJFRO030,6,6999.98,2020-02-17,,nan,,HIGH,reidin
The Fairmont Palm Residences,5V074,5,3336.81,2020-02-13,,nan,,HIGH,reidin
Serenia Residences,A409,1,904.17,2020-02-13,,4,,HIGH,reidin
Golden Mile,9703,3,4693.06,2020-02-11,,7,,HIGH,reidin
The Fairmont Palm Residences,405,1,1377.78,2020-02-09,,4,,HIGH,reidin
Al Msalli,510,3,2152.78,2020-02-09,,5,,HIGH,reidin
Seven Palm,40606,2,1743.75,2020-02-06,,6,,HIGH,reidin
Al Sultana,PJFRP011,5,6999.98,2020-02-06,,nan,,HIGH,reidin
Al Seef,PJFRM045,4,5000.05,2020-02-06,,nan,,HIGH,reidin
Al Hatmi,506,2,2012.85,2020-02-06,,5,,HIGH,reidin
The Fairmont Palm Residences,926,2,1732.99,2020-02-06,,9,,HIGH,reidin
Seven Palm,40507,2,1646.88,2020-02-06,,5,,HIGH,reidin
Seven Palm,41002,2,1442.36,2020-02-04,,10,,HIGH,reidin
The Fairmont Palm Residences,P204,,7351.74,2020-02-04,,10,,HIGH,reidin
Al Basri,PJFRF062,6,6999.98,2020-02-03,,nan,,HIGH,reidin
Al Khushkar,306,2,2002.09,2020-02-03,,3,,HIGH,reidin
Marina Residences,305S,2,1980.23,2020-02-03,,3,,HIGH,reidin
Golden Mile,1008,1,1099.21,2020-02-02,,10,,HIGH,reidin
Golden Mile,5707,,5112.85,2020-02-01,,7,,HIGH,reidin
Al Msalli,204,1,1140.97,2020-01-30,,2,,HIGH,reidin
Marina Residences,BG04,2,2468.59,2020-01-30,,G,,HIGH,reidin
Al Anbara,709,1,1140.97,2020-01-29,,7,,HIGH,reidin
Al Ramth,204,2,2034.38,2020-01-28,,2,,HIGH,reidin
Al Khayali,603,2,1732.99,2020-01-27,,6,,HIGH,reidin
Al Ghaf,PJFRC054,4,5000.05,2020-01-27,,nan,,HIGH,reidin
Al Ramth,1103,2,1776.04,2020-01-25,,11,,HIGH,reidin
Al Murjan,510,2,1732.99,2020-01-23,,5,,HIGH,reidin
Al Basri,PJFRD024,4,5000.05,2020-01-22,,nan,,HIGH,reidin
Al Msalli,E029.5,,500.95,2020-01-22,,2,,HIGH,reidin
Seven Palm,40503,2,2077.43,2020-01-22,,5,,HIGH,reidin
Al Hallawi,910,3,2142.02,2020-01-21,,9,,HIGH,reidin
Marina Residences,204S,2,1767.97,2020-01-21,,2,,HIGH,reidin
Kempinski Residences,528,2,1786.81,2020-01-21,,5,,HIGH,reidin
Marina Residences,B203,2,2023.61,2020-01-20,,2,,HIGH,reidin
Jash Hamad,905,2,1593.06,2020-01-20,,9,,HIGH,reidin
Golden Mile,1503,2,1797.57,2020-01-20,,5,,HIGH,reidin
Golden Mile,6509,2,1786.81,2020-01-15,,5,,HIGH,reidin
The Fairmont Palm Residences,SRG2,,595.46,2020-01-12,,G,,HIGH,reidin
Al Fahad,PJFRA076,4,5000.05,2020-01-12,,nan,,HIGH,reidin
Golden Mile,3407,2,1883.68,2020-01-09,,4,,HIGH,reidin
Seven Palm,30404,2,2077.43,2020-01-09,,4,,HIGH,reidin
Palm Tower,PWBB6FB1,,2124.58,2020-01-09,,G,,HIGH,reidin
Al Anbara,1011,3,2185.07,2020-01-09,,LP,,HIGH,reidin
Al Ramth,302,2,2045.14,2020-01-08,,3,,HIGH,reidin
Al Msalli,E029.14,,313.98,2020-01-08,,2,,HIGH,reidin
Seven Palm,31508,1,1076.39,2020-01-07,,15,,HIGH,reidin
Royal Atlantis,110,1,1108.68,2020-01-06,,1,,HIGH,reidin
Al Khayali,307,3,2443.41,2020-01-06,,3,,HIGH,reidin
Al Khushkar,1108,2,1550.0,2019-12-29,,11,,HIGH,reidin
Seven Palm,40205,3,2766.32,2019-12-29,,2,,HIGH,reidin
Al Fahad,PJFRL077,4,5000.05,2019-12-29,,nan,,HIGH,reidin
Jash Hamad,710,3,2228.13,2019-12-28,,7,,HIGH,reidin
Golden Mile,5212,3,2421.88,2019-12-24,,2,,HIGH,reidin
Al Malak,PJFRE041,5,5343.95,2019-12-17,,nan,,HIGH,reidin
Golden Mile,309,2,1683.47,2019-12-17,,3,,HIGH,reidin
Al Khushkar,1003,3,2142.02,2019-12-17,,10,,HIGH,reidin
Al Malak,802,2,1735.25,2019-12-16,,8,,HIGH,reidin
Al Khayali,G03,3,2734.03,2019-12-15,,G,,HIGH,reidin
Al Anbara,211,3,2206.6,2019-12-14,,2,,HIGH,reidin
Royal Atlantis,803,2,1517.71,2019-12-11,,8,,HIGH,reidin
Al Msalli,F014A,,3430.02,2019-12-11,,1,,HIGH,reidin
Al Basri,PJFRF052,5,5343.95,2019-12-08,,nan,,HIGH,reidin
Al Ghaf,PJFRB089,4,5000.05,2019-12-08,,nan,,HIGH,reidin
Al Msalli,508,2,1550.0,2019-12-08,,5,,HIGH,reidin
Al Msalli,E029.9,,798.04,2019-12-04,,2,,HIGH,reidin
Al Anbara,212,2,1582.29,2019-12-04,,2,,HIGH,reidin
Al Msalli,P051B,,878.98,2019-12-04,,G,,HIGH,reidin
Al Sultana,PJFRP086,4,5000.05,2019-12-04,,nan,,HIGH,reidin
Al Basri,PJFRF022,4,5000.05,2019-12-04,,nan,,HIGH,reidin
Al Khayali,506,3,4057.99,2019-12-04,,5,,HIGH,reidin
Golden Mile,8505,2,1808.34,2019-11-28,,5,,HIGH,reidin
Al Msalli,F033,,3435.94,2019-11-27,,1,,HIGH,reidin
Al Msalli,E027,,640.99,2019-11-27,,2,,HIGH,reidin
Al Msalli,P066,,1156.04,2019-11-27,,G,,HIGH,reidin
Al Ghaf,PJFRC018,4,5000.05,2019-11-25,,nan,,HIGH,reidin
Al Basri,PJFRF018,4,5000.05,2019-11-24,,nan,,HIGH,reidin
Al Fahad,PJFRA018,4,5000.05,2019-11-24,,nan,,HIGH,reidin
Al Anbara,105,2,1550.76,2019-11-21,,1,,HIGH,reidin
Marina Residences,316,1,1140.97,2019-11-20,,3,,HIGH,reidin
Golden Mile,703,1,848.2,2019-11-20,,7,,HIGH,reidin
Golden Mile,8512,3,2411.11,2019-11-17,,5,,HIGH,reidin
Al Msalli,P040A,,1294.04,2019-11-17,,G,,HIGH,reidin
Jash Hamad,402,3,2270.64,2019-11-14,,4,,HIGH,reidin
Al Msalli,F031,,30577.98,2019-11-13,,1,,HIGH,reidin
Club Vista Mare,100,0,656.6,2019-11-13,,1,,HIGH,reidin
Al Msalli,E026,,940.01,2019-11-13,,2,,HIGH,reidin
Al Anbara,PH07,4,5564.94,2019-11-13,,LP,,HIGH,reidin
Al Msalli,E030,,33284.99,2019-11-13,,2,,HIGH,reidin
Palm Tower,PWBB6FB2,,2124.47,2019-11-13,,G,,HIGH,reidin
Al Msalli,F085,,1622.98,2019-11-12,,1,,HIGH,reidin
Golden Mile,409,2,1664.74,2019-11-12,,4,,HIGH,reidin
Seven Palm,30508,3,2325.0,2019-11-12,,5,,HIGH,reidin
Al Msalli,R015,,3193.0,2019-11-12,,R,,HIGH,reidin
The Fairmont Palm Residences,511,3,2174.31,2019-11-12,,5,,HIGH,reidin
Al Msalli,B1009,,2652.98,2019-11-12,,LG,,HIGH,reidin
Golden Mile,509,2,1683.47,2019-11-11,,5,,HIGH,reidin
Al Sahab,PJFRO007,4,5000.05,2019-11-10,,nan,,HIGH,reidin
Al Nabat,PJFRN021B,5,5090.46,2019-11-10,,nan,,HIGH,reidin
Golden Mile,212,2,1635.9,2019-11-10,,2,,HIGH,reidin
Golden Mile,FB06A,,1360.56,2019-11-10,,B1,,HIGH,reidin
Kempinski Residences,G16,2,1794.99,2019-11-07,,G,,HIGH,reidin
Al Msalli,P031,,1277.03,2019-11-06,,G,,HIGH,reidin
Seven Palm,10002,4,6070.84,2019-11-06,,G,,HIGH,reidin
Marina Residences,906,1,1142.7,2019-11-05,,9,,HIGH,reidin
The Fairmont Palm Residences,5V013,5,3336.81,2019-11-04,,nan,,HIGH,reidin
Al Ghaf,PJFRB073,5,5000.05,2019-11-04,,nan,,HIGH,reidin
The 8,TPTGAIN27,,1353.56,2019-11-04,,nan,,HIGH,reidin
Golden Mile,206,3,1771.42,2019-11-03,,2,,HIGH,reidin
Al Khayali,103,2,2045.14,2019-10-31,,1,,HIGH,reidin
Al Msalli,F017,,2543.94,2019-10-31,,1,,HIGH,reidin
Al Msalli,P030,,2925.95,2019-10-31,,G,,HIGH,reidin
Al Shirawi,402,3,2217.36,2019-10-31,,4,,HIGH,reidin
Al Malak,111,2,1980.56,2019-10-28,,1,,HIGH,reidin
Golden Mile,G303,4,3724.31,2019-10-27,,G,,HIGH,reidin
The Fairmont Palm Residences,825,2,1732.99,2019-10-26,,8,,HIGH,reidin
Al Msalli,E029.7,,740.02,2019-10-24,,2,,HIGH,reidin
Al Ghaf,PJFRC055,5,5343.95,2019-10-21,,nan,,HIGH,reidin
Balqis Residences,410,2,2031.04,2019-10-21,,4,,HIGH,reidin
Serenia Residences,A508,1,1065.63,2019-10-21,,5,,HIGH,reidin
The Fairmont Palm Residences,SRG60,,3746.27,2019-10-21,,G,,HIGH,reidin
Al Shirawi,709,1,1140.97,2019-10-20,,7,,HIGH,reidin
Al Msalli,P001,,12107.02,2019-10-20,,G,,HIGH,reidin
Al Msalli,P046,,2738.98,2019-10-20,,G,,HIGH,reidin
Jash Hamad,208,2,1593.06,2019-10-19,,2,,HIGH,reidin
Al Fahad,PJFRL116,4,5000.05,2019-10-17,,nan,,HIGH,reidin
Balqis Residences,214,2,2349.01,2019-10-16,,2,,HIGH,reidin
Al Msalli,E029.13,,899.0,2019-10-16,,2,,HIGH,reidin
Al Msalli,E029.12,,888.99,2019-10-16,,2,,HIGH,reidin
Al Basri,602,3,2217.36,2019-10-15,,6,,HIGH,reidin
Al Msalli,E022A,,2359.02,2019-10-15,,2,,HIGH,reidin
Al Msalli,E028,,1491.02,2019-10-09,,2,,HIGH,reidin
Al Msalli,E029.6B,,758.96,2019-10-09,,2,,HIGH,reidin
Al Msalli,P028,,2101.97,2019-10-09,,G,,HIGH,reidin
Al Msalli,B1019B,,464.03,2019-10-08,,LG,,HIGH,reidin
Seven Palm,31102,3,2766.32,2019-10-07,,11,,HIGH,reidin
Golden Mile,4208,3,3326.05,2019-10-06,,2,,HIGH,reidin
Al Sahab,PJFRO056,4,5000.05,2019-10-02,,nan,,HIGH,reidin
Golden Mile,5109,2,2594.1,2019-10-02,,1,,HIGH,reidin
Al Fahad,PJFRA013,5,6999.98,2019-10-02,,nan,,HIGH,reidin
Al Msalli,B1022A,,436.05,2019-10-01,,LG,,HIGH,reidin
Al Nabat,PJFRN069A,5,4999.94,2019-09-29,,nan,,HIGH,reidin
Al Msalli,P014C,,538.95,2019-09-29,,G,,HIGH,reidin
The Fairmont Palm Residences,5V002,5,3880.39,2019-09-26,,nan,,HIGH,reidin
Al Ramth,1201,2,2023.61,2019-09-26,,12,,HIGH,reidin
Seven Palm,31107,2,1646.88,2019-09-24,,11,,HIGH,reidin
Al Ghaf,PJFRB001,5,6000.01,2019-09-24,,nan,,HIGH,reidin
Seven Palm,31206,2,1732.99,2019-09-23,,12,,HIGH,reidin
Al Hamri,1005,2,1550.76,2019-09-23,,LP,,HIGH,reidin
Al Khayali,902,2,1732.99,2019-09-23,,9,,HIGH,reidin
Al Sultana,PJFRP010,6,6999.98,2019-09-22,,nan,,HIGH,reidin
Al Nabat,PJFRN023,5,5474.84,2019-09-22,,nan,,HIGH,reidin
Al Malak,504,2,1743.75,2019-09-22,,5,,HIGH,reidin
Serenia Residences,B304,2,1743.75,2019-09-19,,3,,HIGH,reidin
Jash Hamad,904,1,1173.27,2019-09-19,,9,,HIGH,reidin
Al Habool,910,3,2138.14,2019-09-19,,9,,HIGH,reidin
Al Shamsi,401,2,1571.53,2019-09-18,,4,,HIGH,reidin
Golden Mile,412,2,1635.9,2019-09-18,,4,,HIGH,reidin
Kempinski Residences,222,2,1969.79,2019-09-16,,2,,HIGH,reidin
Seven Palm,40803,2,1948.27,2019-09-12,,8,,HIGH,reidin
Al Msalli,108,3,2238.89,2019-09-11,,1,,HIGH,reidin
Golden Mile,204,1,980.27,2019-09-10,,2,,HIGH,reidin
Al Fahad,PJFRA071,6,6999.98,2019-09-09,,nan,,HIGH,reidin
Seven Palm,40303,2,1851.39,2019-09-09,,3,,HIGH,reidin
Golden Mile,5705,,3950.35,2019-09-08,,7,,HIGH,reidin
Jash Falqa,611,3,2185.07,2019-09-05,,6,,HIGH,reidin
Golden Mile,210,1,1092.21,2019-09-03,,2,,HIGH,reidin
Seven Palm,30102,2,1851.39,2019-09-03,,1,,HIGH,reidin
Golden Mile,103,1,848.2,2019-09-02,,1,,HIGH,reidin
Serenia Residences,A103,1,1377.78,2019-08-28,,1,,HIGH,reidin
Al Khayali,310,2,2045.14,2019-08-27,,3,,HIGH,reidin
Al Ramth,210,2,2045.14,2019-08-25,,2,,HIGH,reidin
Al Sultana,PJFRP015,4,5000.05,2019-08-24,,nan,,HIGH,reidin
Golden Mile,405,1,976.5,2019-08-22,,4,,HIGH,reidin
Golden Mile,403,1,848.2,2019-08-20,,4,,HIGH,reidin
Golden Mile,505,1,990.28,2019-08-08,,5,,HIGH,reidin
Al Fahad,PJFRA020,4,5000.05,2019-08-08,,nan,,HIGH,reidin
Al Murjan,301,2,1948.27,2019-08-07,,3,,HIGH,reidin
Seven Palm,10917,0,645.83,2019-08-06,,9,,HIGH,reidin
Seven Palm,10915,0,613.54,2019-08-06,,9,,HIGH,reidin
Seven Palm,10216,0,635.07,2019-08-06,,2,,HIGH,reidin
Seven Palm,10602,0,592.01,2019-08-06,,6,,HIGH,reidin
Seven Palm,11211,0,624.31,2019-08-06,,12,,HIGH,reidin
Seven Palm,21603,1,1625.35,2019-08-06,,16,,HIGH,reidin
Seven Palm,20417,0,645.83,2019-08-06,,4,,HIGH,reidin
Seven Palm,10817,0,645.83,2019-08-06,,8,,HIGH,reidin
Seven Palm,10610,0,613.54,2019-08-06,,6,,HIGH,reidin
Seven Palm,10218,0,624.31,2019-08-06,,2,,HIGH,reidin
Seven Palm,20301,1,775.0,2019-08-06,,3,,HIGH,reidin
Seven Palm,11305,0,613.54,2019-08-06,,13,,HIGH,reidin
Seven Palm,20711,0,613.54,2019-08-06,,7,,HIGH,reidin
Seven Palm,21103,0,559.72,2019-08-06,,11,,HIGH,reidin
Seven Palm,11109,0,602.78,2019-08-06,,11,,HIGH,reidin
Seven Palm,20320,0,624.31,2019-08-06,,3,,HIGH,reidin
Seven Palm,10617,0,645.83,2019-08-06,,6,,HIGH,reidin
Seven Palm,10615,0,624.31,2019-08-06,,6,,HIGH,reidin
Seven Palm,10220,0,624.31,2019-08-06,,2,,HIGH,reidin
Seven Palm,20403,0,559.72,2019-08-06,,4,,HIGH,reidin
Seven Palm,10410,0,613.54,2019-08-06,,4,,HIGH,reidin
Seven Palm,20512,0,613.54,2019-08-06,,5,,HIGH,reidin
Seven Palm,10714,0,635.07,2019-08-06,,7,,HIGH,reidin
Seven Palm,11403,0,613.54,2019-08-06,,14,,HIGH,reidin
Seven Palm,10210,0,613.54,2019-08-06,,2,,HIGH,reidin
Seven Palm,10904,0,559.72,2019-08-06,,9,,HIGH,reidin
Seven Palm,10310,0,613.54,2019-08-06,,3,,HIGH,reidin
Seven Palm,20905,0,602.78,2019-08-06,,9,,HIGH,reidin
Seven Palm,10517,0,645.83,2019-08-06,,5,,HIGH,reidin
Seven Palm,11110,0,613.54,2019-08-06,,11,,HIGH,reidin
Seven Palm,10416,0,635.07,2019-08-06,,4,,HIGH,reidin
Seven Palm,11504,0,635.07,2019-08-06,,15,,HIGH,reidin
Seven Palm,20706,0,613.54,2019-08-06,,7,,HIGH,reidin
Seven Palm,20806,0,613.54,2019-08-06,,8,,HIGH,reidin
Seven Palm,21006,0,613.54,2019-08-06,,10,,HIGH,reidin
Seven Palm,20716,0,635.07,2019-08-06,,7,,HIGH,reidin
Seven Palm,20312,0,613.54,2019-08-06,,3,,HIGH,reidin
Seven Palm,21010,0,613.54,2019-08-06,,10,,HIGH,reidin
Seven Palm,20712,0,613.54,2019-08-06,,7,,HIGH,reidin
Seven Palm,21116,1,1248.61,2019-08-06,,11,,HIGH,reidin
Seven Palm,10710,0,613.54,2019-08-06,,7,,HIGH,reidin
Seven Palm,10320,0,624.31,2019-08-06,,3,,HIGH,reidin
Seven Palm,21109,0,602.78,2019-08-06,,11,,HIGH,reidin
Seven Palm,30903,3,2766.32,2019-08-06,,9,,HIGH,reidin
Seven Palm,21115,0,613.54,2019-08-06,,11,,HIGH,reidin
Seven Palm,20412,0,613.54,2019-08-06,,4,,HIGH,reidin
Seven Palm,21403,0,613.54,2019-08-06,,14,,HIGH,reidin
Seven Palm,20414,0,635.07,2019-08-06,,4,,HIGH,reidin
Seven Palm,20510,0,613.54,2019-08-06,,5,,HIGH,reidin
Seven Palm,21505,1,1011.81,2019-08-06,,15,,HIGH,reidin
Seven Palm,11006,0,613.54,2019-08-06,,10,,HIGH,reidin
Seven Palm,20310,0,613.54,2019-08-06,,3,,HIGH,reidin
Seven Palm,20517,0,645.83,2019-08-06,,5,,HIGH,reidin
Seven Palm,10718,0,624.31,2019-08-06,,7,,HIGH,reidin
Seven Palm,10214,0,635.07,2019-08-06,,2,,HIGH,reidin
Seven Palm,21011,0,613.54,2019-08-06,,10,,HIGH,reidin
Seven Palm,20717,0,645.83,2019-08-06,,7,,HIGH,reidin
Seven Palm,20616,0,635.07,2019-08-06,,6,,HIGH,reidin
Seven Palm,10412,0,613.54,2019-08-06,,4,,HIGH,reidin
Al Shirawi,806,2,1991.32,2019-08-03,,8,,HIGH,reidin
The Fairmont Palm Residences,P304,,4983.69,2019-08-01,,10,,HIGH,reidin
Seven Palm,41309,2,2238.89,2019-07-29,,13,,HIGH,reidin
Al Mashraba,206,3,4053.36,2019-07-29,,2,,HIGH,reidin
Golden Mile,1012,2,1635.9,2019-07-29,,10,,HIGH,reidin
Al Mashraba,510,2,1732.99,2019-07-28,,5,,HIGH,reidin
Al Hatmi,603,3,2158.92,2019-07-24,,6,,HIGH,reidin
Seven Palm,31501,4,5672.58,2019-07-22,,15,,HIGH,reidin
Al Sultana,PJFRP019,3,5000.05,2019-07-22,,nan,,HIGH,reidin
Golden Mile,504,1,994.05,2019-07-21,,5,,HIGH,reidin
Al Ghaf,PJFRB016,4,5000.05,2019-07-21,,nan,,HIGH,reidin
Al Hatmi,808,2,1550.0,2019-07-18,,8,,HIGH,reidin
Al Murjan,102,2,2045.14,2019-07-18,,1,,HIGH,reidin
Balqis Residences,106,2,3871.02,2019-07-18,,1,,HIGH,reidin
Al Basri,PJFRF034,4,6000.01,2019-07-16,,nan,,HIGH,reidin
The 8,TPTGBIN14B,,501.38,2019-07-16,,nan,,HIGH,reidin
Al Basri,1209,1,1144.63,2019-07-16,,LP,,HIGH,reidin
Al Ghaf,PJFRB104,4,5000.05,2019-07-14,,nan,,HIGH,reidin
Al Ghaf,PJFRB102,4,5000.05,2019-07-14,,nan,,HIGH,reidin
Golden Mile,6408,3,3326.05,2019-07-13,,4,,HIGH,reidin
Al Sultana,PJFRP005,4,5000.05,2019-07-10,,nan,,HIGH,reidin
Marina Residences,515,1,1140.97,2019-07-09,,5,,HIGH,reidin
Al Murjan,711,2,1872.92,2019-07-07,,7,,HIGH,reidin
Serenia Residences,C308,1,1108.68,2019-07-06,,3,,HIGH,reidin
The Fairmont Palm Residences,312,2,1722.22,2019-07-04,,3,,HIGH,reidin
Al Anbar,PJFRJ04,5,16199.99,2019-07-03,,nan,,HIGH,reidin
The Fairmont Palm Residences,G01,4,7685.42,2019-07-03,,G,,HIGH,reidin
Al Shirawi,307,2,2002.09,2019-06-25,,3,,HIGH,reidin
The 8,TPTGBIN25,,1422.34,2019-06-23,,nan,,HIGH,reidin
Al Anbara,205,2,1550.76,2019-06-20,,2,,HIGH,reidin
Kempinski Residences,406,3,2540.28,2019-06-19,,4,,HIGH,reidin
Royal Atlantis,210,1,1097.92,2019-06-17,,2,,HIGH,reidin
Al Khushkar,810,3,2142.02,2019-06-17,,8,,HIGH,reidin
Golden Mile,FB06B,,286.21,2019-06-13,,B1,,HIGH,reidin
The Fairmont Palm Residences,B111,3,5263.55,2019-06-12,,B1,,HIGH,reidin
Al Ramth,901,2,1872.92,2019-06-11,,9,,HIGH,reidin
The Fairmont Palm Residences,916,2,1776.04,2019-06-11,,9,,HIGH,reidin
Serenia Residences,A201,1,936.46,2019-06-09,,2,,HIGH,reidin
Marina Residences,901,2,2012.85,2019-06-02,,9,,HIGH,reidin
Al Hamri,410,3,2163.54,2019-06-01,,4,,HIGH,reidin
Al Basri,PJFRD015,4,5000.05,2019-05-30,,nan,,HIGH,reidin
The Fairmont Palm Residences,101,2,2540.28,2019-05-30,,1,,HIGH,reidin
Al Basri,PJFRD063,5,6999.98,2019-05-28,,nan,,HIGH,reidin
Al Basri,PJFRD077,4,5000.05,2019-05-28,,nan,,HIGH,reidin
Seven Palm,30806,2,1743.75,2019-05-28,,8,,HIGH,reidin
Jash Falqa,403,3,2163.54,2019-05-28,,4,,HIGH,reidin
Al Ghaf,PJFRC058,4,6000.01,2019-05-21,,nan,,HIGH,reidin
Al Ghaf,PJFRB110,5,5343.95,2019-05-16,,nan,,HIGH,reidin
Seven Palm,40604,2,1948.27,2019-05-12,,6,,HIGH,reidin
Al Khushkar,402,3,2217.36,2019-05-09,,4,,HIGH,reidin
Jash Falqa,604,1,1140.97,2019-05-08,,6,,HIGH,reidin
Golden Mile,307,1,1116.97,2019-05-02,,3,,HIGH,reidin
Al Hamri,804,1,1140.97,2019-04-28,,8,,HIGH,reidin
Marina Residences,801,2,2012.85,2019-04-27,,8,,HIGH,reidin
The Fairmont Palm Residences,818,3,4068.75,2019-04-23,,8,,HIGH,reidin
Al Hatmi,609,1,1140.97,2019-04-22,,6,,HIGH,reidin
Al Fahad,PJFRA086,6,6999.98,2019-04-21,,nan,,HIGH,reidin
Seven Palm,30405,3,2766.32,2019-04-18,,4,,HIGH,reidin
Golden Mile,4610,2,1794.34,2019-04-18,,6,,HIGH,reidin
The Fairmont Palm Residences,5V019,5,3336.81,2019-04-16,,nan,,HIGH,reidin
Al Sultana,808,2,1550.0,2019-04-14,,8,,HIGH,reidin
Al Anbara,602,3,2185.07,2019-04-08,,6,,HIGH,reidin
Al Msalli,611,3,2185.07,2019-04-08,,6,,HIGH,reidin
Al Ghaf,PJFRC078,4,5000.05,2019-04-08,,nan,,HIGH,reidin
Golden Mile,109,2,1782.72,2019-04-08,,1,,HIGH,reidin
Al Fahad,PJFRA031,4,5000.05,2019-04-07,,nan,,HIGH,reidin
Royal Atlantis,702,1,942.92,2019-04-04,,7,,HIGH,reidin
Royal Atlantis,406,1,898.57,2019-04-04,,4,,HIGH,reidin
Royal Atlantis,606,1,898.57,2019-04-04,,6,,HIGH,reidin
Golden Mile,G602,3,5414.24,2019-04-03,,G,,HIGH,reidin
Al Hallawi,203,3,2163.54,2019-04-02,,2,,HIGH,reidin
Al Habool,101,2,1603.82,2019-03-25,,1,,HIGH,reidin
Al Khayali,TH08,2,4047.23,2019-03-24,,LG,,HIGH,reidin
Al Khayali,203,2,2045.14,2019-03-21,,2,,HIGH,reidin
Kempinski Residences,605,4,3854.01,2019-03-21,,6,,HIGH,reidin
Serenia Residences,C401,3,2938.54,2019-03-20,,4,,HIGH,reidin
Al Khayali,1109,2,1777.98,2019-03-19,,11,,HIGH,reidin
Al Murjan,702,2,1732.99,2019-03-19,,7,,HIGH,reidin
Al Basri,PJFRF027,4,5000.05,2019-03-18,,nan,,HIGH,reidin
The 8,TPTGDIN01A,,174.16,2019-03-11,,G,,HIGH,reidin
Golden Mile,G107,3,3702.78,2019-03-10,,G,,HIGH,reidin
Golden Mile,2201,1,1302.43,2019-03-10,,2,,HIGH,reidin
Al Khushkar,206,2,1996.7,2019-03-10,,2,,HIGH,reidin
Al Mashraba,809,2,1732.99,2019-03-07,,8,,HIGH,reidin
Al Khushkar,507,2,2012.85,2019-03-06,,5,,HIGH,reidin
Al Khayali,1002,2,1776.04,2019-03-05,,10,,HIGH,reidin
Golden Mile,7703,3,4693.06,2019-03-04,,7,,HIGH,reidin
Al Habool,211,3,2206.6,2019-03-03,,2,,HIGH,reidin
Seven Palm,41109,2,2228.13,2019-03-03,,11,,HIGH,reidin
Al Basri,PJFRD053,6,6999.98,2019-03-03,,nan,,HIGH,reidin
Al Basri,PJFRF072,6,6999.98,2019-02-25,,nan,,HIGH,reidin
Al Malak,1201,2,2023.61,2019-02-24,,12,,HIGH,reidin
Al Murjan,G02,3,4951.39,2019-02-21,,G,,HIGH,reidin
Serenia Residences,C706,2,1722.22,2019-02-21,,7,,HIGH,reidin
Al Hatmi,1005,2,1550.0,2019-02-19,,LP,,HIGH,reidin
Al Sahab,PJFRO070,5,5343.95,2019-02-14,,nan,,HIGH,reidin
Golden Mile,7603,2,1797.57,2019-02-13,,6,,HIGH,reidin
Al Basri,PJFRF035,6,6999.98,2019-02-12,,nan,,HIGH,reidin
Al Hatmi,110,2,1603.82,2019-02-11,,1,,HIGH,reidin
The 8,TPTGDIN07,,1707.05,2019-02-10,,G,,HIGH,reidin
Al Basri,307,2,2002.09,2019-02-10,,3,,HIGH,reidin
Serenia Residences,C101,3,3444.45,2019-02-10,,1,,HIGH,reidin
Al Msalli,512,2,1593.06,2019-02-10,,5,,HIGH,reidin
Serenia Residences,BG05,1,2034.38,2019-02-05,,G,,HIGH,reidin
Seven Palm,40501,4,5328.13,2019-02-04,,5,,HIGH,reidin
Al Nabat,B106,,118.4,2019-02-04,,B1,,HIGH,reidin
The Fairmont Palm Residences,4V103,4,3024.66,2019-02-03,,nan,,HIGH,reidin
Al Seef,PJFRM011,5,6999.98,2019-02-03,,nan,,HIGH,reidin
Al Ghaf,PJFRB106,5,6999.98,2019-01-31,,nan,,HIGH,reidin
Al Basri,110,2,1603.82,2019-01-30,,1,,HIGH,reidin
Marina Residences,404S,2,1767.97,2019-01-30,,4,,HIGH,reidin
Golden Mile,1303,2,1797.57,2019-01-29,,3,,HIGH,reidin
Seven Palm,40307,2,1646.88,2019-01-24,,3,,HIGH,reidin
Al Ghaf,PJFRC049,4,5000.05,2019-01-21,,nan,,HIGH,reidin
Golden Mile,7201,1,1302.43,2019-01-20,,2,,HIGH,reidin
Al Ghaf,PJFRC030,5,5343.95,2019-01-17,,nan,,HIGH,reidin
Al Anbar,PJFRJ15,5,11551.17,2019-01-15,,nan,,HIGH,reidin
Al Seef,PJFRM121,4,5000.05,2019-01-15,,nan,,HIGH,reidin
Al Khayali,406,3,4053.47,2019-01-15,,4,,HIGH,reidin
The 8,TPTGAIN21,,3432.28,2019-01-14,,nan,,HIGH,reidin
Kempinski Residences,608,3,5823.27,2019-01-13,,6,,HIGH,reidin
Al Basri,PJFRD081,4,5000.05,2019-01-09,,nan,,HIGH,reidin
Jash Falqa,311,3,2217.36,2019-01-06,,3,,HIGH,reidin
The Fairmont Palm Residences,204,1,1528.47,2019-01-03,,2,,HIGH,reidin
Serenia Residences,C506,2,1722.22,2018-12-27,,5,,HIGH,reidin
The 8,TPTGDIN0102030405&06,,14432.34,2018-12-24,,G,,HIGH,reidin
The 8,TPTGBIN02,,4880.35,2018-12-20,,nan,,HIGH,reidin
The 8,TPTGBIN12A,,117.0,2018-12-20,,nan,,HIGH,reidin
The 8,TPTFBIN02,,3555.64,2018-12-20,,1,,HIGH,reidin
Al Seef,PJFRM033,6,6999.98,2018-12-19,,nan,,HIGH,reidin
Seven Palm,40005,3,6393.76,2018-12-19,,G,,HIGH,reidin
Seven Palm,31006,2,1743.75,2018-12-19,,10,,HIGH,reidin
Al Ghaf,PJFRB063,6,6999.98,2018-12-18,,nan,,HIGH,reidin
Club Vista Mare,128,0,602.78,2018-12-18,,1,,HIGH,reidin
The 8,TPTGAIN12A,,116.9,2018-12-17,,nan,,HIGH,reidin
Seven Palm,30101,2,1851.39,2018-12-16,,1,,HIGH,reidin
The 8,TPTGBIN26,,1422.77,2018-12-10,,nan,,HIGH,reidin
Al Seef,PJFRM116,6,6999.98,2018-12-09,,nan,,HIGH,reidin
Golden Mile,2405,2,1808.34,2018-12-09,,4,,HIGH,reidin
Golden Mile,3308,3,3326.05,2018-12-06,,3,,HIGH,reidin
Golden Mile,1109,2,2594.1,2018-11-29,,1,,HIGH,reidin
Al Nabat,712,2,1582.29,2018-11-28,,7,,HIGH,reidin
The 8,TPTGBIN17B,,124.43,2018-11-28,,nan,,HIGH,reidin
Al Malak,PJFRE051,4,5000.05,2018-11-22,,nan,,HIGH,reidin
Golden Mile,3112,3,2647.92,2018-11-22,,1,,HIGH,reidin
The 8,TPTGAIN26,,1411.04,2018-11-21,,nan,,HIGH,reidin
Seven Palm,40305,3,2766.32,2018-11-20,,3,,HIGH,reidin
Al Seef,PJFRM007,4,5000.05,2018-11-19,,nan,,HIGH,reidin
The 8,TPTGAIN12,,4488.55,2018-11-15,,nan,,HIGH,reidin
Al Ramth,909,2,1732.99,2018-11-12,,9,,HIGH,reidin
Al Hatmi,PH07,4,5231.26,2018-11-12,,LP,,HIGH,reidin
Seven Palm,41008,1,1216.32,2018-11-12,,10,,HIGH,reidin
The 8,TPTGD13,,2092.5,2018-11-11,,G,,HIGH,reidin
The 8,TPTGAIN04,,4138.29,2018-11-08,,nan,,HIGH,reidin
Jash Falqa,309,1,1140.97,2018-11-08,,3,,HIGH,reidin
Al Malak,PJFRE109,7,6999.98,2018-11-08,,nan,,HIGH,reidin
The 8,TPTFAIN04,,2756.63,2018-11-08,,1,,HIGH,reidin
Al Nabat,TH01,2,2734.03,2018-11-07,,nan,,HIGH,reidin
The 8,TPTGBIN12,,4487.79,2018-11-06,,nan,,HIGH,reidin
The 8,TPTGAIN25,,1422.66,2018-11-06,,nan,,HIGH,reidin
The 8,TPTGCIN01020303A0404A05,,8601.32,2018-11-06,,G,,HIGH,reidin
Golden Mile,7107,2,1978.62,2018-11-05,,1,,HIGH,reidin
Al Hallawi,1110,3,2142.02,2018-11-04,,LP,,HIGH,reidin
Golden Mile,9202,2,1797.57,2018-11-04,,2,,HIGH,reidin
The 8,TPTGCIN11,,2889.68,2018-11-04,,G,,HIGH,reidin
The 8,TPTGCIN14,,1467.66,2018-11-04,,G,,HIGH,reidin
The 8,TPTGCIN13,,2092.5,2018-11-04,,G,,HIGH,reidin
The 8,TPTGCIN12,,1540.31,2018-11-04,,G,,HIGH,reidin
Seven Palm,30604,3,2766.32,2018-11-01,,6,,HIGH,reidin
The 8,TPTGBIN22,,3021.21,2018-10-31,,nan,,HIGH,reidin
The 8,TPTGBIN18B,,695.67,2018-10-31,,nan,,HIGH,reidin
Al Hallawi,805,2,1550.0,2018-10-28,,8,,HIGH,reidin
Golden Mile,7605,2,1797.57,2018-10-28,,6,,HIGH,reidin
Golden Mile,9605,2,1797.57,2018-10-25,,6,,HIGH,reidin
Seven Palm,40104,3,2981.6,2018-10-24,,1,,HIGH,reidin
Golden Mile,6505,2,1808.34,2018-10-21,,5,,HIGH,reidin
Al Fahad,PJFRA070,4,5000.05,2018-10-21,,nan,,HIGH,reidin
Al Sultana,PJFRP020,6,6999.98,2018-10-18,,nan,,HIGH,reidin
Serenia Residences,C509,2,1829.86,2018-10-18,,5,,HIGH,reidin
Marina Residences,B404,2,1646.88,2018-10-14,,4,,HIGH,reidin
Al Fahad,PJFRL108,6,6999.98,2018-10-11,,nan,,HIGH,reidin
Al Hallawi,PH06,4,5242.02,2018-10-10,,LP,,HIGH,reidin
Al Basri,PJFRF032,5,6000.01,2018-10-04,,nan,,HIGH,reidin
Golden Mile,5205,2,1808.34,2018-10-04,,2,,HIGH,reidin
The Fairmont Palm Residences,328,3,3538.09,2018-10-03,,3,,HIGH,reidin
Seven Palm,41509,1,1076.39,2018-10-02,,15,,HIGH,reidin
Al Seef,PJFRM103,6,6999.98,2018-10-01,,nan,,HIGH,reidin
Golden Mile,9408,3,3327.55,2018-10-01,,4,,HIGH,reidin
Marina Residences,B304,2,1862.15,2018-09-27,,3,,HIGH,reidin
Jash Hamad,609,1,1173.27,2018-09-27,,6,,HIGH,reidin
Al Khushkar,109,3,2217.36,2018-09-26,,1,,HIGH,reidin
Al Ghaf,PJFRC080,4,6000.01,2018-09-20,,nan,,HIGH,reidin
Al Shirawi,804,1,1140.97,2018-09-19,,8,,HIGH,reidin
Al Seef,PJFRM105,5,6999.98,2018-09-19,,nan,,HIGH,reidin
Marina Residences,108,2,2262.14,2018-09-19,,1,,HIGH,reidin
Al Ghaf,PJFRC027,5,5343.95,2018-09-17,,nan,,HIGH,reidin
Al Nabat,TH05,2,3993.41,2018-09-11,,LG,,HIGH,reidin
Al Malak,910,2,1732.99,2018-09-10,,9,,HIGH,reidin
Golden Mile,5507,2,1886.8,2018-09-04,,5,,HIGH,reidin
Al Hamri,PJFRITP001A,5,9567.71,2018-09-03,,nan,,HIGH,reidin
Seven Palm,30104,3,2981.6,2018-09-01,,1,,HIGH,reidin
Al Sahab,PJFRO011,4,5000.05,2018-08-30,,nan,,HIGH,reidin
Serenia Residences,A305,1,1070.79,2018-08-28,,3,,HIGH,reidin
Kempinski Residences,433,2,1765.28,2018-08-14,,4,,HIGH,reidin
Al Seef,PJFRM053,4,5000.05,2018-08-14,,nan,,HIGH,reidin
Kempinski Residences,530,2,1786.81,2018-08-09,,5,,HIGH,reidin
Al Ramth,401,2,1937.5,2018-08-09,,4,,HIGH,reidin
Marina Residences,A406,2,1856.13,2018-08-08,,4,,HIGH,reidin
Al Khayali,1306,3,4057.99,2018-08-08,,13,,HIGH,reidin
Kempinski Residences,623,4,4919.1,2018-08-07,,6,,HIGH,reidin
Al Hatmi,102,3,2217.36,2018-08-07,,1,,HIGH,reidin
Al Basri,311,3,2212.63,2018-08-06,,3,,HIGH,reidin
Al Hamri,910,3,2142.02,2018-08-06,,9,,HIGH,reidin
Kempinski Residences,227,2,1969.79,2018-08-05,,2,,HIGH,reidin
Al Ramth,603,2,1734.93,2018-08-01,,6,,HIGH,reidin
Jash Falqa,902,3,2185.07,2018-07-31,,LP,,HIGH,reidin
Al Habool,205,2,1550.76,2018-07-31,,2,,HIGH,reidin
Kempinski Residences,213,3,2540.28,2018-07-30,,2,,HIGH,reidin
Jash Hamad,801,2,1636.11,2018-07-19,,8,,HIGH,reidin
Al Murjan,LG03,3,2755.56,2018-07-19,,LG,,HIGH,reidin
Al Malak,604,2,1743.75,2018-07-17,,6,,HIGH,reidin
Al Ramth,910,2,1732.99,2018-07-15,,9,,HIGH,reidin
Marina Residences,AG05,2,2206.6,2018-07-15,,G,,HIGH,reidin
Golden Mile,2612,3,2421.88,2018-07-12,,6,,HIGH,reidin
Seven Palm,40106,2,1883.68,2018-07-11,,1,,HIGH,reidin
Al Hatmi,803,3,2142.02,2018-07-09,,8,,HIGH,reidin
Al Hatmi,203,3,2163.54,2018-07-05,,2,,HIGH,reidin
Al Ramth,109,2,2045.14,2018-07-03,,1,,HIGH,reidin
Al Malak,PJFRE005,6,6999.98,2018-07-02,,nan,,HIGH,reidin
Golden Mile,8106,1,1291.67,2018-07-01,,1,,HIGH,reidin
The Fairmont Palm Residences,708,1,1291.67,2018-06-27,,7,,HIGH,reidin
Al Nabat,406,3,4057.99,2018-06-26,,4,,HIGH,reidin
Al Malak,705,3,2443.41,2018-06-26,,7,,HIGH,reidin
Serenia Residences,C307,1,1033.33,2018-06-26,,3,,HIGH,reidin
Kempinski Residences,V07,4,11146.02,2018-06-12,,nan,,HIGH,reidin
Al Malak,711,2,1872.92,2018-06-12,,7,,HIGH,reidin
The Fairmont Palm Residences,P315,,12012.51,2018-06-11,,10,,HIGH,reidin
Seven Palm,30108,3,2594.1,2018-06-10,,1,,HIGH,reidin
Al Hatmi,406,2,2002.09,2018-06-05,,4,,HIGH,reidin
Al Khushkar,707,2,1991.32,2018-06-04,,7,,HIGH,reidin
Al Nabat,210,2,2043.96,2018-06-04,,2,,HIGH,reidin
Al Shirawi,807,2,1991.32,2018-05-30,,8,,HIGH,reidin
Golden Mile,G304,4,3713.55,2018-05-29,,G,,HIGH,reidin
Al Basri,804,1,1140.97,2018-05-26,,8,,HIGH,reidin
Al Mashraba,1302,2,1776.04,2018-05-20,,13,,HIGH,reidin
Al Khayali,1011,2,1872.92,2018-05-17,,10,,HIGH,reidin
Kempinski Residences,621,4,4919.1,2018-05-15,,6,,HIGH,reidin
Al Basri,PJFRD022,5,5343.95,2018-05-14,,nan,,HIGH,reidin
The Fairmont Palm Residences,617,4,3175.35,2018-05-13,,6,,HIGH,reidin
Al Basri,PJFRD060,4,5000.05,2018-05-07,,nan,,HIGH,reidin
Seven Palm,40007,1,2185.07,2018-05-06,,G,,HIGH,reidin
Golden Mile,3408,3,3326.05,2018-05-06,,4,,HIGH,reidin
Al Malak,101,2,1980.56,2018-05-03,,1,,HIGH,reidin
Al Anbar,PJFRJ10,4,11711.12,2018-05-02,,nan,,HIGH,reidin
Club Vista Mare,104,0,602.78,2018-05-01,,1,,HIGH,reidin
Al Shirawi,304,1,1140.97,2018-05-01,,3,,HIGH,reidin
Al Malak,PJFRE094,7,6999.98,2018-04-29,,nan,,HIGH,reidin
Serenia Residences,B302,3,4876.05,2018-04-29,,3,,HIGH,reidin
The Fairmont Palm Residences,901,2,1915.97,2018-04-26,,9,,HIGH,reidin
Al Basri,PJFRF078,5,6999.98,2018-04-24,,nan,,HIGH,reidin
Al Sahab,PJFRO127,4,5000.05,2018-04-22,,nan,,HIGH,reidin
Al Fahad,PJFRL118,4,5000.05,2018-04-19,,nan,,HIGH,reidin
Al Hatmi,412,2,1582.29,2018-04-16,,4,,HIGH,reidin
Seven Palm,31201,3,4832.99,2018-04-15,,12,,HIGH,reidin
Jash Falqa,703,3,2139.65,2018-04-10,,7,,HIGH,reidin
Al Habool,1002,3,2185.07,2018-04-09,,LP,,HIGH,reidin
Al Basri,710,3,2163.54,2018-04-08,,7,,HIGH,reidin
Al Murjan,1102,2,1776.04,2018-04-02,,11,,HIGH,reidin
Al Basri,PJFRD013,4,5000.05,2018-04-01,,nan,,HIGH,reidin
Al Basri,PJFRD140,6,6999.98,2018-03-29,,nan,,HIGH,reidin
Al Ghaf,PJFRB112,5,5343.95,2018-03-28,,nan,,HIGH,reidin
Seven Palm,40203,2,1851.39,2018-03-27,,2,,HIGH,reidin
Al Khushkar,308,2,1550.0,2018-03-25,,3,,HIGH,reidin
Golden Mile,4503,2,1797.57,2018-03-24,,5,,HIGH,reidin
Al Hallawi,306,2,2002.09,2018-03-22,,3,,HIGH,reidin
The Fairmont Palm Residences,P206,,4682.3,2018-03-22,,10,,HIGH,reidin
Al Habool,207,2,1996.7,2018-03-21,,2,,HIGH,reidin
Al Sultana,609,1,1144.63,2018-03-20,,6,,HIGH,reidin
Al Shirawi,811,3,2185.07,2018-03-15,,8,,HIGH,reidin
Al Fahad,PJFRL103,6,6999.98,2018-03-14,,nan,,HIGH,reidin
Kempinski Residences,V09,4,11146.02,2018-03-13,,nan,,HIGH,reidin
Seven Palm,50003,5,12335.43,2018-03-13,,G,,HIGH,reidin
Al Hamri,J2,1,742.71,2018-03-13,,1,,HIGH,reidin
Al Sultana,810,3,2139.65,2018-03-11,,8,,HIGH,reidin
Seven Palm,30603,2,2077.43,2018-03-07,,6,,HIGH,reidin
Club Vista Mare,127,0,602.78,2018-03-07,,1,,HIGH,reidin
Seven Palm,30706,2,1743.75,2018-03-06,,7,,HIGH,reidin
Al Khushkar,305,2,1550.0,2018-03-05,,3,,HIGH,reidin
Kempinski Residences,G02,2,1776.04,2018-03-05,,G,,HIGH,reidin
Al Sultana,PJFRP057,6,6999.98,2018-02-28,,nan,,HIGH,reidin
Al Mashraba,1003,2,1776.04,2018-02-28,,10,,HIGH,reidin
Al Malak,PJFRE023,4,5000.05,2018-02-22,,nan,,HIGH,reidin
Jash Hamad,709,1,1173.27,2018-02-18,,7,,HIGH,reidin
Seven Palm,30401,4,5866.33,2018-02-17,,4,,HIGH,reidin
Al Fahad,PJFRA064,6,6999.98,2018-02-13,,nan,,HIGH,reidin
Al Basri,PJFRD056,4,5000.05,2018-02-11,,nan,,HIGH,reidin
Al Sahab,PJFRO109,5,5460.96,2018-02-04,,nan,,HIGH,reidin
Al Hallawi,109,3,2217.36,2018-01-30,,1,,HIGH,reidin
Kempinski Residences,435,3,4273.27,2018-01-28,,4,,HIGH,reidin
Seven Palm,31306,2,1743.75,2018-01-28,,13,,HIGH,reidin
Al Msalli,503,3,2152.78,2018-01-28,,5,,HIGH,reidin
Al Hatmi,407,2,2002.09,2018-01-25,,4,,HIGH,reidin
Al Sahab,PJFRO023,4,5000.05,2018-01-25,,nan,,HIGH,reidin
Golden Mile,G503,3,5392.71,2018-01-24,,G,,HIGH,reidin
Al Mashraba,906,3,4057.99,2018-01-22,,9,,HIGH,reidin
Jash Falqa,809,1,1140.97,2018-01-10,,8,,HIGH,reidin
Marina Residences,R01,,452.08,2018-01-09,,G,,HIGH,reidin
Al Basri,510,3,2163.54,2018-01-09,,5,,HIGH,reidin
Seven Palm,40707,2,1646.88,2018-01-07,,7,,HIGH,reidin
Al Nabat,408,2,1862.15,2018-01-03,,4,,HIGH,reidin
Al Malak,205,3,2443.41,2017-12-27,,2,,HIGH,reidin
The Fairmont Palm Residences,515,2,1926.74,2017-12-21,,5,,HIGH,reidin
The Fairmont Palm Residences,128,3,3541.32,2017-12-20,,1,,HIGH,reidin
Al Anbar,PJFRJ08,5,12999.99,2017-12-19,,nan,,HIGH,reidin
Al Anbar,PJFRJ29,8,13422.58,2017-12-18,,nan,,HIGH,reidin
Golden Mile,9304,1,1306.63,2017-12-13,,3,,HIGH,reidin
Al Khayali,308,2,1862.15,2017-12-11,,3,,HIGH,reidin
Al Basri,PJFRF075,6,6999.98,2017-12-05,,nan,,HIGH,reidin
Golden Mile,9104,1,1410.07,2017-12-04,,1,,HIGH,reidin
Al Malak,PJFRE061,5,5343.95,2017-11-28,,nan,,HIGH,reidin
Jash Falqa,211,3,2200.36,2017-11-26,,2,,HIGH,reidin
Al Seef,PJFRM078,6,6999.98,2017-11-23,,nan,,HIGH,reidin
Al Murjan,707,3,2443.41,2017-11-21,,7,,HIGH,reidin
The Fairmont Palm Residences,P303,,4520.84,2017-11-14,,10,,HIGH,reidin
Seven Palm,30901,4,5328.13,2017-11-14,,9,,HIGH,reidin
Jash Hamad,108,2,2228.13,2017-11-13,,1,,HIGH,reidin
Al Murjan,1110,2,1776.04,2017-11-12,,11,,HIGH,reidin
The Fairmont Palm Residences,927,2,1754.52,2017-11-11,,9,,HIGH,reidin
Al Sultana,PJFRP039,6,6999.98,2017-10-30,,nan,,HIGH,reidin
Al Hamri,PJFRI11,7,19048.55,2017-10-29,,nan,,HIGH,reidin
Al Mashraba,904,2,1743.75,2017-10-29,,9,,HIGH,reidin
Jash Falqa,103,3,2238.89,2017-10-19,,1,,HIGH,reidin
Jash Hamad,309,1,1173.27,2017-10-18,,3,,HIGH,reidin
Al Mashraba,1209,2,1776.04,2017-10-17,,12,,HIGH,reidin
Jash Falqa,205,2,1550.0,2017-10-17,,2,,HIGH,reidin
Al Basri,PJFRF017,5,6999.98,2017-10-17,,nan,,HIGH,reidin
Golden Mile,5206,1,1291.67,2017-10-17,,2,,HIGH,reidin
Al Khushkar,1007,2,2002.09,2017-10-16,,10,,HIGH,reidin
Al Shirawi,1103,3,2142.02,2017-10-15,,LP,,HIGH,reidin
Al Hallawi,102,3,2217.36,2017-10-12,,1,,HIGH,reidin
Al Sahab,PJFRO031,5,5343.95,2017-10-09,,nan,,HIGH,reidin
Al Hamri,102,3,2217.36,2017-10-05,,1,,HIGH,reidin
Seven Palm,31002,2,1442.36,2017-10-04,,10,,HIGH,reidin
Golden Mile,8706,3,4445.49,2017-10-03,,7,,HIGH,reidin
Seven Palm,31207,2,1646.88,2017-10-03,,12,,HIGH,reidin
Al Murjan,1004,2,1743.75,2017-09-28,,10,,HIGH,reidin
Golden Mile,4104,1,1410.07,2017-09-26,,1,,HIGH,reidin
The Fairmont Palm Residences,925,2,1732.99,2017-09-20,,9,,HIGH,reidin
Al Khayali,403,2,1926.74,2017-09-19,,4,,HIGH,reidin
Al Mashraba,205,3,2443.41,2017-09-19,,2,,HIGH,reidin
The Fairmont Palm Residences,626,2,1991.32,2017-09-18,,6,,HIGH,reidin
Golden Mile,9205,2,1808.34,2017-09-17,,2,,HIGH,reidin
Al Hatmi,512,2,1582.29,2017-09-17,,5,,HIGH,reidin
Seven Palm,31307,2,1646.88,2017-09-17,,13,,HIGH,reidin
Al Seef,PJFRM054,4,5000.05,2017-09-17,,nan,,HIGH,reidin
Al Ramth,1008,2,1743.75,2017-09-12,,10,,HIGH,reidin
Jash Falqa,410,3,2163.54,2017-09-11,,4,,HIGH,reidin
Al Ramth,711,2,1872.92,2017-09-10,,7,,HIGH,reidin
Al Nabat,810,2,1732.99,2017-09-07,,8,,HIGH,reidin
Al Sultana,PJFRP035,5,6999.98,2017-09-05,,nan,,HIGH,reidin
Jash Falqa,508,2,1550.0,2017-09-03,,5,,HIGH,reidin
Al Murjan,501,2,1872.92,2017-08-30,,5,,HIGH,reidin
Al Mashraba,1106,3,4057.99,2017-08-29,,11,,HIGH,reidin
Seven Palm,40304,2,1442.36,2017-08-23,,3,,HIGH,reidin
Al Habool,712,2,1593.06,2017-08-21,,7,,HIGH,reidin
Al Nabat,905,3,2443.41,2017-08-21,,9,,HIGH,reidin
Al Basri,PJFRF006,4,5000.05,2017-08-20,,nan,,HIGH,reidin
Golden Mile,6504,1,1302.43,2017-08-16,,5,,HIGH,reidin
Al Basri,PJFRD118,4,5000.05,2017-08-16,,nan,,HIGH,reidin
The Fairmont Palm Residences,5V076,5,3417.54,2017-08-16,,nan,,HIGH,reidin
Seven Palm,40405,2,1948.27,2017-08-15,,4,,HIGH,reidin
Al Murjan,706,3,4057.99,2017-08-15,,7,,HIGH,reidin
Kempinski Residences,409,4,5828.01,2017-08-09,,4,,HIGH,reidin
Kempinski Residences,209,3,3756.6,2017-08-08,,2,,HIGH,reidin
Seven Palm,30103,2,1442.36,2017-08-01,,1,,HIGH,reidin
Al Fahad,PJFRL096,4,5000.05,2017-07-31,,nan,,HIGH,reidin
Al Basri,PJFRD131,4,5000.05,2017-07-25,,nan,,HIGH,reidin
Marina Residences,08,,6004.53,2017-07-23,,G,,HIGH,reidin
Seven Palm,40101,2,1851.39,2017-07-23,,1,,HIGH,reidin
Al Murjan,1311,2,2023.61,2017-07-19,,13,,HIGH,reidin
Al Basri,PJFRD057,5,5343.95,2017-07-18,,nan,,HIGH,reidin
Al Khayali,211,2,1953.32,2017-07-17,,2,,HIGH,reidin
Al Khayali,1203,2,1776.04,2017-07-17,,12,,HIGH,reidin
Al Nabat,PH03,3,2142.02,2017-07-06,,9,,HIGH,reidin
Al Malak,406,3,4057.99,2017-07-05,,4,,HIGH,reidin
Golden Mile,4412,3,2421.88,2017-06-29,,4,,HIGH,reidin
Al Hatmi,210,3,2163.54,2017-06-29,,2,,HIGH,reidin
Al Shirawi,410,3,2163.54,2017-06-28,,4,,HIGH,reidin
Al Habool,503,3,2152.78,2017-06-18,,5,,HIGH,reidin
Al Seef,PJFRM051,4,5000.05,2017-06-15,,nan,,HIGH,reidin
Al Mashraba,707,3,2443.41,2017-06-13,,7,,HIGH,reidin
Golden Mile,1706,,4445.49,2017-06-07,,7,,HIGH,reidin
Al Hallawi,902,3,2185.07,2017-06-04,,9,,HIGH,reidin
Al Khayali,109,2,2045.14,2017-05-23,,1,,HIGH,reidin
Al Malak,1304,2,1743.75,2017-05-23,,13,,HIGH,reidin
Al Basri,PJFRD039,6,6999.98,2017-05-17,,nan,,HIGH,reidin
Golden Mile,RT08A,,981.78,2017-05-11,,B1,,HIGH,reidin
Golden Mile,RT08B,,731.41,2017-05-10,,B1,,HIGH,reidin
Golden Mile,KS02,,428.4,2017-05-10,,B1,,HIGH,reidin
Al Fahad,PJFRL144,6,6999.98,2017-05-03,,nan,,HIGH,reidin
Jash Hamad,102,3,2271.18,2017-04-27,,1,,HIGH,reidin
Al Malak,PJFRE076,4,5000.05,2017-04-26,,nan,,HIGH,reidin
Al Fahad,PJFRL095,4,6000.01,2017-04-25,,nan,,HIGH,reidin
Al Hamri,101,2,1603.82,2017-04-12,,1,,HIGH,reidin
Marina Residences,101,2,2260.42,2017-04-11,,1,,HIGH,reidin
Al Basri,PJFRF030,6,6999.98,2017-04-10,,nan,,HIGH,reidin
Al Khushkar,1101,2,1646.88,2017-04-01,,11,,HIGH,reidin
Al Nabat,1004,2,1743.75,2017-03-28,,10,,HIGH,reidin
Kempinski Residences,235,2,1973.02,2017-03-27,,2,,HIGH,reidin
Al Khayali,806,3,4057.99,2017-03-22,,8,,HIGH,reidin
Golden Mile,6705,,3950.35,2017-03-22,,7,,HIGH,reidin
Al Mashraba,201,2,1948.27,2017-03-15,,2,,HIGH,reidin
Jash Falqa,706,2,1969.79,2017-03-08,,7,,HIGH,reidin
Al Mashraba,1111,2,2023.61,2017-03-06,,11,,HIGH,reidin
Golden Mile,5602,2,1797.57,2017-03-05,,6,,HIGH,reidin
Al Anbara,106,2,1550.0,2017-02-28,,1,,HIGH,reidin
Al Mashraba,1208,2,1743.75,2017-02-18,,12,,HIGH,reidin
Jash Falqa,702,3,2185.07,2017-02-16,,7,,HIGH,reidin
Al Fahad,PJFRA047,4,5000.05,2017-02-07,,nan,,HIGH,reidin
Al Hatmi,106,2,1550.0,2017-01-22,,1,,HIGH,reidin
Al Basri,1111,3,2185.07,2017-01-18,,11,,HIGH,reidin
Al Anbara,704,1,1184.03,2017-01-17,,7,,HIGH,reidin
Golden Mile,1111,2,2604.86,2017-01-16,,1,,HIGH,reidin
Kempinski Residences,221,2,2077.43,2017-01-16,,2,,HIGH,reidin
Al Das,907,4,1999.93,2017-01-11,,9,,HIGH,reidin
Al Ramth,1003,2,1776.04,2017-01-11,,10,,HIGH,reidin
Al Mashraba,207,3,2443.41,2017-01-10,,2,,HIGH,reidin
Al Khayali,1202,2,1776.04,2017-01-05,,12,,HIGH,reidin
Al Ghaf,PJFRB072,5,5343.95,2017-01-04,,nan,,HIGH,reidin
Al Sahab,PJFRO059,4,5000.05,2017-01-02,,nan,,HIGH,reidin
Al Khushkar,202,3,2195.84,2017-01-02,,2,,HIGH,reidin
Al Khayali,511,2,1872.92,2016-12-22,,5,,HIGH,reidin
Al Mashraba,504,2,1743.75,2016-12-18,,5,,HIGH,reidin
Al Seef,PJFRM047,4,5000.05,2016-12-14,,nan,,HIGH,reidin
Al Nabat,G02,3,2228.13,2016-12-13,,G,,HIGH,reidin
Al Hallawi,206,2,2002.09,2016-11-29,,2,,HIGH,reidin
Al Sahab,PJFRO032,4,5000.05,2016-11-29,,nan,,HIGH,reidin
Kempinski Residences,V08,4,11146.02,2016-11-28,,nan,,HIGH,reidin
Al Ramth,201,2,1948.27,2016-11-27,,2,,HIGH,reidin
Golden Mile,8212,3,2411.11,2016-11-15,,2,,HIGH,reidin
Jash Falqa,306,2,1996.7,2016-11-13,,3,,HIGH,reidin
Golden Mile,8207,2,1883.68,2016-11-13,,2,,HIGH,reidin
Al Ghaf,PJFRB071,4,5000.05,2016-11-09,,nan,,HIGH,reidin
Golden Mile,7312,3,2421.88,2016-11-08,,3,,HIGH,reidin
Golden Mile,9102,2,2389.59,2016-11-08,,1,,HIGH,reidin
Golden Mile,5311,2,1797.57,2016-11-08,,3,,HIGH,reidin
Al Malak,PJFRE037,4,5000.05,2016-11-06,,nan,,HIGH,reidin
Al Ramth,1211,2,2019.09,2016-10-24,,12,,HIGH,reidin
Al Hatmi,303,3,2158.92,2016-10-23,,3,,HIGH,reidin
The 8,EG.01,,871.88,2016-10-17,,G,,HIGH,reidin
Jash Hamad,307,2,2045.14,2016-10-06,,3,,HIGH,reidin
Al Murjan,404,2,1866.89,2016-10-03,,4,,HIGH,reidin
Golden Mile,10309,2,1786.81,2016-09-28,,3,,HIGH,reidin
Al Murjan,805,3,2438.78,2016-09-22,,8,,HIGH,reidin
Al Khayali,PJFRC107,6,6999.98,2016-09-21,,nan,,HIGH,reidin
Marina Residences,C204,2,2034.38,2016-09-19,,2,,HIGH,reidin
The Fairmont Palm Residences,P306,,4679.61,2016-09-14,,10,,HIGH,reidin
Kempinski Residences,603,4,5564.94,2016-09-05,,6,,HIGH,reidin
Al Seef,PJFRM114,5,6999.98,2016-09-05,,nan,,HIGH,reidin
Al Malak,607,3,2443.41,2016-08-25,,6,,HIGH,reidin
Al Khushkar,908,2,1550.0,2016-08-22,,9,,HIGH,reidin
The Fairmont Palm Residences,5V003,5,3880.39,2016-08-21,,nan,,HIGH,reidin
Al Hallawi,406,2,2002.09,2016-08-18,,4,,HIGH,reidin
Al Msalli,206,2,2002.09,2016-08-14,,2,,HIGH,reidin
Al Mashraba,811,2,1870.01,2016-08-14,,8,,HIGH,reidin
Al Hallawi,705,2,1550.0,2016-08-09,,7,,HIGH,reidin
Al Mashraba,104,2,2045.14,2016-07-28,,1,,HIGH,reidin
Jash Hamad,610,3,2228.13,2016-07-26,,6,,HIGH,reidin
Jash Falqa,807,2,1969.79,2016-07-25,,8,,HIGH,reidin
Al Nabat,902,2,1732.99,2016-07-14,,9,,HIGH,reidin
The Fairmont Palm Residences,710,1,1550.0,2016-07-12,,7,,HIGH,reidin
Al Khayali,202,2,2045.14,2016-06-28,,2,,HIGH,reidin
Al Seef,PJFRM026,4,5000.05,2016-06-02,,nan,,HIGH,reidin
Jash Hamad,807,2,2045.14,2016-05-22,,8,,HIGH,reidin
Kempinski Residences,RG30,,398.26,2016-05-08,,nan,,HIGH,reidin
Al Ramth,906,3,4057.99,2016-04-27,,9,,HIGH,reidin
Al Malak,103,2,2045.14,2016-04-27,,1,,HIGH,reidin
Al Sultana,303,3,2163.54,2016-04-14,,3,,HIGH,reidin
Al Nabat,910,2,1732.99,2016-04-14,,9,,HIGH,reidin
Al Malak,PJFRE059,5,5343.95,2016-04-11,,nan,,HIGH,reidin
Al Hallawi,1001,2,1582.29,2016-04-06,,10,,HIGH,reidin
Al Shirawi,405,2,1550.0,2016-03-30,,4,,HIGH,reidin
Kempinski Residences,RG29,,333.68,2016-03-30,,nan,,HIGH,reidin
Al Murjan,103,2,2045.14,2016-03-22,,1,,HIGH,reidin
Al Habool,411,3,2217.36,2016-03-10,,4,,HIGH,reidin
Al Hatmi,PH01,4,452.08,2016-03-07,,LP,,HIGH,reidin
Al Sahab,PJFRO050,4,5000.05,2016-03-03,,nan,,HIGH,reidin
Al Fahad,PJFRL089,4,5000.05,2016-03-01,,nan,,HIGH,reidin
Al Khayali,907,3,2443.41,2016-02-25,,9,,HIGH,reidin
Al Malak,1001,2,1872.92,2016-02-24,,10,,HIGH,reidin
Al Fahad,PJFRL061,4,5000.05,2016-02-24,,nan,,HIGH,reidin
Jash Falqa,301,2,1582.29,2016-02-21,,3,,HIGH,reidin
Al Hatmi,809,1,1140.97,2016-02-16,,8,,HIGH,reidin
Al Fahad,PJFRA052,5,5343.95,2016-02-15,,nan,,HIGH,reidin
Al Khayali,1004,2,1743.75,2016-02-14,,10,,HIGH,reidin
Jash Hamad,506,2,2045.14,2016-02-08,,5,,HIGH,reidin
Al Habool,806,2,2002.09,2016-02-08,,8,,HIGH,reidin
Al Khushkar,505,2,1550.0,2016-02-02,,5,,HIGH,reidin
Al Sultana,PJFRP051,4,5000.05,2016-02-02,,nan,,HIGH,reidin
Al Hatmi,907,2,1991.32,2016-02-01,,9,,HIGH,reidin
Al Basri,PJFRD052,4,5000.05,2016-01-19,,nan,,HIGH,reidin
Al Habool,502,3,2217.36,2016-01-18,,5,,HIGH,reidin
Al Nabat,G07,1,1506.95,2016-01-14,,G,,HIGH,reidin
Al Seef,PJFRM111,5,6999.98,2016-01-12,,nan,,HIGH,reidin
Al Khushkar,906,2,1991.32,2016-01-10,,9,,HIGH,reidin
Al Mashraba,1210,2,1776.04,2016-01-05,,12,,HIGH,reidin
Al Ghaf,PJFRC017,4,5000.05,2016-01-03,,nan,,HIGH,reidin
Al Malak,TH04,2,3993.41,2015-12-29,,LG,,HIGH,reidin
Al Ghaf,PJFRB066,4,5000.05,2015-12-28,,nan,,HIGH,reidin
Al Malak,PJFRE086,4,5000.05,2015-12-22,,nan,,HIGH,reidin
Kempinski Residences,105,2,1948.27,2015-12-20,,1,,HIGH,reidin
The Fairmont Palm Residences,5V084,5,3880.39,2015-12-15,,nan,,HIGH,reidin
Al Basri,PJFRD033,5,5343.95,2015-12-14,,nan,,HIGH,reidin
Al Fahad,PJFRA062,5,6999.98,2015-12-14,,nan,,HIGH,reidin
Al Malak,PJFRE116,6,6999.98,2015-12-13,,nan,,HIGH,reidin
The Fairmont Palm Residences,928,3,3379.86,2015-12-10,,9,,HIGH,reidin
Al Mashraba,1307,3,2529.52,2015-12-09,,13,,HIGH,reidin
Al Basri,712,2,1582.29,2015-12-08,,7,,HIGH,reidin
Al Mashraba,107,3,2734.03,2015-12-07,,1,,HIGH,reidin
Al Sahab,PJFRO078,4,5000.05,2015-12-06,,nan,,HIGH,reidin
The Fairmont Palm Residences,624,2,1722.22,2015-12-06,,6,,HIGH,reidin
Al Hamri,207,2,2002.09,2015-11-30,,2,,HIGH,reidin
Al Sahab,PJFRO079,4,5000.05,2015-11-24,,nan,,HIGH,reidin
Al Hallawi,707,2,1991.32,2015-11-24,,7,,HIGH,reidin
Al Khayali,PJFRC006,6,6999.98,2015-11-23,,nan,,HIGH,reidin
Al Hallawi,409,1,1140.97,2015-11-22,,4,,HIGH,reidin
The Fairmont Palm Residences,4V092,4,2981.6,2015-11-17,,nan,,HIGH,reidin
Al Malak,508,2,1743.75,2015-11-09,,5,,HIGH,reidin
Al Anbara,101,2,1603.82,2013-05-04,,1,,HIGH,reidin
Al Seef,PJFRM075,6,6999.98,2013-05-02,,nan,,HIGH,reidin
Al Murjan,105,3,2734.03,2013-04-29,,1,,HIGH,reidin
Al Sultana,711,3,2185.07,2013-04-29,,7,,HIGH,reidin
Kempinski Residences,613,4,5564.94,2013-04-22,,6,,HIGH,reidin
Al Khayali,701,2,1872.92,2013-04-18,,7,,HIGH,reidin
Al Seef,PJFRM048,4,5000.05,2013-04-04,,nan,,HIGH,reidin
Al Msalli,307,2,2002.09,2013-04-01,,3,,HIGH,reidin
Al Sahab,PJFRO042,4,6699.02,2013-03-28,,nan,,HIGH,reidin
Al Ghaf,PJFRB006,5,5460.96,2013-03-28,,nan,,HIGH,reidin
Al Basri,912,2,1582.29,2013-03-28,,9,,HIGH,reidin
Al Seef,PJFRM130,6,6999.98,2013-03-26,,nan,,HIGH,reidin
Kempinski Residences,G12,2,1959.03,2013-03-26,,G,,HIGH,reidin
Al Khushkar,1110,3,2185.07,2013-03-25,,11,,HIGH,reidin
Al Malak,801,2,1872.92,2013-03-19,,8,,HIGH,reidin
Al Fahad,PJFRL094,3,5000.05,2013-03-18,,nan,,HIGH,reidin
Al Basri,PJFRD123,5,5000.05,2013-03-12,,nan,,HIGH,reidin
Al Basri,409,1,1140.97,2013-03-12,,4,,HIGH,reidin
Al Khayali,905,3,2438.78,2013-03-10,,9,,HIGH,reidin
Al Fahad,PJFRL136,4,5000.05,2013-03-07,,nan,,HIGH,reidin
Al Basri,PJFRD049,4,5000.05,2013-03-05,,nan,,HIGH,reidin
Al Sahab,PJFRO022,4,5000.05,2013-03-04,,nan,,HIGH,reidin
Al Hatmi,602,3,2217.36,2013-02-27,,6,,HIGH,reidin
Al Hallawi,904,1,1140.97,2013-02-21,,9,,HIGH,reidin
Al Ramth,1106,3,4057.99,2013-02-20,,11,,HIGH,reidin
The Fairmont Palm Residences,123,1,1367.02,2013-02-18,,1,,HIGH,reidin
Al Malak,PJFRE075,4,5000.05,2013-02-18,,nan,,HIGH,reidin
Al Murjan,208,2,2034.38,2013-02-17,,2,,HIGH,reidin
Al Habool,402,3,2217.36,2013-02-12,,4,,HIGH,reidin
Al Hatmi,405,2,1550.0,2013-02-07,,4,,HIGH,reidin
Al Malak,PJFRE008,5,5343.95,2013-02-04,,nan,,HIGH,reidin
Al Khayali,PJFRC102,6,6999.98,2013-02-03,,nan,,HIGH,reidin
Jash Hamad,405,2,1593.06,2013-01-29,,4,,HIGH,reidin
Al Msalli,404,1,1140.97,2013-01-29,,4,,HIGH,reidin
Al Shirawi,712,2,1582.29,2013-01-28,,7,,HIGH,reidin
Al Mashraba,1011,2,1872.92,2013-01-28,,10,,HIGH,reidin
Al Malak,PJFRE053,6,6999.98,2013-01-27,,nan,,HIGH,reidin
Al Hamri,105,2,1550.0,2013-01-21,,1,,HIGH,reidin
Al Khushkar,802,3,2185.07,2013-01-21,,8,,HIGH,reidin
Al Nabat,PH12,4,4843.76,2013-01-21,,9,,HIGH,reidin
Al Habool,208,2,1550.0,2013-01-20,,2,,HIGH,reidin
Al Sahab,PJFRO015,4,5000.05,2013-01-16,,nan,,HIGH,reidin
Al Basri,303,3,2163.54,2013-01-16,,3,,HIGH,reidin
Al Sahab,PJFRO066,6,6999.98,2013-01-14,,nan,,HIGH,reidin
Jash Hamad,612,2,1636.11,2013-01-13,,6,,HIGH,reidin
Al Ghaf,PJFRC032,4,6000.01,2013-01-13,,nan,,HIGH,reidin
Al Seef,PJFRM146,5,6999.98,2013-01-13,,nan,,HIGH,reidin
Al Khayali,PJFRC002,6,6999.98,2013-01-10,,nan,,HIGH,reidin
Al Basri,PJFRD005,4,5000.05,2013-01-07,,nan,,HIGH,reidin
Jash Falqa,612,2,1560.77,2013-01-06,,6,,HIGH,reidin
Al Fahad,PJFRL022,4,5000.05,2012-12-27,,nan,,HIGH,reidin
Al Seef,PJFRM083,5,6999.98,2012-12-11,,nan,,HIGH,reidin
Al Khushkar,1001,2,4832.99,2012-12-06,,10,,HIGH,reidin
Al Habool,902,3,2185.07,2012-12-04,,9,,HIGH,reidin
Al Khayali,LG02,3,4768.41,2012-12-04,,LG,,HIGH,reidin
Al Seef,PJFRM050,5,5343.95,2012-11-29,,nan,,HIGH,reidin
Al Msalli,603,3,2152.78,2012-11-27,,6,,HIGH,reidin
Jash Hamad,312,2,1636.11,2012-11-25,,3,,HIGH,reidin
Al Sultana,PJFRP052,4,5000.05,2012-11-25,,nan,,HIGH,reidin
Al Sahab,PJFRO069,4,5000.05,2012-11-22,,nan,,HIGH,reidin
Al Murjan,G04,2,,2012-11-13,,G,,HIGH,reidin
Al Ghaf,PJFRB040,4,5000.05,2012-11-09,,nan,,HIGH,reidin
Al Khushkar,1010,3,,2012-11-05,,10,,HIGH,reidin
Al Ghaf,PJFRC029,5,5343.95,2012-10-31,,nan,,HIGH,reidin
Al Sahab,PJFRO061,4,5000.05,2012-10-29,,nan,,HIGH,reidin
Al Nabat,PH07,4,,2012-10-23,,9,,HIGH,reidin
Al Nabat,1405,4,,2012-10-22,,14,,HIGH,reidin
Al Hamri,106,2,,2012-10-18,,1,,HIGH,reidin
Al Nabat,806,2,,2012-10-16,,8,,HIGH,reidin
Al Sahab,PJFRO038,5,5460.96,2012-10-04,,nan,,HIGH,reidin
Al Sahab,PJFRO101,4,5000.05,2012-10-01,,nan,,HIGH,reidin
Al Mashraba,1104,2,,2012-09-27,,11,,HIGH,reidin
Jash Falqa,802,3,,2012-09-24,,8,,HIGH,reidin
Al Khushkar,803,3,,2012-09-24,,8,,HIGH,reidin
Kempinski Residences,410,3,,2012-09-24,,4,,HIGH,reidin
Al Sahab,PJFRO065,4,5000.05,2012-09-20,,nan,,HIGH,reidin
Al Ghaf,PJFRB054,4,5000.05,2012-09-18,,nan,,HIGH,reidin
Al Basri,PJFRD046,5,5343.95,2012-09-15,,nan,,HIGH,reidin
Al Sahab,PJFRO071,4,5000.05,2012-09-13,,nan,,HIGH,reidin
Al Hamri,402,3,,2012-09-13,,4,,HIGH,reidin
Al Ghaf,PJFRB026,4,5000.05,2012-09-12,,nan,,HIGH,reidin
Al Basri,302,3,,2012-09-12,,3,,HIGH,reidin
Al Basri,PJFRF088,6,6999.98,2012-09-12,,nan,,HIGH,reidin
Al Khushkar,610,3,,2012-09-10,,6,,HIGH,reidin
Al Basri,PJFRD114,4,5000.05,2012-09-09,,nan,,HIGH,reidin
Al Fahad,PJFRL069,4,5000.05,2012-09-06,,nan,,HIGH,reidin
Al Habool,106,2,,2012-09-06,,1,,HIGH,reidin
Al Hamri,407,2,,2012-09-04,,4,,HIGH,reidin
Al Hallawi,1105,2,,2012-09-04,,LP,,HIGH,reidin
Al Anbara,510,3,,2012-08-12,,5,,HIGH,reidin
Al Habool,203,3,2156.87,2012-08-08,,2,,HIGH,reidin
Al Msalli,205,2,,2012-08-05,,2,,HIGH,reidin
Jash Falqa,602,3,,2012-07-29,,6,,HIGH,reidin
Al Hallawi,208,2,,2012-07-16,,2,,HIGH,reidin
Al Khushkar,706,2,1993.69,2012-06-28,,7,,HIGH,reidin
Al Malak,TH02,2,4097.49,2012-05-31,,LG,,HIGH,reidin
Al Ramth,1204,2,,2012-05-20,,12,,HIGH,reidin
Al Sultana,706,2,1993.69,2011-12-04,,7,,HIGH,reidin
Viceroy,BALCONY_AREA,,,,,land_size,,HIGH,reidin
Al Khayali,LARESIDENCIADELMAR,,,,,Emirates Crown Tower,,HIGH,reidin
